0 verbose cli C:\Program Files\nodejs\node.exe C:\Users\Risix\Desktop\Projects\RamirezLandscaping\.npm-cache\_npx\753985bec210f4c7\node_modules\npm\bin\npm-cli.js
1 info using npm@10.9.2
2 info using node@v24.13.0
3 silly config load:file:C:\Users\Risix\Desktop\Projects\RamirezLandscaping\.npm-cache\_npx\753985bec210f4c7\node_modules\npm\npmrc
4 silly config load:file:C:\Users\Risix\Desktop\Projects\RamirezLandscaping\.npmrc
5 silly config load:file:C:\Users\Risix\.npmrc
6 silly config load:file:C:\Users\Risix\AppData\Roaming\npm\etc\npmrc
7 verbose title npm ci
8 verbose argv "ci"
9 verbose logfile logs-max:10 dir:C:\Users\Risix\Desktop\Projects\RamirezLandscaping\.npm-cache\_logs\2026-05-10T00_18_29_680Z-
10 verbose logfile C:\Users\Risix\Desktop\Projects\RamirezLandscaping\.npm-cache\_logs\2026-05-10T00_18_29_680Z-debug-0.log
11 silly logfile start cleaning logs, removing 1 files
12 silly packumentCache heap:4496293888 maxSize:1124073472 maxEntrySize:562036736
13 silly logfile done cleaning log files
14 silly idealTree buildDeps
15 silly reify moves {}
16 verbose reify failed optional dependency C:\Users\Risix\Desktop\Projects\RamirezLandscaping\node_modules\@tailwindcss\oxide-wasm32-wasi
17 silly reify mark deleted [
17 silly reify   'C:\\Users\\Risix\\Desktop\\Projects\\RamirezLandscaping\\node_modules\\@tailwindcss\\oxide-wasm32-wasi'
17 silly reify ]
18 silly audit bulk request {
18 silly audit   '@astrojs/compiler': [ '2.13.1' ],
18 silly audit   '@astrojs/internal-helpers': [ '0.7.6' ],
18 silly audit   '@astrojs/markdown-remark': [ '6.3.11' ],
18 silly audit   '@astrojs/prism': [ '3.3.0' ],
18 silly audit   '@astrojs/sitemap': [ '3.7.2' ],
18 silly audit   '@astrojs/telemetry': [ '3.3.0' ],
18 silly audit   '@babel/helper-string-parser': [ '7.27.1' ],
18 silly audit   '@babel/helper-validator-identifier': [ '7.28.5' ],
18 silly audit   '@babel/parser': [ '7.29.3' ],
18 silly audit   '@babel/types': [ '7.29.0' ],
18 silly audit   '@capsizecss/unpack': [ '4.0.0' ],
18 silly audit   '@emnapi/core': [ '1.10.0' ],
18 silly audit   '@emnapi/runtime': [ '1.10.0' ],
18 silly audit   '@emnapi/wasi-threads': [ '1.2.1' ],
18 silly audit   '@esbuild/aix-ppc64': [ '0.27.7', '0.25.12' ],
18 silly audit   '@esbuild/android-arm': [ '0.27.7', '0.25.12' ],
18 silly audit   '@esbuild/android-arm64': [ '0.27.7', '0.25.12' ],
18 silly audit   '@esbuild/android-x64': [ '0.27.7', '0.25.12' ],
18 silly audit   '@esbuild/darwin-arm64': [ '0.27.7', '0.25.12' ],
18 silly audit   '@esbuild/darwin-x64': [ '0.27.7', '0.25.12' ],
18 silly audit   '@esbuild/freebsd-arm64': [ '0.27.7', '0.25.12' ],
18 silly audit   '@esbuild/freebsd-x64': [ '0.27.7', '0.25.12' ],
18 silly audit   '@esbuild/linux-arm': [ '0.27.7', '0.25.12' ],
18 silly audit   '@esbuild/linux-arm64': [ '0.27.7', '0.25.12' ],
18 silly audit   '@esbuild/linux-ia32': [ '0.27.7', '0.25.12' ],
18 silly audit   '@esbuild/linux-loong64': [ '0.27.7', '0.25.12' ],
18 silly audit   '@esbuild/linux-mips64el': [ '0.27.7', '0.25.12' ],
18 silly audit   '@esbuild/linux-ppc64': [ '0.27.7', '0.25.12' ],
18 silly audit   '@esbuild/linux-riscv64': [ '0.27.7', '0.25.12' ],
18 silly audit   '@esbuild/linux-s390x': [ '0.27.7', '0.25.12' ],
18 silly audit   '@esbuild/linux-x64': [ '0.27.7', '0.25.12' ],
18 silly audit   '@esbuild/netbsd-arm64': [ '0.27.7', '0.25.12' ],
18 silly audit   '@esbuild/netbsd-x64': [ '0.27.7', '0.25.12' ],
18 silly audit   '@esbuild/openbsd-arm64': [ '0.27.7', '0.25.12' ],
18 silly audit   '@esbuild/openbsd-x64': [ '0.27.7', '0.25.12' ],
18 silly audit   '@esbuild/openharmony-arm64': [ '0.27.7', '0.25.12' ],
18 silly audit   '@esbuild/sunos-x64': [ '0.27.7', '0.25.12' ],
18 silly audit   '@esbuild/win32-arm64': [ '0.27.7', '0.25.12' ],
18 silly audit   '@esbuild/win32-ia32': [ '0.27.7', '0.25.12' ],
18 silly audit   '@esbuild/win32-x64': [ '0.27.7', '0.25.12' ],
18 silly audit   '@img/colour': [ '1.1.0' ],
18 silly audit   '@img/sharp-darwin-arm64': [ '0.34.5' ],
18 silly audit   '@img/sharp-darwin-x64': [ '0.34.5' ],
18 silly audit   '@img/sharp-libvips-darwin-arm64': [ '1.2.4' ],
18 silly audit   '@img/sharp-libvips-darwin-x64': [ '1.2.4' ],
18 silly audit   '@img/sharp-libvips-linux-arm': [ '1.2.4' ],
18 silly audit   '@img/sharp-libvips-linux-arm64': [ '1.2.4' ],
18 silly audit   '@img/sharp-libvips-linux-ppc64': [ '1.2.4' ],
18 silly audit   '@img/sharp-libvips-linux-riscv64': [ '1.2.4' ],
18 silly audit   '@img/sharp-libvips-linux-s390x': [ '1.2.4' ],
18 silly audit   '@img/sharp-libvips-linux-x64': [ '1.2.4' ],
18 silly audit   '@img/sharp-libvips-linuxmusl-arm64': [ '1.2.4' ],
18 silly audit   '@img/sharp-libvips-linuxmusl-x64': [ '1.2.4' ],
18 silly audit   '@img/sharp-linux-arm': [ '0.34.5' ],
18 silly audit   '@img/sharp-linux-arm64': [ '0.34.5' ],
18 silly audit   '@img/sharp-linux-ppc64': [ '0.34.5' ],
18 silly audit   '@img/sharp-linux-riscv64': [ '0.34.5' ],
18 silly audit   '@img/sharp-linux-s390x': [ '0.34.5' ],
18 silly audit   '@img/sharp-linux-x64': [ '0.34.5' ],
18 silly audit   '@img/sharp-linuxmusl-arm64': [ '0.34.5' ],
18 silly audit   '@img/sharp-linuxmusl-x64': [ '0.34.5' ],
18 silly audit   '@img/sharp-wasm32': [ '0.34.5' ],
18 silly audit   '@img/sharp-win32-arm64': [ '0.34.5' ],
18 silly audit   '@img/sharp-win32-ia32': [ '0.34.5' ],
18 silly audit   '@img/sharp-win32-x64': [ '0.34.5' ],
18 silly audit   '@jridgewell/gen-mapping': [ '0.3.13' ],
18 silly audit   '@jridgewell/remapping': [ '2.3.5' ],
18 silly audit   '@jridgewell/resolve-uri': [ '3.1.2' ],
18 silly audit   '@jridgewell/sourcemap-codec': [ '1.5.5' ],
18 silly audit   '@jridgewell/trace-mapping': [ '0.3.31' ],
18 silly audit   '@napi-rs/wasm-runtime': [ '1.1.4' ],
18 silly audit   '@oslojs/encoding': [ '1.1.0' ],
18 silly audit   '@oxc-project/types': [ '0.128.0' ],
18 silly audit   '@rolldown/binding-android-arm64': [ '1.0.0-rc.18' ],
18 silly audit   '@rolldown/binding-darwin-arm64': [ '1.0.0-rc.18' ],
18 silly audit   '@rolldown/binding-darwin-x64': [ '1.0.0-rc.18' ],
18 silly audit   '@rolldown/binding-freebsd-x64': [ '1.0.0-rc.18' ],
18 silly audit   '@rolldown/binding-linux-arm-gnueabihf': [ '1.0.0-rc.18' ],
18 silly audit   '@rolldown/binding-linux-arm64-gnu': [ '1.0.0-rc.18' ],
18 silly audit   '@rolldown/binding-linux-arm64-musl': [ '1.0.0-rc.18' ],
18 silly audit   '@rolldown/binding-linux-ppc64-gnu': [ '1.0.0-rc.18' ],
18 silly audit   '@rolldown/binding-linux-s390x-gnu': [ '1.0.0-rc.18' ],
18 silly audit   '@rolldown/binding-linux-x64-gnu': [ '1.0.0-rc.18' ],
18 silly audit   '@rolldown/binding-linux-x64-musl': [ '1.0.0-rc.18' ],
18 silly audit   '@rolldown/binding-openharmony-arm64': [ '1.0.0-rc.18' ],
18 silly audit   '@rolldown/binding-wasm32-wasi': [ '1.0.0-rc.18' ],
18 silly audit   '@rolldown/binding-win32-arm64-msvc': [ '1.0.0-rc.18' ],
18 silly audit   '@rolldown/binding-win32-x64-msvc': [ '1.0.0-rc.18' ],
18 silly audit   '@rolldown/pluginutils': [ '1.0.0-rc.18' ],
18 silly audit   '@rollup/pluginutils': [ '5.3.0' ],
18 silly audit   'estree-walker': [ '2.0.2', '3.0.3' ],
18 silly audit   '@rollup/rollup-android-arm-eabi': [ '4.60.3' ],
18 silly audit   '@rollup/rollup-android-arm64': [ '4.60.3' ],
18 silly audit   '@rollup/rollup-darwin-arm64': [ '4.60.3' ],
18 silly audit   '@rollup/rollup-darwin-x64': [ '4.60.3' ],
18 silly audit   '@rollup/rollup-freebsd-arm64': [ '4.60.3' ],
18 silly audit   '@rollup/rollup-freebsd-x64': [ '4.60.3' ],
18 silly audit   '@rollup/rollup-linux-arm-gnueabihf': [ '4.60.3' ],
18 silly audit   '@rollup/rollup-linux-arm-musleabihf': [ '4.60.3' ],
18 silly audit   '@rollup/rollup-linux-arm64-gnu': [ '4.60.3' ],
18 silly audit   '@rollup/rollup-linux-arm64-musl': [ '4.60.3' ],
18 silly audit   '@rollup/rollup-linux-loong64-gnu': [ '4.60.3' ],
18 silly audit   '@rollup/rollup-linux-loong64-musl': [ '4.60.3' ],
18 silly audit   '@rollup/rollup-linux-ppc64-gnu': [ '4.60.3' ],
18 silly audit   '@rollup/rollup-linux-ppc64-musl': [ '4.60.3' ],
18 silly audit   '@rollup/rollup-linux-riscv64-gnu': [ '4.60.3' ],
18 silly audit   '@rollup/rollup-linux-riscv64-musl': [ '4.60.3' ],
18 silly audit   '@rollup/rollup-linux-s390x-gnu': [ '4.60.3' ],
18 silly audit   '@rollup/rollup-linux-x64-gnu': [ '4.60.3' ],
18 silly audit   '@rollup/rollup-linux-x64-musl': [ '4.60.3' ],
18 silly audit   '@rollup/rollup-openbsd-x64': [ '4.60.3' ],
18 silly audit   '@rollup/rollup-openharmony-arm64': [ '4.60.3' ],
18 silly audit   '@rollup/rollup-win32-arm64-msvc': [ '4.60.3' ],
18 silly audit   '@rollup/rollup-win32-ia32-msvc': [ '4.60.3' ],
18 silly audit   '@rollup/rollup-win32-x64-gnu': [ '4.60.3' ],
18 silly audit   '@rollup/rollup-win32-x64-msvc': [ '4.60.3' ],
18 silly audit   '@shikijs/core': [ '3.23.0' ],
18 silly audit   '@shikijs/engine-javascript': [ '3.23.0' ],
18 silly audit   '@shikijs/engine-oniguruma': [ '3.23.0' ],
18 silly audit   '@shikijs/langs': [ '3.23.0' ],
18 silly audit   '@shikijs/themes': [ '3.23.0' ],
18 silly audit   '@shikijs/types': [ '3.23.0' ],
18 silly audit   '@shikijs/vscode-textmate': [ '10.0.2' ],
18 silly audit   '@tailwindcss/node': [ '4.3.0' ],
18 silly audit   '@tailwindcss/oxide': [ '4.3.0' ],
18 silly audit   '@tailwindcss/oxide-android-arm64': [ '4.3.0' ],
18 silly audit   '@tailwindcss/oxide-darwin-arm64': [ '4.3.0' ],
18 silly audit   '@tailwindcss/oxide-darwin-x64': [ '4.3.0' ],
18 silly audit   '@tailwindcss/oxide-freebsd-x64': [ '4.3.0' ],
18 silly audit   '@tailwindcss/oxide-linux-arm-gnueabihf': [ '4.3.0' ],
18 silly audit   '@tailwindcss/oxide-linux-arm64-gnu': [ '4.3.0' ],
18 silly audit   '@tailwindcss/oxide-linux-arm64-musl': [ '4.3.0' ],
18 silly audit   '@tailwindcss/oxide-linux-x64-gnu': [ '4.3.0' ],
18 silly audit   '@tailwindcss/oxide-linux-x64-musl': [ '4.3.0' ],
18 silly audit   '@tailwindcss/oxide-win32-arm64-msvc': [ '4.3.0' ],
18 silly audit   '@tailwindcss/oxide-win32-x64-msvc': [ '4.3.0' ],
18 silly audit   '@tailwindcss/vite': [ '4.3.0' ],
18 silly audit   '@tybys/wasm-util': [ '0.10.2' ],
18 silly audit   '@types/debug': [ '4.1.13' ],
18 silly audit   '@types/estree': [ '1.0.9', '1.0.8' ],
18 silly audit   '@types/hast': [ '3.0.4' ],
18 silly audit   '@types/mdast': [ '4.0.4' ],
18 silly audit   '@types/ms': [ '2.1.0' ],
18 silly audit   '@types/nlcst': [ '2.0.3' ],
18 silly audit   '@types/node': [ '24.12.3' ],
18 silly audit   '@types/sax': [ '1.2.7' ],
18 silly audit   '@types/unist': [ '3.0.3' ],
18 silly audit   '@ungap/structured-clone': [ '1.3.1' ],
18 silly audit   acorn: [ '8.16.0' ],
18 silly audit   'ansi-align': [ '3.0.1' ],
18 silly audit   'ansi-regex': [ '5.0.1', '6.2.2' ],
18 silly audit   'emoji-regex': [ '8.0.0', '10.6.0' ],
18 silly audit   'string-width': [ '4.2.3', '7.2.0' ],
18 silly audit   'strip-ansi': [ '6.0.1', '7.2.0' ],
18 silly audit   'ansi-styles': [ '6.2.3' ],
18 silly audit   anymatch: [ '3.1.3' ],
18 silly audit   picomatch: [ '2.3.2', '4.0.4' ],
18 silly audit   arg: [ '5.0.2' ],
18 silly audit   argparse: [ '2.0.1' ],
18 silly audit   'aria-query': [ '5.3.2' ],
18 silly audit   'array-iterate': [ '2.0.1' ],
18 silly audit   astro: [ '5.18.1' ],
18 silly audit   fsevents: [ '2.3.3', '2.3.2' ],
18 silly audit   vite: [ '6.4.2', '8.0.11' ],
18 silly audit   esbuild: [ '0.25.12', '0.27.7' ],
18 silly audit   zod: [ '3.25.76', '4.4.3' ],
18 silly audit   'zod-to-ts': [ '1.2.0' ],
18 silly audit   'axobject-query': [ '4.1.0' ],
18 silly audit   bail: [ '2.0.2' ],
18 silly audit   'base-64': [ '1.0.0' ],
18 silly audit   boolbase: [ '1.0.0' ],
18 silly audit   boxen: [ '8.0.1' ],
18 silly audit   camelcase: [ '8.0.0' ],
18 silly audit   ccount: [ '2.0.1' ],
18 silly audit   chalk: [ '5.6.2' ],
18 silly audit   'character-entities': [ '2.0.2' ],
18 silly audit   'character-entities-html4': [ '2.1.0' ],
18 silly audit   'character-entities-legacy': [ '3.0.0' ],
18 silly audit   chokidar: [ '5.0.0' ],
18 silly audit   'ci-info': [ '4.4.0' ],
18 silly audit   'cli-boxes': [ '3.0.0' ],
18 silly audit   clsx: [ '2.1.1' ],
18 silly audit   'comma-separated-tokens': [ '2.0.3' ],
18 silly audit   commander: [ '11.1.0' ],
18 silly audit   'common-ancestor-path': [ '1.0.1' ],
18 silly audit   cookie: [ '1.1.1' ],
18 silly audit   'cookie-es': [ '1.2.3' ],
18 silly audit   crossws: [ '0.3.5' ],
18 silly audit   'css-select': [ '5.2.2' ],
18 silly audit   'css-tree': [ '3.2.1', '2.2.1' ],
18 silly audit   'css-what': [ '6.2.2' ],
18 silly audit   cssesc: [ '3.0.0' ],
18 silly audit   csso: [ '5.0.5' ],
18 silly audit   'mdn-data': [ '2.0.28', '2.27.1' ],
18 silly audit   debug: [ '4.4.3' ],
18 silly audit   'decode-named-character-reference': [ '1.3.0' ],
18 silly audit   defu: [ '6.1.7' ],
18 silly audit   dequal: [ '2.0.3' ],
18 silly audit   destr: [ '2.0.5' ],
18 silly audit   'detect-libc': [ '2.1.2' ],
18 silly audit   'deterministic-object-hash': [ '2.0.2' ],
18 silly audit   devalue: [ '5.8.0' ],
18 silly audit   devlop: [ '1.1.0' ],
18 silly audit   diff: [ '8.0.4' ],
18 silly audit   dlv: [ '1.1.3' ],
18 silly audit   'dom-serializer': [ '2.0.0' ],
18 silly audit   entities: [ '4.5.0', '6.0.1' ],
18 silly audit   domelementtype: [ '2.3.0' ],
18 silly audit   domhandler: [ '5.0.3' ],
18 silly audit   domutils: [ '3.2.2' ],
18 silly audit   dset: [ '3.1.4' ],
18 silly audit   'enhanced-resolve': [ '5.21.2' ],
18 silly audit   'es-module-lexer': [ '1.7.0' ],
18 silly audit   'escape-string-regexp': [ '5.0.0' ],
18 silly audit   eventemitter3: [ '5.0.4' ],
18 silly audit   extend: [ '3.0.2' ],
18 silly audit   fdir: [ '6.5.0' ],
18 silly audit   flattie: [ '1.1.1' ],
18 silly audit   fontace: [ '0.4.1' ],
18 silly audit   fontkitten: [ '1.0.3' ],
18 silly audit   'get-east-asian-width': [ '1.6.0' ],
18 silly audit   'github-slugger': [ '2.0.0' ],
18 silly audit   'graceful-fs': [ '4.2.11' ],
18 silly audit   h3: [ '1.15.11' ],
18 silly audit   'hast-util-from-html': [ '2.0.3' ],
18 silly audit   'hast-util-from-parse5': [ '8.0.3' ],
18 silly audit   'hast-util-is-element': [ '3.0.0' ],
18 silly audit   'hast-util-parse-selector': [ '4.0.0' ],
18 silly audit   'hast-util-raw': [ '9.1.0' ],
18 silly audit   'hast-util-to-html': [ '9.0.5' ],
18 silly audit   'hast-util-to-parse5': [ '8.0.1' ],
18 silly audit   'hast-util-to-text': [ '4.0.2' ],
18 silly audit   'hast-util-whitespace': [ '3.0.0' ],
18 silly audit   hastscript: [ '9.0.1' ],
18 silly audit   'html-escaper': [ '3.0.3' ],
18 silly audit   'html-void-elements': [ '3.0.0' ],
18 silly audit   'http-cache-semantics': [ '4.2.0' ],
18 silly audit   'import-meta-resolve': [ '4.2.0' ],
18 silly audit   'iron-webcrypto': [ '1.2.1' ],
18 silly audit   'is-docker': [ '3.0.0' ],
18 silly audit   'is-fullwidth-code-point': [ '3.0.0' ],
18 silly audit   'is-inside-container': [ '1.0.0' ],
18 silly audit   'is-plain-obj': [ '4.1.0' ],
18 silly audit   'is-wsl': [ '3.1.1' ],
18 silly audit   jiti: [ '2.7.0' ],
18 silly audit   'js-yaml': [ '4.1.1' ],
18 silly audit   kleur: [ '3.0.3' ],
18 silly audit   lightningcss: [ '1.32.0' ],
18 silly audit   'lightningcss-android-arm64': [ '1.32.0' ],
18 silly audit   'lightningcss-darwin-arm64': [ '1.32.0' ],
18 silly audit   'lightningcss-darwin-x64': [ '1.32.0' ],
18 silly audit   'lightningcss-freebsd-x64': [ '1.32.0' ],
18 silly audit   'lightningcss-linux-arm-gnueabihf': [ '1.32.0' ],
18 silly audit   'lightningcss-linux-arm64-gnu': [ '1.32.0' ],
18 silly audit   'lightningcss-linux-arm64-musl': [ '1.32.0' ],
18 silly audit   'lightningcss-linux-x64-gnu': [ '1.32.0' ],
18 silly audit   'lightningcss-linux-x64-musl': [ '1.32.0' ],
18 silly audit   'lightningcss-win32-arm64-msvc': [ '1.32.0' ],
18 silly audit   'lightningcss-win32-x64-msvc': [ '1.32.0' ],
18 silly audit   'longest-streak': [ '3.1.0' ],
18 silly audit   'lru-cache': [ '11.3.6' ],
18 silly audit   'magic-string': [ '0.30.21' ],
18 silly audit   magicast: [ '0.5.2' ],
18 silly audit   'markdown-table': [ '3.0.4' ],
18 silly audit   'mdast-util-definitions': [ '6.0.0' ],
18 silly audit   'mdast-util-find-and-replace': [ '3.0.2' ],
18 silly audit   'mdast-util-from-markdown': [ '2.0.3' ],
18 silly audit   'mdast-util-gfm': [ '3.1.0' ],
18 silly audit   'mdast-util-gfm-autolink-literal': [ '2.0.1' ],
18 silly audit   'mdast-util-gfm-footnote': [ '2.1.0' ],
18 silly audit   'mdast-util-gfm-strikethrough': [ '2.0.0' ],
18 silly audit   'mdast-util-gfm-table': [ '2.0.0' ],
18 silly audit   'mdast-util-gfm-task-list-item': [ '2.0.0' ],
18 silly audit   'mdast-util-phrasing': [ '4.1.0' ],
18 silly audit   'mdast-util-to-hast': [ '13.2.1' ],
18 silly audit   'mdast-util-to-markdown': [ '2.1.2' ],
18 silly audit   'mdast-util-to-string': [ '4.0.0' ],
18 silly audit   micromark: [ '4.0.2' ],
18 silly audit   'micromark-core-commonmark': [ '2.0.3' ],
18 silly audit   'micromark-extension-gfm': [ '3.0.0' ],
18 silly audit   'micromark-extension-gfm-autolink-literal': [ '2.1.0' ],
18 silly audit   'micromark-extension-gfm-footnote': [ '2.1.0' ],
18 silly audit   'micromark-extension-gfm-strikethrough': [ '2.1.0' ],
18 silly audit   'micromark-extension-gfm-table': [ '2.1.1' ],
18 silly audit   'micromark-extension-gfm-tagfilter': [ '2.0.0' ],
18 silly audit   'micromark-extension-gfm-task-list-item': [ '2.1.0' ],
18 silly audit   'micromark-factory-destination': [ '2.0.1' ],
18 silly audit   'micromark-factory-label': [ '2.0.1' ],
18 silly audit   'micromark-factory-space': [ '2.0.1' ],
18 silly audit   'micromark-factory-title': [ '2.0.1' ],
18 silly audit   'micromark-factory-whitespace': [ '2.0.1' ],
18 silly audit   'micromark-util-character': [ '2.1.1' ],
18 silly audit   'micromark-util-chunked': [ '2.0.1' ],
18 silly audit   'micromark-util-classify-character': [ '2.0.1' ],
18 silly audit   'micromark-util-combine-extensions': [ '2.0.1' ],
18 silly audit   'micromark-util-decode-numeric-character-reference': [ '2.0.2' ],
18 silly audit   'micromark-util-decode-string': [ '2.0.1' ],
18 silly audit   'micromark-util-encode': [ '2.0.1' ],
18 silly audit   'micromark-util-html-tag-name': [ '2.0.1' ],
18 silly audit   'micromark-util-normalize-identifier': [ '2.0.1' ],
18 silly audit   'micromark-util-resolve-all': [ '2.0.1' ],
18 silly audit   'micromark-util-sanitize-uri': [ '2.0.1' ],
18 silly audit   'micromark-util-subtokenize': [ '2.1.0' ],
18 silly audit   'micromark-util-symbol': [ '2.0.1' ],
18 silly audit   'micromark-util-types': [ '2.0.2' ],
18 silly audit   mrmime: [ '2.0.1' ],
18 silly audit   ms: [ '2.1.3' ],
18 silly audit   nanoid: [ '3.3.12' ],
18 silly audit   neotraverse: [ '0.6.18' ],
18 silly audit   'nlcst-to-string': [ '4.0.0' ],
18 silly audit   'node-fetch-native': [ '1.6.7' ],
18 silly audit   'node-mock-http': [ '1.0.4' ],
18 silly audit   'normalize-path': [ '3.0.0' ],
18 silly audit   'nth-check': [ '2.1.1' ],
18 silly audit   ofetch: [ '1.5.1' ],
18 silly audit   ohash: [ '2.0.11' ],
18 silly audit   'oniguruma-parser': [ '0.12.2' ],
18 silly audit   'oniguruma-to-es': [ '4.3.6' ],
18 silly audit   'p-limit': [ '6.2.0' ],
18 silly audit   'p-queue': [ '8.1.1' ],
18 silly audit   'p-timeout': [ '6.1.4' ],
18 silly audit   'package-manager-detector': [ '1.6.0' ],
18 silly audit   'parse-latin': [ '7.0.0' ],
18 silly audit   parse5: [ '7.3.0' ],
18 silly audit   piccolore: [ '0.1.3' ],
18 silly audit   picocolors: [ '1.1.1' ],
18 silly audit   playwright: [ '1.59.1' ],
18 silly audit   'playwright-core': [ '1.59.1' ],
18 silly audit   postcss: [ '8.5.14' ],
18 silly audit   prismjs: [ '1.30.0' ],
18 silly audit   prompts: [ '2.4.2' ],
18 silly audit   'property-information': [ '7.1.0' ],
18 silly audit   radix3: [ '1.1.2' ],
18 silly audit   readdirp: [ '5.0.0' ],
18 silly audit   regex: [ '6.1.0' ],
18 silly audit   'regex-recursion': [ '6.0.2' ],
18 silly audit   'regex-utilities': [ '2.3.0' ],
18 silly audit   rehype: [ '13.0.2' ],
18 silly audit   'rehype-parse': [ '9.0.1' ],
18 silly audit   'rehype-raw': [ '7.0.0' ],
18 silly audit   'rehype-stringify': [ '10.0.1' ],
18 silly audit   'remark-gfm': [ '4.0.1' ],
18 silly audit   'remark-parse': [ '11.0.0' ],
18 silly audit   'remark-rehype': [ '11.1.2' ],
18 silly audit   'remark-smartypants': [ '3.0.2' ],
18 silly audit   'remark-stringify': [ '11.0.0' ],
18 silly audit   retext: [ '9.0.0' ],
18 silly audit   'retext-latin': [ '4.0.0' ],
18 silly audit   'retext-smartypants': [ '6.2.0' ],
18 silly audit   'retext-stringify': [ '4.0.0' ],
18 silly audit   rolldown: [ '1.0.0-rc.18' ],
18 silly audit   rollup: [ '4.60.3' ],
18 silly audit   sax: [ '1.6.0' ],
18 silly audit   semver: [ '7.8.0' ],
18 silly audit   sharp: [ '0.34.5' ],
18 silly audit   shiki: [ '3.23.0' ],
18 silly audit   sisteransi: [ '1.0.5' ],
18 silly audit   sitemap: [ '9.0.1' ],
18 silly audit   'smol-toml': [ '1.6.1' ],
18 silly audit   'source-map-js': [ '1.2.1' ],
18 silly audit   'space-separated-tokens': [ '2.0.2' ],
18 silly audit   'stream-replace-string': [ '2.0.0' ],
18 silly audit   'stringify-entities': [ '4.0.4' ],
18 silly audit   svgo: [ '4.0.1' ],
18 silly audit   tailwindcss: [ '4.3.0' ],
18 silly audit   tapable: [ '2.3.3' ],
18 silly audit   'tiny-inflate': [ '1.0.3' ],
18 silly audit   tinyexec: [ '1.1.2' ],
18 silly audit   tinyglobby: [ '0.2.16' ],
18 silly audit   'trim-lines': [ '3.0.1' ],
18 silly audit   trough: [ '2.2.0' ],
18 silly audit   tsconfck: [ '3.1.6' ],
18 silly audit   tslib: [ '2.8.1' ],
18 silly audit   'type-fest': [ '4.41.0' ],
18 silly audit   typescript: [ '5.9.3' ],
18 silly audit   ufo: [ '1.6.4' ],
18 silly audit   ultrahtml: [ '1.6.0' ],
18 silly audit   uncrypto: [ '0.1.3' ],
18 silly audit   'undici-types': [ '7.16.0' ],
18 silly audit   unified: [ '11.0.5' ],
18 silly audit   unifont: [ '0.7.4' ],
18 silly audit   'unist-util-find-after': [ '5.0.0' ],
18 silly audit   'unist-util-is': [ '6.0.1' ],
18 silly audit   'unist-util-modify-children': [ '4.0.0' ],
18 silly audit   'unist-util-position': [ '5.0.0' ],
18 silly audit   'unist-util-remove-position': [ '5.0.0' ],
18 silly audit   'unist-util-stringify-position': [ '4.0.0' ],
18 silly audit   'unist-util-visit': [ '5.1.0' ],
18 silly audit   'unist-util-visit-children': [ '3.0.0' ],
18 silly audit   'unist-util-visit-parents': [ '6.0.2' ],
18 silly audit   unstorage: [ '1.17.5' ],
18 silly audit   vfile: [ '6.0.3' ],
18 silly audit   'vfile-location': [ '5.0.3' ],
18 silly audit   'vfile-message': [ '4.0.3' ],
18 silly audit   vitefu: [ '1.1.3' ],
18 silly audit   'web-namespaces': [ '2.0.1' ],
18 silly audit   'which-pm-runs': [ '1.1.0' ],
18 silly audit   'widest-line': [ '5.0.0' ],
18 silly audit   'wrap-ansi': [ '9.0.2' ],
18 silly audit   'xxhash-wasm': [ '1.1.0' ],
18 silly audit   'yargs-parser': [ '21.1.1' ],
18 silly audit   'yocto-queue': [ '1.2.2' ],
18 silly audit   'yocto-spinner': [ '0.2.3' ],
18 silly audit   yoctocolors: [ '2.1.2' ],
18 silly audit   'zod-to-json-schema': [ '3.25.2' ],
18 silly audit   zwitch: [ '2.0.4' ],
18 silly audit   '@tailwindcss/oxide-wasm32-wasi': [ '4.3.0' ]
18 silly audit }
19 verbose reify failed optional dependency C:\Users\Risix\Desktop\Projects\RamirezLandscaping\node_modules\vite\node_modules\fsevents
20 silly reify mark deleted [
20 silly reify   'C:\\Users\\Risix\\Desktop\\Projects\\RamirezLandscaping\\node_modules\\vite\\node_modules\\fsevents'
20 silly reify ]
21 verbose reify failed optional dependency C:\Users\Risix\Desktop\Projects\RamirezLandscaping\node_modules\lightningcss-win32-arm64-msvc
22 silly reify mark deleted [
22 silly reify   'C:\\Users\\Risix\\Desktop\\Projects\\RamirezLandscaping\\node_modules\\lightningcss-win32-arm64-msvc'
22 silly reify ]
23 verbose reify failed optional dependency C:\Users\Risix\Desktop\Projects\RamirezLandscaping\node_modules\lightningcss-linux-x64-musl
24 silly reify mark deleted [
24 silly reify   'C:\\Users\\Risix\\Desktop\\Projects\\RamirezLandscaping\\node_modules\\lightningcss-linux-x64-musl'
24 silly reify ]
25 verbose reify failed optional dependency C:\Users\Risix\Desktop\Projects\RamirezLandscaping\node_modules\lightningcss-linux-x64-gnu
26 silly reify mark deleted [
26 silly reify   'C:\\Users\\Risix\\Desktop\\Projects\\RamirezLandscaping\\node_modules\\lightningcss-linux-x64-gnu'
26 silly reify ]
27 verbose reify failed optional dependency C:\Users\Risix\Desktop\Projects\RamirezLandscaping\node_modules\lightningcss-linux-arm64-musl
28 silly reify mark deleted [
28 silly reify   'C:\\Users\\Risix\\Desktop\\Projects\\RamirezLandscaping\\node_modules\\lightningcss-linux-arm64-musl'
28 silly reify ]
29 verbose reify failed optional dependency C:\Users\Risix\Desktop\Projects\RamirezLandscaping\node_modules\lightningcss-linux-arm64-gnu
30 silly reify mark deleted [
30 silly reify   'C:\\Users\\Risix\\Desktop\\Projects\\RamirezLandscaping\\node_modules\\lightningcss-linux-arm64-gnu'
30 silly reify ]
31 verbose reify failed optional dependency C:\Users\Risix\Desktop\Projects\RamirezLandscaping\node_modules\lightningcss-linux-arm-gnueabihf
32 silly reify mark deleted [
32 silly reify   'C:\\Users\\Risix\\Desktop\\Projects\\RamirezLandscaping\\node_modules\\lightningcss-linux-arm-gnueabihf'
32 silly reify ]
33 verbose reify failed optional dependency C:\Users\Risix\Desktop\Projects\RamirezLandscaping\node_modules\lightningcss-freebsd-x64
34 silly reify mark deleted [
34 silly reify   'C:\\Users\\Risix\\Desktop\\Projects\\RamirezLandscaping\\node_modules\\lightningcss-freebsd-x64'
34 silly reify ]
35 verbose reify failed optional dependency C:\Users\Risix\Desktop\Projects\RamirezLandscaping\node_modules\lightningcss-darwin-x64
36 silly reify mark deleted [
36 silly reify   'C:\\Users\\Risix\\Desktop\\Projects\\RamirezLandscaping\\node_modules\\lightningcss-darwin-x64'
36 silly reify ]
37 verbose reify failed optional dependency C:\Users\Risix\Desktop\Projects\RamirezLandscaping\node_modules\lightningcss-darwin-arm64
38 silly reify mark deleted [
38 silly reify   'C:\\Users\\Risix\\Desktop\\Projects\\RamirezLandscaping\\node_modules\\lightningcss-darwin-arm64'
38 silly reify ]
39 verbose reify failed optional dependency C:\Users\Risix\Desktop\Projects\RamirezLandscaping\node_modules\lightningcss-android-arm64
40 silly reify mark deleted [
40 silly reify   'C:\\Users\\Risix\\Desktop\\Projects\\RamirezLandscaping\\node_modules\\lightningcss-android-arm64'
40 silly reify ]
41 verbose reify failed optional dependency C:\Users\Risix\Desktop\Projects\RamirezLandscaping\node_modules\fsevents
42 silly reify mark deleted [
42 silly reify   'C:\\Users\\Risix\\Desktop\\Projects\\RamirezLandscaping\\node_modules\\fsevents'
42 silly reify ]
43 verbose reify failed optional dependency C:\Users\Risix\Desktop\Projects\RamirezLandscaping\node_modules\astro\node_modules\fsevents
44 silly reify mark deleted [
44 silly reify   'C:\\Users\\Risix\\Desktop\\Projects\\RamirezLandscaping\\node_modules\\astro\\node_modules\\fsevents'
44 silly reify ]
45 verbose reify failed optional dependency C:\Users\Risix\Desktop\Projects\RamirezLandscaping\node_modules\astro\node_modules\@esbuild\win32-ia32
46 silly reify mark deleted [
46 silly reify   'C:\\Users\\Risix\\Desktop\\Projects\\RamirezLandscaping\\node_modules\\astro\\node_modules\\@esbuild\\win32-ia32'
46 silly reify ]
47 verbose reify failed optional dependency C:\Users\Risix\Desktop\Projects\RamirezLandscaping\node_modules\astro\node_modules\@esbuild\win32-arm64
48 silly reify mark deleted [
48 silly reify   'C:\\Users\\Risix\\Desktop\\Projects\\RamirezLandscaping\\node_modules\\astro\\node_modules\\@esbuild\\win32-arm64'
48 silly reify ]
49 verbose reify failed optional dependency C:\Users\Risix\Desktop\Projects\RamirezLandscaping\node_modules\astro\node_modules\@esbuild\sunos-x64
50 silly reify mark deleted [
50 silly reify   'C:\\Users\\Risix\\Desktop\\Projects\\RamirezLandscaping\\node_modules\\astro\\node_modules\\@esbuild\\sunos-x64'
50 silly reify ]
51 verbose reify failed optional dependency C:\Users\Risix\Desktop\Projects\RamirezLandscaping\node_modules\astro\node_modules\@esbuild\openharmony-arm64
52 silly reify mark deleted [
52 silly reify   'C:\\Users\\Risix\\Desktop\\Projects\\RamirezLandscaping\\node_modules\\astro\\node_modules\\@esbuild\\openharmony-arm64'
52 silly reify ]
53 verbose reify failed optional dependency C:\Users\Risix\Desktop\Projects\RamirezLandscaping\node_modules\astro\node_modules\@esbuild\openbsd-x64
54 silly reify mark deleted [
54 silly reify   'C:\\Users\\Risix\\Desktop\\Projects\\RamirezLandscaping\\node_modules\\astro\\node_modules\\@esbuild\\openbsd-x64'
54 silly reify ]
55 verbose reify failed optional dependency C:\Users\Risix\Desktop\Projects\RamirezLandscaping\node_modules\astro\node_modules\@esbuild\openbsd-arm64
56 silly reify mark deleted [
56 silly reify   'C:\\Users\\Risix\\Desktop\\Projects\\RamirezLandscaping\\node_modules\\astro\\node_modules\\@esbuild\\openbsd-arm64'
56 silly reify ]
57 verbose reify failed optional dependency C:\Users\Risix\Desktop\Projects\RamirezLandscaping\node_modules\astro\node_modules\@esbuild\netbsd-x64
58 silly reify mark deleted [
58 silly reify   'C:\\Users\\Risix\\Desktop\\Projects\\RamirezLandscaping\\node_modules\\astro\\node_modules\\@esbuild\\netbsd-x64'
58 silly reify ]
59 verbose reify failed optional dependency C:\Users\Risix\Desktop\Projects\RamirezLandscaping\node_modules\astro\node_modules\@esbuild\netbsd-arm64
60 silly reify mark deleted [
60 silly reify   'C:\\Users\\Risix\\Desktop\\Projects\\RamirezLandscaping\\node_modules\\astro\\node_modules\\@esbuild\\netbsd-arm64'
60 silly reify ]
61 verbose reify failed optional dependency C:\Users\Risix\Desktop\Projects\RamirezLandscaping\node_modules\astro\node_modules\@esbuild\linux-x64
62 silly reify mark deleted [
62 silly reify   'C:\\Users\\Risix\\Desktop\\Projects\\RamirezLandscaping\\node_modules\\astro\\node_modules\\@esbuild\\linux-x64'
62 silly reify ]
63 verbose reify failed optional dependency C:\Users\Risix\Desktop\Projects\RamirezLandscaping\node_modules\astro\node_modules\@esbuild\linux-s390x
64 silly reify mark deleted [
64 silly reify   'C:\\Users\\Risix\\Desktop\\Projects\\RamirezLandscaping\\node_modules\\astro\\node_modules\\@esbuild\\linux-s390x'
64 silly reify ]
65 verbose reify failed optional dependency C:\Users\Risix\Desktop\Projects\RamirezLandscaping\node_modules\astro\node_modules\@esbuild\linux-riscv64
66 silly reify mark deleted [
66 silly reify   'C:\\Users\\Risix\\Desktop\\Projects\\RamirezLandscaping\\node_modules\\astro\\node_modules\\@esbuild\\linux-riscv64'
66 silly reify ]
67 verbose reify failed optional dependency C:\Users\Risix\Desktop\Projects\RamirezLandscaping\node_modules\astro\node_modules\@esbuild\linux-ppc64
68 silly reify mark deleted [
68 silly reify   'C:\\Users\\Risix\\Desktop\\Projects\\RamirezLandscaping\\node_modules\\astro\\node_modules\\@esbuild\\linux-ppc64'
68 silly reify ]
69 verbose reify failed optional dependency C:\Users\Risix\Desktop\Projects\RamirezLandscaping\node_modules\astro\node_modules\@esbuild\linux-mips64el
70 silly reify mark deleted [
70 silly reify   'C:\\Users\\Risix\\Desktop\\Projects\\RamirezLandscaping\\node_modules\\astro\\node_modules\\@esbuild\\linux-mips64el'
70 silly reify ]
71 verbose reify failed optional dependency C:\Users\Risix\Desktop\Projects\RamirezLandscaping\node_modules\astro\node_modules\@esbuild\linux-loong64
72 silly reify mark deleted [
72 silly reify   'C:\\Users\\Risix\\Desktop\\Projects\\RamirezLandscaping\\node_modules\\astro\\node_modules\\@esbuild\\linux-loong64'
72 silly reify ]
73 verbose reify failed optional dependency C:\Users\Risix\Desktop\Projects\RamirezLandscaping\node_modules\astro\node_modules\@esbuild\linux-ia32
74 silly reify mark deleted [
74 silly reify   'C:\\Users\\Risix\\Desktop\\Projects\\RamirezLandscaping\\node_modules\\astro\\node_modules\\@esbuild\\linux-ia32'
74 silly reify ]
75 verbose reify failed optional dependency C:\Users\Risix\Desktop\Projects\RamirezLandscaping\node_modules\astro\node_modules\@esbuild\linux-arm64
76 silly reify mark deleted [
76 silly reify   'C:\\Users\\Risix\\Desktop\\Projects\\RamirezLandscaping\\node_modules\\astro\\node_modules\\@esbuild\\linux-arm64'
76 silly reify ]
77 verbose reify failed optional dependency C:\Users\Risix\Desktop\Projects\RamirezLandscaping\node_modules\astro\node_modules\@esbuild\linux-arm
78 silly reify mark deleted [
78 silly reify   'C:\\Users\\Risix\\Desktop\\Projects\\RamirezLandscaping\\node_modules\\astro\\node_modules\\@esbuild\\linux-arm'
78 silly reify ]
79 verbose reify failed optional dependency C:\Users\Risix\Desktop\Projects\RamirezLandscaping\node_modules\astro\node_modules\@esbuild\freebsd-x64
80 silly reify mark deleted [
80 silly reify   'C:\\Users\\Risix\\Desktop\\Projects\\RamirezLandscaping\\node_modules\\astro\\node_modules\\@esbuild\\freebsd-x64'
80 silly reify ]
81 verbose reify failed optional dependency C:\Users\Risix\Desktop\Projects\RamirezLandscaping\node_modules\astro\node_modules\@esbuild\freebsd-arm64
82 silly reify mark deleted [
82 silly reify   'C:\\Users\\Risix\\Desktop\\Projects\\RamirezLandscaping\\node_modules\\astro\\node_modules\\@esbuild\\freebsd-arm64'
82 silly reify ]
83 verbose reify failed optional dependency C:\Users\Risix\Desktop\Projects\RamirezLandscaping\node_modules\astro\node_modules\@esbuild\darwin-x64
84 silly reify mark deleted [
84 silly reify   'C:\\Users\\Risix\\Desktop\\Projects\\RamirezLandscaping\\node_modules\\astro\\node_modules\\@esbuild\\darwin-x64'
84 silly reify ]
85 verbose reify failed optional dependency C:\Users\Risix\Desktop\Projects\RamirezLandscaping\node_modules\astro\node_modules\@esbuild\darwin-arm64
86 silly reify mark deleted [
86 silly reify   'C:\\Users\\Risix\\Desktop\\Projects\\RamirezLandscaping\\node_modules\\astro\\node_modules\\@esbuild\\darwin-arm64'
86 silly reify ]
87 verbose reify failed optional dependency C:\Users\Risix\Desktop\Projects\RamirezLandscaping\node_modules\astro\node_modules\@esbuild\android-x64
88 silly reify mark deleted [
88 silly reify   'C:\\Users\\Risix\\Desktop\\Projects\\RamirezLandscaping\\node_modules\\astro\\node_modules\\@esbuild\\android-x64'
88 silly reify ]
89 verbose reify failed optional dependency C:\Users\Risix\Desktop\Projects\RamirezLandscaping\node_modules\astro\node_modules\@esbuild\android-arm64
90 silly reify mark deleted [
90 silly reify   'C:\\Users\\Risix\\Desktop\\Projects\\RamirezLandscaping\\node_modules\\astro\\node_modules\\@esbuild\\android-arm64'
90 silly reify ]
91 verbose reify failed optional dependency C:\Users\Risix\Desktop\Projects\RamirezLandscaping\node_modules\astro\node_modules\@esbuild\android-arm
92 silly reify mark deleted [
92 silly reify   'C:\\Users\\Risix\\Desktop\\Projects\\RamirezLandscaping\\node_modules\\astro\\node_modules\\@esbuild\\android-arm'
92 silly reify ]
93 verbose reify failed optional dependency C:\Users\Risix\Desktop\Projects\RamirezLandscaping\node_modules\astro\node_modules\@esbuild\aix-ppc64
94 silly reify mark deleted [
94 silly reify   'C:\\Users\\Risix\\Desktop\\Projects\\RamirezLandscaping\\node_modules\\astro\\node_modules\\@esbuild\\aix-ppc64'
94 silly reify ]
95 verbose reify failed optional dependency C:\Users\Risix\Desktop\Projects\RamirezLandscaping\node_modules\@tailwindcss\oxide-win32-arm64-msvc
96 silly reify mark deleted [
96 silly reify   'C:\\Users\\Risix\\Desktop\\Projects\\RamirezLandscaping\\node_modules\\@tailwindcss\\oxide-win32-arm64-msvc'
96 silly reify ]
97 verbose reify failed optional dependency C:\Users\Risix\Desktop\Projects\RamirezLandscaping\node_modules\@tailwindcss\oxide-linux-x64-musl
98 silly reify mark deleted [
98 silly reify   'C:\\Users\\Risix\\Desktop\\Projects\\RamirezLandscaping\\node_modules\\@tailwindcss\\oxide-linux-x64-musl'
98 silly reify ]
99 verbose reify failed optional dependency C:\Users\Risix\Desktop\Projects\RamirezLandscaping\node_modules\@tailwindcss\oxide-linux-x64-gnu
100 silly reify mark deleted [
100 silly reify   'C:\\Users\\Risix\\Desktop\\Projects\\RamirezLandscaping\\node_modules\\@tailwindcss\\oxide-linux-x64-gnu'
100 silly reify ]
101 verbose reify failed optional dependency C:\Users\Risix\Desktop\Projects\RamirezLandscaping\node_modules\@tailwindcss\oxide-linux-arm64-musl
102 silly reify mark deleted [
102 silly reify   'C:\\Users\\Risix\\Desktop\\Projects\\RamirezLandscaping\\node_modules\\@tailwindcss\\oxide-linux-arm64-musl'
102 silly reify ]
103 verbose reify failed optional dependency C:\Users\Risix\Desktop\Projects\RamirezLandscaping\node_modules\@tailwindcss\oxide-linux-arm64-gnu
104 silly reify mark deleted [
104 silly reify   'C:\\Users\\Risix\\Desktop\\Projects\\RamirezLandscaping\\node_modules\\@tailwindcss\\oxide-linux-arm64-gnu'
104 silly reify ]
105 verbose reify failed optional dependency C:\Users\Risix\Desktop\Projects\RamirezLandscaping\node_modules\@tailwindcss\oxide-linux-arm-gnueabihf
106 silly reify mark deleted [
106 silly reify   'C:\\Users\\Risix\\Desktop\\Projects\\RamirezLandscaping\\node_modules\\@tailwindcss\\oxide-linux-arm-gnueabihf'
106 silly reify ]
107 verbose reify failed optional dependency C:\Users\Risix\Desktop\Projects\RamirezLandscaping\node_modules\@tailwindcss\oxide-freebsd-x64
108 silly reify mark deleted [
108 silly reify   'C:\\Users\\Risix\\Desktop\\Projects\\RamirezLandscaping\\node_modules\\@tailwindcss\\oxide-freebsd-x64'
108 silly reify ]
109 verbose reify failed optional dependency C:\Users\Risix\Desktop\Projects\RamirezLandscaping\node_modules\@tailwindcss\oxide-darwin-x64
110 silly reify mark deleted [
110 silly reify   'C:\\Users\\Risix\\Desktop\\Projects\\RamirezLandscaping\\node_modules\\@tailwindcss\\oxide-darwin-x64'
110 silly reify ]
111 verbose reify failed optional dependency C:\Users\Risix\Desktop\Projects\RamirezLandscaping\node_modules\@tailwindcss\oxide-darwin-arm64
112 silly reify mark deleted [
112 silly reify   'C:\\Users\\Risix\\Desktop\\Projects\\RamirezLandscaping\\node_modules\\@tailwindcss\\oxide-darwin-arm64'
112 silly reify ]
113 verbose reify failed optional dependency C:\Users\Risix\Desktop\Projects\RamirezLandscaping\node_modules\@tailwindcss\oxide-android-arm64
114 silly reify mark deleted [
114 silly reify   'C:\\Users\\Risix\\Desktop\\Projects\\RamirezLandscaping\\node_modules\\@tailwindcss\\oxide-android-arm64'
114 silly reify ]
115 verbose reify failed optional dependency C:\Users\Risix\Desktop\Projects\RamirezLandscaping\node_modules\@rollup\rollup-win32-ia32-msvc
116 silly reify mark deleted [
116 silly reify   'C:\\Users\\Risix\\Desktop\\Projects\\RamirezLandscaping\\node_modules\\@rollup\\rollup-win32-ia32-msvc'
116 silly reify ]
117 verbose reify failed optional dependency C:\Users\Risix\Desktop\Projects\RamirezLandscaping\node_modules\@rollup\rollup-win32-arm64-msvc
118 silly reify mark deleted [
118 silly reify   'C:\\Users\\Risix\\Desktop\\Projects\\RamirezLandscaping\\node_modules\\@rollup\\rollup-win32-arm64-msvc'
118 silly reify ]
119 verbose reify failed optional dependency C:\Users\Risix\Desktop\Projects\RamirezLandscaping\node_modules\@rollup\rollup-openharmony-arm64
120 silly reify mark deleted [
120 silly reify   'C:\\Users\\Risix\\Desktop\\Projects\\RamirezLandscaping\\node_modules\\@rollup\\rollup-openharmony-arm64'
120 silly reify ]
121 verbose reify failed optional dependency C:\Users\Risix\Desktop\Projects\RamirezLandscaping\node_modules\@rollup\rollup-openbsd-x64
122 silly reify mark deleted [
122 silly reify   'C:\\Users\\Risix\\Desktop\\Projects\\RamirezLandscaping\\node_modules\\@rollup\\rollup-openbsd-x64'
122 silly reify ]
123 verbose reify failed optional dependency C:\Users\Risix\Desktop\Projects\RamirezLandscaping\node_modules\@rollup\rollup-linux-x64-musl
124 silly reify mark deleted [
124 silly reify   'C:\\Users\\Risix\\Desktop\\Projects\\RamirezLandscaping\\node_modules\\@rollup\\rollup-linux-x64-musl'
124 silly reify ]
125 verbose reify failed optional dependency C:\Users\Risix\Desktop\Projects\RamirezLandscaping\node_modules\@rollup\rollup-linux-x64-gnu
126 silly reify mark deleted [
126 silly reify   'C:\\Users\\Risix\\Desktop\\Projects\\RamirezLandscaping\\node_modules\\@rollup\\rollup-linux-x64-gnu'
126 silly reify ]
127 verbose reify failed optional dependency C:\Users\Risix\Desktop\Projects\RamirezLandscaping\node_modules\@rollup\rollup-linux-s390x-gnu
128 silly reify mark deleted [
128 silly reify   'C:\\Users\\Risix\\Desktop\\Projects\\RamirezLandscaping\\node_modules\\@rollup\\rollup-linux-s390x-gnu'
128 silly reify ]
129 verbose reify failed optional dependency C:\Users\Risix\Desktop\Projects\RamirezLandscaping\node_modules\@rollup\rollup-linux-riscv64-musl
130 silly reify mark deleted [
130 silly reify   'C:\\Users\\Risix\\Desktop\\Projects\\RamirezLandscaping\\node_modules\\@rollup\\rollup-linux-riscv64-musl'
130 silly reify ]
131 verbose reify failed optional dependency C:\Users\Risix\Desktop\Projects\RamirezLandscaping\node_modules\@rollup\rollup-linux-riscv64-gnu
132 silly reify mark deleted [
132 silly reify   'C:\\Users\\Risix\\Desktop\\Projects\\RamirezLandscaping\\node_modules\\@rollup\\rollup-linux-riscv64-gnu'
132 silly reify ]
133 verbose reify failed optional dependency C:\Users\Risix\Desktop\Projects\RamirezLandscaping\node_modules\@rollup\rollup-linux-ppc64-musl
134 silly reify mark deleted [
134 silly reify   'C:\\Users\\Risix\\Desktop\\Projects\\RamirezLandscaping\\node_modules\\@rollup\\rollup-linux-ppc64-musl'
134 silly reify ]
135 verbose reify failed optional dependency C:\Users\Risix\Desktop\Projects\RamirezLandscaping\node_modules\@rollup\rollup-linux-ppc64-gnu
136 silly reify mark deleted [
136 silly reify   'C:\\Users\\Risix\\Desktop\\Projects\\RamirezLandscaping\\node_modules\\@rollup\\rollup-linux-ppc64-gnu'
136 silly reify ]
137 verbose reify failed optional dependency C:\Users\Risix\Desktop\Projects\RamirezLandscaping\node_modules\@rollup\rollup-linux-loong64-musl
138 silly reify mark deleted [
138 silly reify   'C:\\Users\\Risix\\Desktop\\Projects\\RamirezLandscaping\\node_modules\\@rollup\\rollup-linux-loong64-musl'
138 silly reify ]
139 verbose reify failed optional dependency C:\Users\Risix\Desktop\Projects\RamirezLandscaping\node_modules\@rollup\rollup-linux-loong64-gnu
140 silly reify mark deleted [
140 silly reify   'C:\\Users\\Risix\\Desktop\\Projects\\RamirezLandscaping\\node_modules\\@rollup\\rollup-linux-loong64-gnu'
140 silly reify ]
141 verbose reify failed optional dependency C:\Users\Risix\Desktop\Projects\RamirezLandscaping\node_modules\@rollup\rollup-linux-arm64-musl
142 silly reify mark deleted [
142 silly reify   'C:\\Users\\Risix\\Desktop\\Projects\\RamirezLandscaping\\node_modules\\@rollup\\rollup-linux-arm64-musl'
142 silly reify ]
143 verbose reify failed optional dependency C:\Users\Risix\Desktop\Projects\RamirezLandscaping\node_modules\@rollup\rollup-linux-arm64-gnu
144 silly reify mark deleted [
144 silly reify   'C:\\Users\\Risix\\Desktop\\Projects\\RamirezLandscaping\\node_modules\\@rollup\\rollup-linux-arm64-gnu'
144 silly reify ]
145 verbose reify failed optional dependency C:\Users\Risix\Desktop\Projects\RamirezLandscaping\node_modules\@rollup\rollup-linux-arm-musleabihf
146 silly reify mark deleted [
146 silly reify   'C:\\Users\\Risix\\Desktop\\Projects\\RamirezLandscaping\\node_modules\\@rollup\\rollup-linux-arm-musleabihf'
146 silly reify ]
147 verbose reify failed optional dependency C:\Users\Risix\Desktop\Projects\RamirezLandscaping\node_modules\@rollup\rollup-linux-arm-gnueabihf
148 silly reify mark deleted [
148 silly reify   'C:\\Users\\Risix\\Desktop\\Projects\\RamirezLandscaping\\node_modules\\@rollup\\rollup-linux-arm-gnueabihf'
148 silly reify ]
149 verbose reify failed optional dependency C:\Users\Risix\Desktop\Projects\RamirezLandscaping\node_modules\@rollup\rollup-freebsd-x64
150 silly reify mark deleted [
150 silly reify   'C:\\Users\\Risix\\Desktop\\Projects\\RamirezLandscaping\\node_modules\\@rollup\\rollup-freebsd-x64'
150 silly reify ]
151 verbose reify failed optional dependency C:\Users\Risix\Desktop\Projects\RamirezLandscaping\node_modules\@rollup\rollup-freebsd-arm64
152 silly reify mark deleted [
152 silly reify   'C:\\Users\\Risix\\Desktop\\Projects\\RamirezLandscaping\\node_modules\\@rollup\\rollup-freebsd-arm64'
152 silly reify ]
153 verbose reify failed optional dependency C:\Users\Risix\Desktop\Projects\RamirezLandscaping\node_modules\@rollup\rollup-darwin-x64
154 silly reify mark deleted [
154 silly reify   'C:\\Users\\Risix\\Desktop\\Projects\\RamirezLandscaping\\node_modules\\@rollup\\rollup-darwin-x64'
154 silly reify ]
155 verbose reify failed optional dependency C:\Users\Risix\Desktop\Projects\RamirezLandscaping\node_modules\@rollup\rollup-darwin-arm64
156 silly reify mark deleted [
156 silly reify   'C:\\Users\\Risix\\Desktop\\Projects\\RamirezLandscaping\\node_modules\\@rollup\\rollup-darwin-arm64'
156 silly reify ]
157 verbose reify failed optional dependency C:\Users\Risix\Desktop\Projects\RamirezLandscaping\node_modules\@rollup\rollup-android-arm64
158 silly reify mark deleted [
158 silly reify   'C:\\Users\\Risix\\Desktop\\Projects\\RamirezLandscaping\\node_modules\\@rollup\\rollup-android-arm64'
158 silly reify ]
159 verbose reify failed optional dependency C:\Users\Risix\Desktop\Projects\RamirezLandscaping\node_modules\@rollup\rollup-android-arm-eabi
160 silly reify mark deleted [
160 silly reify   'C:\\Users\\Risix\\Desktop\\Projects\\RamirezLandscaping\\node_modules\\@rollup\\rollup-android-arm-eabi'
160 silly reify ]
161 verbose reify failed optional dependency C:\Users\Risix\Desktop\Projects\RamirezLandscaping\node_modules\@rolldown\binding-win32-arm64-msvc
162 silly reify mark deleted [
162 silly reify   'C:\\Users\\Risix\\Desktop\\Projects\\RamirezLandscaping\\node_modules\\@rolldown\\binding-win32-arm64-msvc'
162 silly reify ]
163 verbose reify failed optional dependency C:\Users\Risix\Desktop\Projects\RamirezLandscaping\node_modules\@rolldown\binding-wasm32-wasi
164 silly reify mark deleted [
164 silly reify   'C:\\Users\\Risix\\Desktop\\Projects\\RamirezLandscaping\\node_modules\\@rolldown\\binding-wasm32-wasi'
164 silly reify ]
165 verbose reify failed optional dependency C:\Users\Risix\Desktop\Projects\RamirezLandscaping\node_modules\@rolldown\binding-openharmony-arm64
166 silly reify mark deleted [
166 silly reify   'C:\\Users\\Risix\\Desktop\\Projects\\RamirezLandscaping\\node_modules\\@rolldown\\binding-openharmony-arm64'
166 silly reify ]
167 verbose reify failed optional dependency C:\Users\Risix\Desktop\Projects\RamirezLandscaping\node_modules\@rolldown\binding-linux-x64-musl
168 silly reify mark deleted [
168 silly reify   'C:\\Users\\Risix\\Desktop\\Projects\\RamirezLandscaping\\node_modules\\@rolldown\\binding-linux-x64-musl'
168 silly reify ]
169 verbose reify failed optional dependency C:\Users\Risix\Desktop\Projects\RamirezLandscaping\node_modules\@rolldown\binding-linux-x64-gnu
170 silly reify mark deleted [
170 silly reify   'C:\\Users\\Risix\\Desktop\\Projects\\RamirezLandscaping\\node_modules\\@rolldown\\binding-linux-x64-gnu'
170 silly reify ]
171 verbose reify failed optional dependency C:\Users\Risix\Desktop\Projects\RamirezLandscaping\node_modules\@rolldown\binding-linux-s390x-gnu
172 silly reify mark deleted [
172 silly reify   'C:\\Users\\Risix\\Desktop\\Projects\\RamirezLandscaping\\node_modules\\@rolldown\\binding-linux-s390x-gnu'
172 silly reify ]
173 verbose reify failed optional dependency C:\Users\Risix\Desktop\Projects\RamirezLandscaping\node_modules\@rolldown\binding-linux-ppc64-gnu
174 silly reify mark deleted [
174 silly reify   'C:\\Users\\Risix\\Desktop\\Projects\\RamirezLandscaping\\node_modules\\@rolldown\\binding-linux-ppc64-gnu'
174 silly reify ]
175 verbose reify failed optional dependency C:\Users\Risix\Desktop\Projects\RamirezLandscaping\node_modules\@rolldown\binding-linux-arm64-musl
176 silly reify mark deleted [
176 silly reify   'C:\\Users\\Risix\\Desktop\\Projects\\RamirezLandscaping\\node_modules\\@rolldown\\binding-linux-arm64-musl'
176 silly reify ]
177 verbose reify failed optional dependency C:\Users\Risix\Desktop\Projects\RamirezLandscaping\node_modules\@rolldown\binding-linux-arm64-gnu
178 silly reify mark deleted [
178 silly reify   'C:\\Users\\Risix\\Desktop\\Projects\\RamirezLandscaping\\node_modules\\@rolldown\\binding-linux-arm64-gnu'
178 silly reify ]
179 verbose reify failed optional dependency C:\Users\Risix\Desktop\Projects\RamirezLandscaping\node_modules\@rolldown\binding-linux-arm-gnueabihf
180 silly reify mark deleted [
180 silly reify   'C:\\Users\\Risix\\Desktop\\Projects\\RamirezLandscaping\\node_modules\\@rolldown\\binding-linux-arm-gnueabihf'
180 silly reify ]
181 verbose reify failed optional dependency C:\Users\Risix\Desktop\Projects\RamirezLandscaping\node_modules\@rolldown\binding-freebsd-x64
182 silly reify mark deleted [
182 silly reify   'C:\\Users\\Risix\\Desktop\\Projects\\RamirezLandscaping\\node_modules\\@rolldown\\binding-freebsd-x64'
182 silly reify ]
183 verbose reify failed optional dependency C:\Users\Risix\Desktop\Projects\RamirezLandscaping\node_modules\@rolldown\binding-darwin-x64
184 silly reify mark deleted [
184 silly reify   'C:\\Users\\Risix\\Desktop\\Projects\\RamirezLandscaping\\node_modules\\@rolldown\\binding-darwin-x64'
184 silly reify ]
185 verbose reify failed optional dependency C:\Users\Risix\Desktop\Projects\RamirezLandscaping\node_modules\@rolldown\binding-darwin-arm64
186 silly reify mark deleted [
186 silly reify   'C:\\Users\\Risix\\Desktop\\Projects\\RamirezLandscaping\\node_modules\\@rolldown\\binding-darwin-arm64'
186 silly reify ]
187 verbose reify failed optional dependency C:\Users\Risix\Desktop\Projects\RamirezLandscaping\node_modules\@rolldown\binding-android-arm64
188 silly reify mark deleted [
188 silly reify   'C:\\Users\\Risix\\Desktop\\Projects\\RamirezLandscaping\\node_modules\\@rolldown\\binding-android-arm64'
188 silly reify ]
189 verbose reify failed optional dependency C:\Users\Risix\Desktop\Projects\RamirezLandscaping\node_modules\@img\sharp-win32-ia32
190 silly reify mark deleted [
190 silly reify   'C:\\Users\\Risix\\Desktop\\Projects\\RamirezLandscaping\\node_modules\\@img\\sharp-win32-ia32'
190 silly reify ]
191 verbose reify failed optional dependency C:\Users\Risix\Desktop\Projects\RamirezLandscaping\node_modules\@img\sharp-win32-arm64
192 silly reify mark deleted [
192 silly reify   'C:\\Users\\Risix\\Desktop\\Projects\\RamirezLandscaping\\node_modules\\@img\\sharp-win32-arm64'
192 silly reify ]
193 verbose reify failed optional dependency C:\Users\Risix\Desktop\Projects\RamirezLandscaping\node_modules\@img\sharp-wasm32
194 silly reify mark deleted [
194 silly reify   'C:\\Users\\Risix\\Desktop\\Projects\\RamirezLandscaping\\node_modules\\@img\\sharp-wasm32'
194 silly reify ]
195 verbose reify failed optional dependency C:\Users\Risix\Desktop\Projects\RamirezLandscaping\node_modules\@img\sharp-linuxmusl-x64
196 silly reify mark deleted [
196 silly reify   'C:\\Users\\Risix\\Desktop\\Projects\\RamirezLandscaping\\node_modules\\@img\\sharp-linuxmusl-x64'
196 silly reify ]
197 verbose reify failed optional dependency C:\Users\Risix\Desktop\Projects\RamirezLandscaping\node_modules\@img\sharp-linuxmusl-arm64
198 silly reify mark deleted [
198 silly reify   'C:\\Users\\Risix\\Desktop\\Projects\\RamirezLandscaping\\node_modules\\@img\\sharp-linuxmusl-arm64'
198 silly reify ]
199 verbose reify failed optional dependency C:\Users\Risix\Desktop\Projects\RamirezLandscaping\node_modules\@img\sharp-linux-x64
200 silly reify mark deleted [
200 silly reify   'C:\\Users\\Risix\\Desktop\\Projects\\RamirezLandscaping\\node_modules\\@img\\sharp-linux-x64'
200 silly reify ]
201 verbose reify failed optional dependency C:\Users\Risix\Desktop\Projects\RamirezLandscaping\node_modules\@img\sharp-linux-s390x
202 silly reify mark deleted [
202 silly reify   'C:\\Users\\Risix\\Desktop\\Projects\\RamirezLandscaping\\node_modules\\@img\\sharp-linux-s390x'
202 silly reify ]
203 verbose reify failed optional dependency C:\Users\Risix\Desktop\Projects\RamirezLandscaping\node_modules\@img\sharp-linux-riscv64
204 silly reify mark deleted [
204 silly reify   'C:\\Users\\Risix\\Desktop\\Projects\\RamirezLandscaping\\node_modules\\@img\\sharp-linux-riscv64'
204 silly reify ]
205 verbose reify failed optional dependency C:\Users\Risix\Desktop\Projects\RamirezLandscaping\node_modules\@img\sharp-linux-ppc64
206 silly reify mark deleted [
206 silly reify   'C:\\Users\\Risix\\Desktop\\Projects\\RamirezLandscaping\\node_modules\\@img\\sharp-linux-ppc64'
206 silly reify ]
207 verbose reify failed optional dependency C:\Users\Risix\Desktop\Projects\RamirezLandscaping\node_modules\@img\sharp-linux-arm64
208 silly reify mark deleted [
208 silly reify   'C:\\Users\\Risix\\Desktop\\Projects\\RamirezLandscaping\\node_modules\\@img\\sharp-linux-arm64'
208 silly reify ]
209 verbose reify failed optional dependency C:\Users\Risix\Desktop\Projects\RamirezLandscaping\node_modules\@img\sharp-linux-arm
210 silly reify mark deleted [
210 silly reify   'C:\\Users\\Risix\\Desktop\\Projects\\RamirezLandscaping\\node_modules\\@img\\sharp-linux-arm'
210 silly reify ]
211 verbose reify failed optional dependency C:\Users\Risix\Desktop\Projects\RamirezLandscaping\node_modules\@img\sharp-libvips-linuxmusl-x64
212 silly reify mark deleted [
212 silly reify   'C:\\Users\\Risix\\Desktop\\Projects\\RamirezLandscaping\\node_modules\\@img\\sharp-libvips-linuxmusl-x64'
212 silly reify ]
213 verbose reify failed optional dependency C:\Users\Risix\Desktop\Projects\RamirezLandscaping\node_modules\@img\sharp-libvips-linuxmusl-arm64
214 silly reify mark deleted [
214 silly reify   'C:\\Users\\Risix\\Desktop\\Projects\\RamirezLandscaping\\node_modules\\@img\\sharp-libvips-linuxmusl-arm64'
214 silly reify ]
215 verbose reify failed optional dependency C:\Users\Risix\Desktop\Projects\RamirezLandscaping\node_modules\@img\sharp-libvips-linux-x64
216 silly reify mark deleted [
216 silly reify   'C:\\Users\\Risix\\Desktop\\Projects\\RamirezLandscaping\\node_modules\\@img\\sharp-libvips-linux-x64'
216 silly reify ]
217 verbose reify failed optional dependency C:\Users\Risix\Desktop\Projects\RamirezLandscaping\node_modules\@img\sharp-libvips-linux-s390x
218 silly reify mark deleted [
218 silly reify   'C:\\Users\\Risix\\Desktop\\Projects\\RamirezLandscaping\\node_modules\\@img\\sharp-libvips-linux-s390x'
218 silly reify ]
219 verbose reify failed optional dependency C:\Users\Risix\Desktop\Projects\RamirezLandscaping\node_modules\@img\sharp-libvips-linux-riscv64
220 silly reify mark deleted [
220 silly reify   'C:\\Users\\Risix\\Desktop\\Projects\\RamirezLandscaping\\node_modules\\@img\\sharp-libvips-linux-riscv64'
220 silly reify ]
221 verbose reify failed optional dependency C:\Users\Risix\Desktop\Projects\RamirezLandscaping\node_modules\@img\sharp-libvips-linux-ppc64
222 silly reify mark deleted [
222 silly reify   'C:\\Users\\Risix\\Desktop\\Projects\\RamirezLandscaping\\node_modules\\@img\\sharp-libvips-linux-ppc64'
222 silly reify ]
223 verbose reify failed optional dependency C:\Users\Risix\Desktop\Projects\RamirezLandscaping\node_modules\@img\sharp-libvips-linux-arm64
224 silly reify mark deleted [
224 silly reify   'C:\\Users\\Risix\\Desktop\\Projects\\RamirezLandscaping\\node_modules\\@img\\sharp-libvips-linux-arm64'
224 silly reify ]
225 verbose reify failed optional dependency C:\Users\Risix\Desktop\Projects\RamirezLandscaping\node_modules\@img\sharp-libvips-linux-arm
226 silly reify mark deleted [
226 silly reify   'C:\\Users\\Risix\\Desktop\\Projects\\RamirezLandscaping\\node_modules\\@img\\sharp-libvips-linux-arm'
226 silly reify ]
227 verbose reify failed optional dependency C:\Users\Risix\Desktop\Projects\RamirezLandscaping\node_modules\@img\sharp-libvips-darwin-x64
228 silly reify mark deleted [
228 silly reify   'C:\\Users\\Risix\\Desktop\\Projects\\RamirezLandscaping\\node_modules\\@img\\sharp-libvips-darwin-x64'
228 silly reify ]
229 verbose reify failed optional dependency C:\Users\Risix\Desktop\Projects\RamirezLandscaping\node_modules\@img\sharp-libvips-darwin-arm64
230 silly reify mark deleted [
230 silly reify   'C:\\Users\\Risix\\Desktop\\Projects\\RamirezLandscaping\\node_modules\\@img\\sharp-libvips-darwin-arm64'
230 silly reify ]
231 verbose reify failed optional dependency C:\Users\Risix\Desktop\Projects\RamirezLandscaping\node_modules\@img\sharp-darwin-x64
232 silly reify mark deleted [
232 silly reify   'C:\\Users\\Risix\\Desktop\\Projects\\RamirezLandscaping\\node_modules\\@img\\sharp-darwin-x64'
232 silly reify ]
233 verbose reify failed optional dependency C:\Users\Risix\Desktop\Projects\RamirezLandscaping\node_modules\@img\sharp-darwin-arm64
234 silly reify mark deleted [
234 silly reify   'C:\\Users\\Risix\\Desktop\\Projects\\RamirezLandscaping\\node_modules\\@img\\sharp-darwin-arm64'
234 silly reify ]
235 verbose reify failed optional dependency C:\Users\Risix\Desktop\Projects\RamirezLandscaping\node_modules\@esbuild\win32-ia32
236 silly reify mark deleted [
236 silly reify   'C:\\Users\\Risix\\Desktop\\Projects\\RamirezLandscaping\\node_modules\\@esbuild\\win32-ia32'
236 silly reify ]
237 verbose reify failed optional dependency C:\Users\Risix\Desktop\Projects\RamirezLandscaping\node_modules\@esbuild\win32-arm64
238 silly reify mark deleted [
238 silly reify   'C:\\Users\\Risix\\Desktop\\Projects\\RamirezLandscaping\\node_modules\\@esbuild\\win32-arm64'
238 silly reify ]
239 verbose reify failed optional dependency C:\Users\Risix\Desktop\Projects\RamirezLandscaping\node_modules\@esbuild\sunos-x64
240 silly reify mark deleted [
240 silly reify   'C:\\Users\\Risix\\Desktop\\Projects\\RamirezLandscaping\\node_modules\\@esbuild\\sunos-x64'
240 silly reify ]
241 verbose reify failed optional dependency C:\Users\Risix\Desktop\Projects\RamirezLandscaping\node_modules\@esbuild\openharmony-arm64
242 silly reify mark deleted [
242 silly reify   'C:\\Users\\Risix\\Desktop\\Projects\\RamirezLandscaping\\node_modules\\@esbuild\\openharmony-arm64'
242 silly reify ]
243 verbose reify failed optional dependency C:\Users\Risix\Desktop\Projects\RamirezLandscaping\node_modules\@esbuild\openbsd-x64
244 silly reify mark deleted [
244 silly reify   'C:\\Users\\Risix\\Desktop\\Projects\\RamirezLandscaping\\node_modules\\@esbuild\\openbsd-x64'
244 silly reify ]
245 verbose reify failed optional dependency C:\Users\Risix\Desktop\Projects\RamirezLandscaping\node_modules\@esbuild\openbsd-arm64
246 silly reify mark deleted [
246 silly reify   'C:\\Users\\Risix\\Desktop\\Projects\\RamirezLandscaping\\node_modules\\@esbuild\\openbsd-arm64'
246 silly reify ]
247 verbose reify failed optional dependency C:\Users\Risix\Desktop\Projects\RamirezLandscaping\node_modules\@esbuild\netbsd-x64
248 silly reify mark deleted [
248 silly reify   'C:\\Users\\Risix\\Desktop\\Projects\\RamirezLandscaping\\node_modules\\@esbuild\\netbsd-x64'
248 silly reify ]
249 verbose reify failed optional dependency C:\Users\Risix\Desktop\Projects\RamirezLandscaping\node_modules\@esbuild\netbsd-arm64
250 silly reify mark deleted [
250 silly reify   'C:\\Users\\Risix\\Desktop\\Projects\\RamirezLandscaping\\node_modules\\@esbuild\\netbsd-arm64'
250 silly reify ]
251 verbose reify failed optional dependency C:\Users\Risix\Desktop\Projects\RamirezLandscaping\node_modules\@esbuild\linux-x64
252 silly reify mark deleted [
252 silly reify   'C:\\Users\\Risix\\Desktop\\Projects\\RamirezLandscaping\\node_modules\\@esbuild\\linux-x64'
252 silly reify ]
253 verbose reify failed optional dependency C:\Users\Risix\Desktop\Projects\RamirezLandscaping\node_modules\@esbuild\linux-s390x
254 silly reify mark deleted [
254 silly reify   'C:\\Users\\Risix\\Desktop\\Projects\\RamirezLandscaping\\node_modules\\@esbuild\\linux-s390x'
254 silly reify ]
255 verbose reify failed optional dependency C:\Users\Risix\Desktop\Projects\RamirezLandscaping\node_modules\@esbuild\linux-riscv64
256 silly reify mark deleted [
256 silly reify   'C:\\Users\\Risix\\Desktop\\Projects\\RamirezLandscaping\\node_modules\\@esbuild\\linux-riscv64'
256 silly reify ]
257 verbose reify failed optional dependency C:\Users\Risix\Desktop\Projects\RamirezLandscaping\node_modules\@esbuild\linux-ppc64
258 silly reify mark deleted [
258 silly reify   'C:\\Users\\Risix\\Desktop\\Projects\\RamirezLandscaping\\node_modules\\@esbuild\\linux-ppc64'
258 silly reify ]
259 verbose reify failed optional dependency C:\Users\Risix\Desktop\Projects\RamirezLandscaping\node_modules\@esbuild\linux-mips64el
260 silly reify mark deleted [
260 silly reify   'C:\\Users\\Risix\\Desktop\\Projects\\RamirezLandscaping\\node_modules\\@esbuild\\linux-mips64el'
260 silly reify ]
261 verbose reify failed optional dependency C:\Users\Risix\Desktop\Projects\RamirezLandscaping\node_modules\@esbuild\linux-loong64
262 silly reify mark deleted [
262 silly reify   'C:\\Users\\Risix\\Desktop\\Projects\\RamirezLandscaping\\node_modules\\@esbuild\\linux-loong64'
262 silly reify ]
263 verbose reify failed optional dependency C:\Users\Risix\Desktop\Projects\RamirezLandscaping\node_modules\@esbuild\linux-ia32
264 silly reify mark deleted [
264 silly reify   'C:\\Users\\Risix\\Desktop\\Projects\\RamirezLandscaping\\node_modules\\@esbuild\\linux-ia32'
264 silly reify ]
265 verbose reify failed optional dependency C:\Users\Risix\Desktop\Projects\RamirezLandscaping\node_modules\@esbuild\linux-arm64
266 silly reify mark deleted [
266 silly reify   'C:\\Users\\Risix\\Desktop\\Projects\\RamirezLandscaping\\node_modules\\@esbuild\\linux-arm64'
266 silly reify ]
267 verbose reify failed optional dependency C:\Users\Risix\Desktop\Projects\RamirezLandscaping\node_modules\@esbuild\linux-arm
268 silly reify mark deleted [
268 silly reify   'C:\\Users\\Risix\\Desktop\\Projects\\RamirezLandscaping\\node_modules\\@esbuild\\linux-arm'
268 silly reify ]
269 verbose reify failed optional dependency C:\Users\Risix\Desktop\Projects\RamirezLandscaping\node_modules\@esbuild\freebsd-x64
270 silly reify mark deleted [
270 silly reify   'C:\\Users\\Risix\\Desktop\\Projects\\RamirezLandscaping\\node_modules\\@esbuild\\freebsd-x64'
270 silly reify ]
271 verbose reify failed optional dependency C:\Users\Risix\Desktop\Projects\RamirezLandscaping\node_modules\@esbuild\freebsd-arm64
272 silly reify mark deleted [
272 silly reify   'C:\\Users\\Risix\\Desktop\\Projects\\RamirezLandscaping\\node_modules\\@esbuild\\freebsd-arm64'
272 silly reify ]
273 verbose reify failed optional dependency C:\Users\Risix\Desktop\Projects\RamirezLandscaping\node_modules\@esbuild\darwin-x64
274 silly reify mark deleted [
274 silly reify   'C:\\Users\\Risix\\Desktop\\Projects\\RamirezLandscaping\\node_modules\\@esbuild\\darwin-x64'
274 silly reify ]
275 verbose reify failed optional dependency C:\Users\Risix\Desktop\Projects\RamirezLandscaping\node_modules\@esbuild\darwin-arm64
276 silly reify mark deleted [
276 silly reify   'C:\\Users\\Risix\\Desktop\\Projects\\RamirezLandscaping\\node_modules\\@esbuild\\darwin-arm64'
276 silly reify ]
277 verbose reify failed optional dependency C:\Users\Risix\Desktop\Projects\RamirezLandscaping\node_modules\@esbuild\android-x64
278 silly reify mark deleted [
278 silly reify   'C:\\Users\\Risix\\Desktop\\Projects\\RamirezLandscaping\\node_modules\\@esbuild\\android-x64'
278 silly reify ]
279 verbose reify failed optional dependency C:\Users\Risix\Desktop\Projects\RamirezLandscaping\node_modules\@esbuild\android-arm64
280 silly reify mark deleted [
280 silly reify   'C:\\Users\\Risix\\Desktop\\Projects\\RamirezLandscaping\\node_modules\\@esbuild\\android-arm64'
280 silly reify ]
281 verbose reify failed optional dependency C:\Users\Risix\Desktop\Projects\RamirezLandscaping\node_modules\@esbuild\android-arm
282 silly reify mark deleted [
282 silly reify   'C:\\Users\\Risix\\Desktop\\Projects\\RamirezLandscaping\\node_modules\\@esbuild\\android-arm'
282 silly reify ]
283 verbose reify failed optional dependency C:\Users\Risix\Desktop\Projects\RamirezLandscaping\node_modules\@esbuild\aix-ppc64
284 silly reify mark deleted [
284 silly reify   'C:\\Users\\Risix\\Desktop\\Projects\\RamirezLandscaping\\node_modules\\@esbuild\\aix-ppc64'
284 silly reify ]
285 http cache zwitch@https://registry.npmjs.org/zwitch/-/zwitch-2.0.4.tgz 0ms (cache hit)
286 http cache yoctocolors@https://registry.npmjs.org/yoctocolors/-/yoctocolors-2.1.2.tgz 0ms (cache hit)
287 http cache zod-to-json-schema@https://registry.npmjs.org/zod-to-json-schema/-/zod-to-json-schema-3.25.2.tgz 0ms (cache hit)
288 http cache zod@https://registry.npmjs.org/zod/-/zod-4.4.3.tgz 0ms (cache hit)
289 http cache yocto-spinner@https://registry.npmjs.org/yocto-spinner/-/yocto-spinner-0.2.3.tgz 0ms (cache hit)
290 http cache wrap-ansi@https://registry.npmjs.org/wrap-ansi/-/wrap-ansi-9.0.2.tgz 0ms (cache hit)
291 http cache xxhash-wasm@https://registry.npmjs.org/xxhash-wasm/-/xxhash-wasm-1.1.0.tgz 0ms (cache hit)
292 http cache yocto-queue@https://registry.npmjs.org/yocto-queue/-/yocto-queue-1.2.2.tgz 0ms (cache hit)
293 http cache yargs-parser@https://registry.npmjs.org/yargs-parser/-/yargs-parser-21.1.1.tgz 0ms (cache hit)
294 http cache widest-line@https://registry.npmjs.org/widest-line/-/widest-line-5.0.0.tgz 0ms (cache hit)
295 http cache which-pm-runs@https://registry.npmjs.org/which-pm-runs/-/which-pm-runs-1.1.0.tgz 1ms (cache hit)
296 http cache web-namespaces@https://registry.npmjs.org/web-namespaces/-/web-namespaces-2.0.1.tgz 0ms (cache hit)
297 http cache vitefu@https://registry.npmjs.org/vitefu/-/vitefu-1.1.3.tgz 0ms (cache hit)
298 http cache vite@https://registry.npmjs.org/vite/-/vite-8.0.11.tgz 0ms (cache hit)
299 http cache vfile-message@https://registry.npmjs.org/vfile-message/-/vfile-message-4.0.3.tgz 0ms (cache hit)
300 http cache vfile-location@https://registry.npmjs.org/vfile-location/-/vfile-location-5.0.3.tgz 0ms (cache hit)
301 http cache unist-util-visit-parents@https://registry.npmjs.org/unist-util-visit-parents/-/unist-util-visit-parents-6.0.2.tgz 0ms (cache hit)
302 http cache unstorage@https://registry.npmjs.org/unstorage/-/unstorage-1.17.5.tgz 0ms (cache hit)
303 http cache vfile@https://registry.npmjs.org/vfile/-/vfile-6.0.3.tgz 0ms (cache hit)
304 http cache unist-util-visit-children@https://registry.npmjs.org/unist-util-visit-children/-/unist-util-visit-children-3.0.0.tgz 0ms (cache hit)
305 http cache unist-util-visit@https://registry.npmjs.org/unist-util-visit/-/unist-util-visit-5.1.0.tgz 0ms (cache hit)
306 http cache unist-util-remove-position@https://registry.npmjs.org/unist-util-remove-position/-/unist-util-remove-position-5.0.0.tgz 0ms (cache hit)
307 http cache unist-util-stringify-position@https://registry.npmjs.org/unist-util-stringify-position/-/unist-util-stringify-position-4.0.0.tgz 0ms (cache hit)
308 http cache unist-util-modify-children@https://registry.npmjs.org/unist-util-modify-children/-/unist-util-modify-children-4.0.0.tgz 0ms (cache hit)
309 http cache unist-util-position@https://registry.npmjs.org/unist-util-position/-/unist-util-position-5.0.0.tgz 0ms (cache hit)
310 http cache unist-util-is@https://registry.npmjs.org/unist-util-is/-/unist-util-is-6.0.1.tgz 0ms (cache hit)
311 http cache unifont@https://registry.npmjs.org/unifont/-/unifont-0.7.4.tgz 0ms (cache hit)
312 http cache unist-util-find-after@https://registry.npmjs.org/unist-util-find-after/-/unist-util-find-after-5.0.0.tgz 0ms (cache hit)
313 http cache unified@https://registry.npmjs.org/unified/-/unified-11.0.5.tgz 0ms (cache hit)
314 http cache uncrypto@https://registry.npmjs.org/uncrypto/-/uncrypto-0.1.3.tgz 0ms (cache hit)
315 http cache undici-types@https://registry.npmjs.org/undici-types/-/undici-types-7.16.0.tgz 0ms (cache hit)
316 http cache ultrahtml@https://registry.npmjs.org/ultrahtml/-/ultrahtml-1.6.0.tgz 0ms (cache hit)
317 http cache typescript@https://registry.npmjs.org/typescript/-/typescript-5.9.3.tgz 0ms (cache hit)
318 http cache type-fest@https://registry.npmjs.org/type-fest/-/type-fest-4.41.0.tgz 0ms (cache hit)
319 http cache ufo@https://registry.npmjs.org/ufo/-/ufo-1.6.4.tgz 0ms (cache hit)
320 http cache trough@https://registry.npmjs.org/trough/-/trough-2.2.0.tgz 0ms (cache hit)
321 http cache tslib@https://registry.npmjs.org/tslib/-/tslib-2.8.1.tgz 0ms (cache hit)
322 http cache trim-lines@https://registry.npmjs.org/trim-lines/-/trim-lines-3.0.1.tgz 0ms (cache hit)
323 http cache tsconfck@https://registry.npmjs.org/tsconfck/-/tsconfck-3.1.6.tgz 0ms (cache hit)
324 http cache tinyexec@https://registry.npmjs.org/tinyexec/-/tinyexec-1.1.2.tgz 0ms (cache hit)
325 http cache tinyglobby@https://registry.npmjs.org/tinyglobby/-/tinyglobby-0.2.16.tgz 0ms (cache hit)
326 http cache tiny-inflate@https://registry.npmjs.org/tiny-inflate/-/tiny-inflate-1.0.3.tgz 0ms (cache hit)
327 http cache tapable@https://registry.npmjs.org/tapable/-/tapable-2.3.3.tgz 0ms (cache hit)
328 http cache svgo@https://registry.npmjs.org/svgo/-/svgo-4.0.1.tgz 0ms (cache hit)
329 http cache tailwindcss@https://registry.npmjs.org/tailwindcss/-/tailwindcss-4.3.0.tgz 0ms (cache hit)
330 http cache strip-ansi@https://registry.npmjs.org/strip-ansi/-/strip-ansi-7.2.0.tgz 0ms (cache hit)
331 http cache stringify-entities@https://registry.npmjs.org/stringify-entities/-/stringify-entities-4.0.4.tgz 0ms (cache hit)
332 http cache string-width@https://registry.npmjs.org/string-width/-/string-width-7.2.0.tgz 0ms (cache hit)
333 http cache space-separated-tokens@https://registry.npmjs.org/space-separated-tokens/-/space-separated-tokens-2.0.2.tgz 0ms (cache hit)
334 http cache source-map-js@https://registry.npmjs.org/source-map-js/-/source-map-js-1.2.1.tgz 0ms (cache hit)
335 http cache stream-replace-string@https://registry.npmjs.org/stream-replace-string/-/stream-replace-string-2.0.0.tgz 0ms (cache hit)
336 http cache smol-toml@https://registry.npmjs.org/smol-toml/-/smol-toml-1.6.1.tgz 0ms (cache hit)
337 http cache sitemap@https://registry.npmjs.org/sitemap/-/sitemap-9.0.1.tgz 0ms (cache hit)
338 http cache sisteransi@https://registry.npmjs.org/sisteransi/-/sisteransi-1.0.5.tgz 0ms (cache hit)
339 http cache shiki@https://registry.npmjs.org/shiki/-/shiki-3.23.0.tgz 0ms (cache hit)
340 http cache sharp@https://registry.npmjs.org/sharp/-/sharp-0.34.5.tgz 0ms (cache hit)
341 http cache semver@https://registry.npmjs.org/semver/-/semver-7.8.0.tgz 0ms (cache hit)
342 http cache sax@https://registry.npmjs.org/sax/-/sax-1.6.0.tgz 0ms (cache hit)
343 http cache rolldown@https://registry.npmjs.org/rolldown/-/rolldown-1.0.0-rc.18.tgz 0ms (cache hit)
344 http cache rollup@https://registry.npmjs.org/rollup/-/rollup-4.60.3.tgz 0ms (cache hit)
345 http cache retext-stringify@https://registry.npmjs.org/retext-stringify/-/retext-stringify-4.0.0.tgz 0ms (cache hit)
346 http cache retext-smartypants@https://registry.npmjs.org/retext-smartypants/-/retext-smartypants-6.2.0.tgz 0ms (cache hit)
347 http cache retext-latin@https://registry.npmjs.org/retext-latin/-/retext-latin-4.0.0.tgz 0ms (cache hit)
348 http cache retext@https://registry.npmjs.org/retext/-/retext-9.0.0.tgz 0ms (cache hit)
349 http cache remark-stringify@https://registry.npmjs.org/remark-stringify/-/remark-stringify-11.0.0.tgz 0ms (cache hit)
350 http cache remark-smartypants@https://registry.npmjs.org/remark-smartypants/-/remark-smartypants-3.0.2.tgz 0ms (cache hit)
351 http cache remark-parse@https://registry.npmjs.org/remark-parse/-/remark-parse-11.0.0.tgz 0ms (cache hit)
352 http cache remark-rehype@https://registry.npmjs.org/remark-rehype/-/remark-rehype-11.1.2.tgz 0ms (cache hit)
353 http cache remark-gfm@https://registry.npmjs.org/remark-gfm/-/remark-gfm-4.0.1.tgz 0ms (cache hit)
354 http cache rehype-raw@https://registry.npmjs.org/rehype-raw/-/rehype-raw-7.0.0.tgz 0ms (cache hit)
355 http cache rehype-stringify@https://registry.npmjs.org/rehype-stringify/-/rehype-stringify-10.0.1.tgz 0ms (cache hit)
356 http cache regex-utilities@https://registry.npmjs.org/regex-utilities/-/regex-utilities-2.3.0.tgz 0ms (cache hit)
357 http cache rehype@https://registry.npmjs.org/rehype/-/rehype-13.0.2.tgz 0ms (cache hit)
358 http cache rehype-parse@https://registry.npmjs.org/rehype-parse/-/rehype-parse-9.0.1.tgz 0ms (cache hit)
359 http cache regex-recursion@https://registry.npmjs.org/regex-recursion/-/regex-recursion-6.0.2.tgz 0ms (cache hit)
360 http cache regex@https://registry.npmjs.org/regex/-/regex-6.1.0.tgz 0ms (cache hit)
361 http cache readdirp@https://registry.npmjs.org/readdirp/-/readdirp-5.0.0.tgz 0ms (cache hit)
362 http cache radix3@https://registry.npmjs.org/radix3/-/radix3-1.1.2.tgz 0ms (cache hit)
363 http cache property-information@https://registry.npmjs.org/property-information/-/property-information-7.1.0.tgz 0ms (cache hit)
364 http cache prismjs@https://registry.npmjs.org/prismjs/-/prismjs-1.30.0.tgz 0ms (cache hit)
365 http cache prompts@https://registry.npmjs.org/prompts/-/prompts-2.4.2.tgz 0ms (cache hit)
366 http cache postcss@https://registry.npmjs.org/postcss/-/postcss-8.5.14.tgz 0ms (cache hit)
367 http cache playwright-core@https://registry.npmjs.org/playwright-core/-/playwright-core-1.59.1.tgz 0ms (cache hit)
368 http cache playwright@https://registry.npmjs.org/playwright/-/playwright-1.59.1.tgz 0ms (cache hit)
369 http cache picomatch@https://registry.npmjs.org/picomatch/-/picomatch-4.0.4.tgz 0ms (cache hit)
370 http cache picocolors@https://registry.npmjs.org/picocolors/-/picocolors-1.1.1.tgz 0ms (cache hit)
371 http cache piccolore@https://registry.npmjs.org/piccolore/-/piccolore-0.1.3.tgz 0ms (cache hit)
372 http cache package-manager-detector@https://registry.npmjs.org/package-manager-detector/-/package-manager-detector-1.6.0.tgz 0ms (cache hit)
373 http cache parse-latin@https://registry.npmjs.org/parse-latin/-/parse-latin-7.0.0.tgz 0ms (cache hit)
374 http cache p-queue@https://registry.npmjs.org/p-queue/-/p-queue-8.1.1.tgz 0ms (cache hit)
375 http cache p-timeout@https://registry.npmjs.org/p-timeout/-/p-timeout-6.1.4.tgz 0ms (cache hit)
376 http cache oniguruma-to-es@https://registry.npmjs.org/oniguruma-to-es/-/oniguruma-to-es-4.3.6.tgz 0ms (cache hit)
377 http cache p-limit@https://registry.npmjs.org/p-limit/-/p-limit-6.2.0.tgz 0ms (cache hit)
378 http cache parse5@https://registry.npmjs.org/parse5/-/parse5-7.3.0.tgz 0ms (cache hit)
379 http cache oniguruma-parser@https://registry.npmjs.org/oniguruma-parser/-/oniguruma-parser-0.12.2.tgz 0ms (cache hit)
380 http cache ofetch@https://registry.npmjs.org/ofetch/-/ofetch-1.5.1.tgz 0ms (cache hit)
381 http cache ohash@https://registry.npmjs.org/ohash/-/ohash-2.0.11.tgz 0ms (cache hit)
382 http cache nth-check@https://registry.npmjs.org/nth-check/-/nth-check-2.1.1.tgz 0ms (cache hit)
383 http cache normalize-path@https://registry.npmjs.org/normalize-path/-/normalize-path-3.0.0.tgz 0ms (cache hit)
384 http cache node-fetch-native@https://registry.npmjs.org/node-fetch-native/-/node-fetch-native-1.6.7.tgz 0ms (cache hit)
385 http cache node-mock-http@https://registry.npmjs.org/node-mock-http/-/node-mock-http-1.0.4.tgz 0ms (cache hit)
386 http cache nlcst-to-string@https://registry.npmjs.org/nlcst-to-string/-/nlcst-to-string-4.0.0.tgz 0ms (cache hit)
387 http cache neotraverse@https://registry.npmjs.org/neotraverse/-/neotraverse-0.6.18.tgz 0ms (cache hit)
388 http cache ms@https://registry.npmjs.org/ms/-/ms-2.1.3.tgz 0ms (cache hit)
389 http cache nanoid@https://registry.npmjs.org/nanoid/-/nanoid-3.3.12.tgz 0ms (cache hit)
390 http cache micromark-util-types@https://registry.npmjs.org/micromark-util-types/-/micromark-util-types-2.0.2.tgz 0ms (cache hit)
391 http cache mrmime@https://registry.npmjs.org/mrmime/-/mrmime-2.0.1.tgz 0ms (cache hit)
392 http cache micromark-util-symbol@https://registry.npmjs.org/micromark-util-symbol/-/micromark-util-symbol-2.0.1.tgz 0ms (cache hit)
393 http cache micromark-util-subtokenize@https://registry.npmjs.org/micromark-util-subtokenize/-/micromark-util-subtokenize-2.1.0.tgz 0ms (cache hit)
394 http cache micromark-util-sanitize-uri@https://registry.npmjs.org/micromark-util-sanitize-uri/-/micromark-util-sanitize-uri-2.0.1.tgz 0ms (cache hit)
395 http cache micromark-util-resolve-all@https://registry.npmjs.org/micromark-util-resolve-all/-/micromark-util-resolve-all-2.0.1.tgz 0ms (cache hit)
396 http cache micromark-util-normalize-identifier@https://registry.npmjs.org/micromark-util-normalize-identifier/-/micromark-util-normalize-identifier-2.0.1.tgz 0ms (cache hit)
397 http cache micromark-util-encode@https://registry.npmjs.org/micromark-util-encode/-/micromark-util-encode-2.0.1.tgz 0ms (cache hit)
398 http cache micromark-util-decode-string@https://registry.npmjs.org/micromark-util-decode-string/-/micromark-util-decode-string-2.0.1.tgz 0ms (cache hit)
399 http cache micromark-util-decode-numeric-character-reference@https://registry.npmjs.org/micromark-util-decode-numeric-character-reference/-/micromark-util-decode-numeric-character-reference-2.0.2.tgz 0ms (cache hit)
400 http cache micromark-util-combine-extensions@https://registry.npmjs.org/micromark-util-combine-extensions/-/micromark-util-combine-extensions-2.0.1.tgz 0ms (cache hit)
401 http cache micromark-util-classify-character@https://registry.npmjs.org/micromark-util-classify-character/-/micromark-util-classify-character-2.0.1.tgz 0ms (cache hit)
402 http cache micromark-util-chunked@https://registry.npmjs.org/micromark-util-chunked/-/micromark-util-chunked-2.0.1.tgz 0ms (cache hit)
403 http cache micromark-util-html-tag-name@https://registry.npmjs.org/micromark-util-html-tag-name/-/micromark-util-html-tag-name-2.0.1.tgz 0ms (cache hit)
404 http cache micromark-factory-whitespace@https://registry.npmjs.org/micromark-factory-whitespace/-/micromark-factory-whitespace-2.0.1.tgz 0ms (cache hit)
405 http cache micromark-util-character@https://registry.npmjs.org/micromark-util-character/-/micromark-util-character-2.1.1.tgz 0ms (cache hit)
406 http cache micromark-factory-title@https://registry.npmjs.org/micromark-factory-title/-/micromark-factory-title-2.0.1.tgz 0ms (cache hit)
407 http cache micromark-factory-space@https://registry.npmjs.org/micromark-factory-space/-/micromark-factory-space-2.0.1.tgz 0ms (cache hit)
408 http cache micromark-factory-label@https://registry.npmjs.org/micromark-factory-label/-/micromark-factory-label-2.0.1.tgz 0ms (cache hit)
409 http cache micromark-factory-destination@https://registry.npmjs.org/micromark-factory-destination/-/micromark-factory-destination-2.0.1.tgz 0ms (cache hit)
410 http cache micromark-extension-gfm-task-list-item@https://registry.npmjs.org/micromark-extension-gfm-task-list-item/-/micromark-extension-gfm-task-list-item-2.1.0.tgz 0ms (cache hit)
411 http cache micromark-extension-gfm-tagfilter@https://registry.npmjs.org/micromark-extension-gfm-tagfilter/-/micromark-extension-gfm-tagfilter-2.0.0.tgz 0ms (cache hit)
412 http cache micromark-extension-gfm-table@https://registry.npmjs.org/micromark-extension-gfm-table/-/micromark-extension-gfm-table-2.1.1.tgz 0ms (cache hit)
413 http cache micromark-extension-gfm-footnote@https://registry.npmjs.org/micromark-extension-gfm-footnote/-/micromark-extension-gfm-footnote-2.1.0.tgz 0ms (cache hit)
414 http cache micromark-extension-gfm-strikethrough@https://registry.npmjs.org/micromark-extension-gfm-strikethrough/-/micromark-extension-gfm-strikethrough-2.1.0.tgz 0ms (cache hit)
415 http cache micromark-extension-gfm-autolink-literal@https://registry.npmjs.org/micromark-extension-gfm-autolink-literal/-/micromark-extension-gfm-autolink-literal-2.1.0.tgz 0ms (cache hit)
416 http cache micromark-extension-gfm@https://registry.npmjs.org/micromark-extension-gfm/-/micromark-extension-gfm-3.0.0.tgz 0ms (cache hit)
417 http cache micromark-core-commonmark@https://registry.npmjs.org/micromark-core-commonmark/-/micromark-core-commonmark-2.0.3.tgz 0ms (cache hit)
418 http cache micromark@https://registry.npmjs.org/micromark/-/micromark-4.0.2.tgz 0ms (cache hit)
419 http cache mdn-data@https://registry.npmjs.org/mdn-data/-/mdn-data-2.27.1.tgz 0ms (cache hit)
420 http cache mdast-util-to-string@https://registry.npmjs.org/mdast-util-to-string/-/mdast-util-to-string-4.0.0.tgz 0ms (cache hit)
421 http cache mdast-util-to-markdown@https://registry.npmjs.org/mdast-util-to-markdown/-/mdast-util-to-markdown-2.1.2.tgz 0ms (cache hit)
422 http cache mdast-util-phrasing@https://registry.npmjs.org/mdast-util-phrasing/-/mdast-util-phrasing-4.1.0.tgz 0ms (cache hit)
423 http cache mdast-util-to-hast@https://registry.npmjs.org/mdast-util-to-hast/-/mdast-util-to-hast-13.2.1.tgz 0ms (cache hit)
424 http cache mdast-util-gfm-table@https://registry.npmjs.org/mdast-util-gfm-table/-/mdast-util-gfm-table-2.0.0.tgz 0ms (cache hit)
425 http cache mdast-util-gfm-task-list-item@https://registry.npmjs.org/mdast-util-gfm-task-list-item/-/mdast-util-gfm-task-list-item-2.0.0.tgz 0ms (cache hit)
426 http cache mdast-util-gfm-strikethrough@https://registry.npmjs.org/mdast-util-gfm-strikethrough/-/mdast-util-gfm-strikethrough-2.0.0.tgz 0ms (cache hit)
427 http cache mdast-util-gfm-autolink-literal@https://registry.npmjs.org/mdast-util-gfm-autolink-literal/-/mdast-util-gfm-autolink-literal-2.0.1.tgz 0ms (cache hit)
428 http cache mdast-util-gfm@https://registry.npmjs.org/mdast-util-gfm/-/mdast-util-gfm-3.1.0.tgz 0ms (cache hit)
429 http cache mdast-util-gfm-footnote@https://registry.npmjs.org/mdast-util-gfm-footnote/-/mdast-util-gfm-footnote-2.1.0.tgz 0ms (cache hit)
430 http cache mdast-util-find-and-replace@https://registry.npmjs.org/mdast-util-find-and-replace/-/mdast-util-find-and-replace-3.0.2.tgz 0ms (cache hit)
431 http cache mdast-util-definitions@https://registry.npmjs.org/mdast-util-definitions/-/mdast-util-definitions-6.0.0.tgz 0ms (cache hit)
432 http cache magicast@https://registry.npmjs.org/magicast/-/magicast-0.5.2.tgz 0ms (cache hit)
433 http cache markdown-table@https://registry.npmjs.org/markdown-table/-/markdown-table-3.0.4.tgz 0ms (cache hit)
434 http cache mdast-util-from-markdown@https://registry.npmjs.org/mdast-util-from-markdown/-/mdast-util-from-markdown-2.0.3.tgz 0ms (cache hit)
435 http cache lru-cache@https://registry.npmjs.org/lru-cache/-/lru-cache-11.3.6.tgz 0ms (cache hit)
436 http cache magic-string@https://registry.npmjs.org/magic-string/-/magic-string-0.30.21.tgz 0ms (cache hit)
437 http cache longest-streak@https://registry.npmjs.org/longest-streak/-/longest-streak-3.1.0.tgz 0ms (cache hit)
438 http cache lightningcss-win32-x64-msvc@https://registry.npmjs.org/lightningcss-win32-x64-msvc/-/lightningcss-win32-x64-msvc-1.32.0.tgz 0ms (cache hit)
439 http cache jiti@https://registry.npmjs.org/jiti/-/jiti-2.7.0.tgz 0ms (cache hit)
440 http cache kleur@https://registry.npmjs.org/kleur/-/kleur-3.0.3.tgz 0ms (cache hit)
441 http cache is-wsl@https://registry.npmjs.org/is-wsl/-/is-wsl-3.1.1.tgz 0ms (cache hit)
442 http cache js-yaml@https://registry.npmjs.org/js-yaml/-/js-yaml-4.1.1.tgz 0ms (cache hit)
443 http cache is-plain-obj@https://registry.npmjs.org/is-plain-obj/-/is-plain-obj-4.1.0.tgz 0ms (cache hit)
444 http cache lightningcss@https://registry.npmjs.org/lightningcss/-/lightningcss-1.32.0.tgz 0ms (cache hit)
445 http cache is-inside-container@https://registry.npmjs.org/is-inside-container/-/is-inside-container-1.0.0.tgz 0ms (cache hit)
446 http cache is-fullwidth-code-point@https://registry.npmjs.org/is-fullwidth-code-point/-/is-fullwidth-code-point-3.0.0.tgz 0ms (cache hit)
447 http cache is-docker@https://registry.npmjs.org/is-docker/-/is-docker-3.0.0.tgz 0ms (cache hit)
448 http cache iron-webcrypto@https://registry.npmjs.org/iron-webcrypto/-/iron-webcrypto-1.2.1.tgz 0ms (cache hit)
449 http cache html-void-elements@https://registry.npmjs.org/html-void-elements/-/html-void-elements-3.0.0.tgz 0ms (cache hit)
450 http cache http-cache-semantics@https://registry.npmjs.org/http-cache-semantics/-/http-cache-semantics-4.2.0.tgz 0ms (cache hit)
451 http cache import-meta-resolve@https://registry.npmjs.org/import-meta-resolve/-/import-meta-resolve-4.2.0.tgz 0ms (cache hit)
452 http cache hast-util-whitespace@https://registry.npmjs.org/hast-util-whitespace/-/hast-util-whitespace-3.0.0.tgz 0ms (cache hit)
453 http cache hastscript@https://registry.npmjs.org/hastscript/-/hastscript-9.0.1.tgz 0ms (cache hit)
454 http cache hast-util-to-parse5@https://registry.npmjs.org/hast-util-to-parse5/-/hast-util-to-parse5-8.0.1.tgz 0ms (cache hit)
455 http cache hast-util-to-text@https://registry.npmjs.org/hast-util-to-text/-/hast-util-to-text-4.0.2.tgz 0ms (cache hit)
456 http cache hast-util-raw@https://registry.npmjs.org/hast-util-raw/-/hast-util-raw-9.1.0.tgz 0ms (cache hit)
457 http cache hast-util-to-html@https://registry.npmjs.org/hast-util-to-html/-/hast-util-to-html-9.0.5.tgz 0ms (cache hit)
458 http cache hast-util-parse-selector@https://registry.npmjs.org/hast-util-parse-selector/-/hast-util-parse-selector-4.0.0.tgz 0ms (cache hit)
459 http cache html-escaper@https://registry.npmjs.org/html-escaper/-/html-escaper-3.0.3.tgz 0ms (cache hit)
460 http cache hast-util-is-element@https://registry.npmjs.org/hast-util-is-element/-/hast-util-is-element-3.0.0.tgz 0ms (cache hit)
461 http cache hast-util-from-parse5@https://registry.npmjs.org/hast-util-from-parse5/-/hast-util-from-parse5-8.0.3.tgz 0ms (cache hit)
462 http cache hast-util-from-html@https://registry.npmjs.org/hast-util-from-html/-/hast-util-from-html-2.0.3.tgz 0ms (cache hit)
463 http cache graceful-fs@https://registry.npmjs.org/graceful-fs/-/graceful-fs-4.2.11.tgz 0ms (cache hit)
464 http cache h3@https://registry.npmjs.org/h3/-/h3-1.15.11.tgz 0ms (cache hit)
465 http cache github-slugger@https://registry.npmjs.org/github-slugger/-/github-slugger-2.0.0.tgz 0ms (cache hit)
466 http cache get-east-asian-width@https://registry.npmjs.org/get-east-asian-width/-/get-east-asian-width-1.6.0.tgz 0ms (cache hit)
467 http cache fontkitten@https://registry.npmjs.org/fontkitten/-/fontkitten-1.0.3.tgz 0ms (cache hit)
468 http cache fontace@https://registry.npmjs.org/fontace/-/fontace-0.4.1.tgz 0ms (cache hit)
469 http cache flattie@https://registry.npmjs.org/flattie/-/flattie-1.1.1.tgz 0ms (cache hit)
470 http cache fdir@https://registry.npmjs.org/fdir/-/fdir-6.5.0.tgz 0ms (cache hit)
471 http cache extend@https://registry.npmjs.org/extend/-/extend-3.0.2.tgz 0ms (cache hit)
472 http cache eventemitter3@https://registry.npmjs.org/eventemitter3/-/eventemitter3-5.0.4.tgz 0ms (cache hit)
473 http cache estree-walker@https://registry.npmjs.org/estree-walker/-/estree-walker-3.0.3.tgz 0ms (cache hit)
474 http cache es-module-lexer@https://registry.npmjs.org/es-module-lexer/-/es-module-lexer-1.7.0.tgz 0ms (cache hit)
475 http cache esbuild@https://registry.npmjs.org/esbuild/-/esbuild-0.27.7.tgz 0ms (cache hit)
476 http cache escape-string-regexp@https://registry.npmjs.org/escape-string-regexp/-/escape-string-regexp-5.0.0.tgz 0ms (cache hit)
477 http cache emoji-regex@https://registry.npmjs.org/emoji-regex/-/emoji-regex-10.6.0.tgz 0ms (cache hit)
478 http cache enhanced-resolve@https://registry.npmjs.org/enhanced-resolve/-/enhanced-resolve-5.21.2.tgz 0ms (cache hit)
479 http cache entities@https://registry.npmjs.org/entities/-/entities-6.0.1.tgz 0ms (cache hit)
480 http cache dset@https://registry.npmjs.org/dset/-/dset-3.1.4.tgz 0ms (cache hit)
481 http cache domutils@https://registry.npmjs.org/domutils/-/domutils-3.2.2.tgz 0ms (cache hit)
482 http cache domhandler@https://registry.npmjs.org/domhandler/-/domhandler-5.0.3.tgz 0ms (cache hit)
483 http cache domelementtype@https://registry.npmjs.org/domelementtype/-/domelementtype-2.3.0.tgz 0ms (cache hit)
484 http cache dlv@https://registry.npmjs.org/dlv/-/dlv-1.1.3.tgz 0ms (cache hit)
485 http cache dom-serializer@https://registry.npmjs.org/dom-serializer/-/dom-serializer-2.0.0.tgz 0ms (cache hit)
486 http cache diff@https://registry.npmjs.org/diff/-/diff-8.0.4.tgz 0ms (cache hit)
487 http cache devlop@https://registry.npmjs.org/devlop/-/devlop-1.1.0.tgz 0ms (cache hit)
488 http cache devalue@https://registry.npmjs.org/devalue/-/devalue-5.8.0.tgz 0ms (cache hit)
489 http cache destr@https://registry.npmjs.org/destr/-/destr-2.0.5.tgz 0ms (cache hit)
490 http cache detect-libc@https://registry.npmjs.org/detect-libc/-/detect-libc-2.1.2.tgz 0ms (cache hit)
491 http cache decode-named-character-reference@https://registry.npmjs.org/decode-named-character-reference/-/decode-named-character-reference-1.3.0.tgz 0ms (cache hit)
492 http cache dequal@https://registry.npmjs.org/dequal/-/dequal-2.0.3.tgz 0ms (cache hit)
493 http cache csso@https://registry.npmjs.org/csso/-/csso-5.0.5.tgz 0ms (cache hit)
494 http cache defu@https://registry.npmjs.org/defu/-/defu-6.1.7.tgz 0ms (cache hit)
495 http cache cssesc@https://registry.npmjs.org/cssesc/-/cssesc-3.0.0.tgz 0ms (cache hit)
496 http cache debug@https://registry.npmjs.org/debug/-/debug-4.4.3.tgz 0ms (cache hit)
497 http cache css-tree@https://registry.npmjs.org/css-tree/-/css-tree-3.2.1.tgz 0ms (cache hit)
498 http cache css-what@https://registry.npmjs.org/css-what/-/css-what-6.2.2.tgz 0ms (cache hit)
499 http cache deterministic-object-hash@https://registry.npmjs.org/deterministic-object-hash/-/deterministic-object-hash-2.0.2.tgz 0ms (cache hit)
500 http cache cookie-es@https://registry.npmjs.org/cookie-es/-/cookie-es-1.2.3.tgz 0ms (cache hit)
501 http cache css-select@https://registry.npmjs.org/css-select/-/css-select-5.2.2.tgz 0ms (cache hit)
502 http cache common-ancestor-path@https://registry.npmjs.org/common-ancestor-path/-/common-ancestor-path-1.0.1.tgz 0ms (cache hit)
503 http cache cookie@https://registry.npmjs.org/cookie/-/cookie-1.1.1.tgz 0ms (cache hit)
504 http cache crossws@https://registry.npmjs.org/crossws/-/crossws-0.3.5.tgz 0ms (cache hit)
505 http cache commander@https://registry.npmjs.org/commander/-/commander-11.1.0.tgz 0ms (cache hit)
506 http cache comma-separated-tokens@https://registry.npmjs.org/comma-separated-tokens/-/comma-separated-tokens-2.0.3.tgz 0ms (cache hit)
507 http cache clsx@https://registry.npmjs.org/clsx/-/clsx-2.1.1.tgz 0ms (cache hit)
508 http cache cli-boxes@https://registry.npmjs.org/cli-boxes/-/cli-boxes-3.0.0.tgz 0ms (cache hit)
509 http cache ci-info@https://registry.npmjs.org/ci-info/-/ci-info-4.4.0.tgz 0ms (cache hit)
510 http cache chokidar@https://registry.npmjs.org/chokidar/-/chokidar-5.0.0.tgz 0ms (cache hit)
511 http cache character-entities-legacy@https://registry.npmjs.org/character-entities-legacy/-/character-entities-legacy-3.0.0.tgz 0ms (cache hit)
512 http cache character-entities-html4@https://registry.npmjs.org/character-entities-html4/-/character-entities-html4-2.1.0.tgz 0ms (cache hit)
513 http cache ccount@https://registry.npmjs.org/ccount/-/ccount-2.0.1.tgz 0ms (cache hit)
514 http cache chalk@https://registry.npmjs.org/chalk/-/chalk-5.6.2.tgz 0ms (cache hit)
515 http cache character-entities@https://registry.npmjs.org/character-entities/-/character-entities-2.0.2.tgz 0ms (cache hit)
516 http cache camelcase@https://registry.npmjs.org/camelcase/-/camelcase-8.0.0.tgz 0ms (cache hit)
517 http cache base-64@https://registry.npmjs.org/base-64/-/base-64-1.0.0.tgz 0ms (cache hit)
518 http cache boolbase@https://registry.npmjs.org/boolbase/-/boolbase-1.0.0.tgz 0ms (cache hit)
519 http cache astro@https://registry.npmjs.org/astro/-/astro-5.18.1.tgz 0ms (cache hit)
520 http cache bail@https://registry.npmjs.org/bail/-/bail-2.0.2.tgz 0ms (cache hit)
521 http cache boxen@https://registry.npmjs.org/boxen/-/boxen-8.0.1.tgz 0ms (cache hit)
522 http cache axobject-query@https://registry.npmjs.org/axobject-query/-/axobject-query-4.1.0.tgz 0ms (cache hit)
523 http cache aria-query@https://registry.npmjs.org/aria-query/-/aria-query-5.3.2.tgz 0ms (cache hit)
524 http cache array-iterate@https://registry.npmjs.org/array-iterate/-/array-iterate-2.0.1.tgz 0ms (cache hit)
525 http cache argparse@https://registry.npmjs.org/argparse/-/argparse-2.0.1.tgz 0ms (cache hit)
526 http cache ansi-styles@https://registry.npmjs.org/ansi-styles/-/ansi-styles-6.2.3.tgz 0ms (cache hit)
527 http cache arg@https://registry.npmjs.org/arg/-/arg-5.0.2.tgz 0ms (cache hit)
528 http cache @ungap/structured-clone@https://registry.npmjs.org/@ungap/structured-clone/-/structured-clone-1.3.1.tgz 0ms (cache hit)
529 http cache ansi-regex@https://registry.npmjs.org/ansi-regex/-/ansi-regex-6.2.2.tgz 0ms (cache hit)
530 http cache acorn@https://registry.npmjs.org/acorn/-/acorn-8.16.0.tgz 0ms (cache hit)
531 http cache @types/unist@https://registry.npmjs.org/@types/unist/-/unist-3.0.3.tgz 0ms (cache hit)
532 http cache anymatch@https://registry.npmjs.org/anymatch/-/anymatch-3.1.3.tgz 0ms (cache hit)
533 http cache ansi-align@https://registry.npmjs.org/ansi-align/-/ansi-align-3.0.1.tgz 0ms (cache hit)
534 http cache @types/sax@https://registry.npmjs.org/@types/sax/-/sax-1.2.7.tgz 0ms (cache hit)
535 http cache @types/ms@https://registry.npmjs.org/@types/ms/-/ms-2.1.0.tgz 0ms (cache hit)
536 http cache @types/mdast@https://registry.npmjs.org/@types/mdast/-/mdast-4.0.4.tgz 1ms (cache hit)
537 http cache @types/node@https://registry.npmjs.org/@types/node/-/node-24.12.3.tgz 0ms (cache hit)
538 http cache @types/nlcst@https://registry.npmjs.org/@types/nlcst/-/nlcst-2.0.3.tgz 0ms (cache hit)
539 http cache @tybys/wasm-util@https://registry.npmjs.org/@tybys/wasm-util/-/wasm-util-0.10.2.tgz 0ms (cache hit)
540 http cache @types/hast@https://registry.npmjs.org/@types/hast/-/hast-3.0.4.tgz 0ms (cache hit)
541 http cache @types/estree@https://registry.npmjs.org/@types/estree/-/estree-1.0.9.tgz 0ms (cache hit)
542 http cache @types/debug@https://registry.npmjs.org/@types/debug/-/debug-4.1.13.tgz 0ms (cache hit)
543 http cache @shikijs/types@https://registry.npmjs.org/@shikijs/types/-/types-3.23.0.tgz 0ms (cache hit)
544 http cache @shikijs/vscode-textmate@https://registry.npmjs.org/@shikijs/vscode-textmate/-/vscode-textmate-10.0.2.tgz 0ms (cache hit)
545 http cache @tailwindcss/oxide-win32-x64-msvc@https://registry.npmjs.org/@tailwindcss/oxide-win32-x64-msvc/-/oxide-win32-x64-msvc-4.3.0.tgz 0ms (cache hit)
546 http cache @tailwindcss/oxide@https://registry.npmjs.org/@tailwindcss/oxide/-/oxide-4.3.0.tgz 0ms (cache hit)
547 http cache @shikijs/themes@https://registry.npmjs.org/@shikijs/themes/-/themes-3.23.0.tgz 0ms (cache hit)
548 http cache @tailwindcss/node@https://registry.npmjs.org/@tailwindcss/node/-/node-4.3.0.tgz 0ms (cache hit)
549 http cache @shikijs/engine-oniguruma@https://registry.npmjs.org/@shikijs/engine-oniguruma/-/engine-oniguruma-3.23.0.tgz 0ms (cache hit)
550 http cache @shikijs/langs@https://registry.npmjs.org/@shikijs/langs/-/langs-3.23.0.tgz 0ms (cache hit)
551 http cache @shikijs/core@https://registry.npmjs.org/@shikijs/core/-/core-3.23.0.tgz 0ms (cache hit)
552 http cache @shikijs/engine-javascript@https://registry.npmjs.org/@shikijs/engine-javascript/-/engine-javascript-3.23.0.tgz 0ms (cache hit)
553 http cache @tailwindcss/vite@https://registry.npmjs.org/@tailwindcss/vite/-/vite-4.3.0.tgz 0ms (cache hit)
554 http cache @oxc-project/types@https://registry.npmjs.org/@oxc-project/types/-/types-0.128.0.tgz 0ms (cache hit)
555 http cache @rollup/rollup-win32-x64-msvc@https://registry.npmjs.org/@rollup/rollup-win32-x64-msvc/-/rollup-win32-x64-msvc-4.60.3.tgz 0ms (cache hit)
556 http cache @rollup/rollup-win32-x64-gnu@https://registry.npmjs.org/@rollup/rollup-win32-x64-gnu/-/rollup-win32-x64-gnu-4.60.3.tgz 0ms (cache hit)
557 http cache @rollup/pluginutils@https://registry.npmjs.org/@rollup/pluginutils/-/pluginutils-5.3.0.tgz 0ms (cache hit)
558 http cache @rolldown/binding-win32-x64-msvc@https://registry.npmjs.org/@rolldown/binding-win32-x64-msvc/-/binding-win32-x64-msvc-1.0.0-rc.18.tgz 0ms (cache hit)
559 http cache @napi-rs/wasm-runtime@https://registry.npmjs.org/@napi-rs/wasm-runtime/-/wasm-runtime-1.1.4.tgz 0ms (cache hit)
560 http cache @oslojs/encoding@https://registry.npmjs.org/@oslojs/encoding/-/encoding-1.1.0.tgz 0ms (cache hit)
561 http cache @rolldown/pluginutils@https://registry.npmjs.org/@rolldown/pluginutils/-/pluginutils-1.0.0-rc.18.tgz 0ms (cache hit)
562 http cache @jridgewell/trace-mapping@https://registry.npmjs.org/@jridgewell/trace-mapping/-/trace-mapping-0.3.31.tgz 0ms (cache hit)
563 http cache @jridgewell/sourcemap-codec@https://registry.npmjs.org/@jridgewell/sourcemap-codec/-/sourcemap-codec-1.5.5.tgz 0ms (cache hit)
564 http cache @jridgewell/resolve-uri@https://registry.npmjs.org/@jridgewell/resolve-uri/-/resolve-uri-3.1.2.tgz 0ms (cache hit)
565 http cache @jridgewell/remapping@https://registry.npmjs.org/@jridgewell/remapping/-/remapping-2.3.5.tgz 0ms (cache hit)
566 http cache @jridgewell/gen-mapping@https://registry.npmjs.org/@jridgewell/gen-mapping/-/gen-mapping-0.3.13.tgz 0ms (cache hit)
567 http cache @esbuild/win32-x64@https://registry.npmjs.org/@esbuild/win32-x64/-/win32-x64-0.27.7.tgz 0ms (cache hit)
568 http cache @emnapi/wasi-threads@https://registry.npmjs.org/@emnapi/wasi-threads/-/wasi-threads-1.2.1.tgz 0ms (cache hit)
569 http cache @img/sharp-win32-x64@https://registry.npmjs.org/@img/sharp-win32-x64/-/sharp-win32-x64-0.34.5.tgz 0ms (cache hit)
570 http cache @img/colour@https://registry.npmjs.org/@img/colour/-/colour-1.1.0.tgz 0ms (cache hit)
571 http cache @emnapi/runtime@https://registry.npmjs.org/@emnapi/runtime/-/runtime-1.10.0.tgz 0ms (cache hit)
572 http cache @emnapi/core@https://registry.npmjs.org/@emnapi/core/-/core-1.10.0.tgz 0ms (cache hit)
573 http cache @babel/parser@https://registry.npmjs.org/@babel/parser/-/parser-7.29.3.tgz 0ms (cache hit)
574 http cache @babel/types@https://registry.npmjs.org/@babel/types/-/types-7.29.0.tgz 0ms (cache hit)
575 http cache @astrojs/telemetry@https://registry.npmjs.org/@astrojs/telemetry/-/telemetry-3.3.0.tgz 0ms (cache hit)
576 http cache @babel/helper-validator-identifier@https://registry.npmjs.org/@babel/helper-validator-identifier/-/helper-validator-identifier-7.28.5.tgz 0ms (cache hit)
577 http cache @babel/helper-string-parser@https://registry.npmjs.org/@babel/helper-string-parser/-/helper-string-parser-7.27.1.tgz 0ms (cache hit)
578 http cache @capsizecss/unpack@https://registry.npmjs.org/@capsizecss/unpack/-/unpack-4.0.0.tgz 0ms (cache hit)
579 http cache @types/estree@https://registry.npmjs.org/@types/estree/-/estree-1.0.8.tgz 0ms (cache hit)
580 http cache @astrojs/sitemap@https://registry.npmjs.org/@astrojs/sitemap/-/sitemap-3.7.2.tgz 0ms (cache hit)
581 http cache @astrojs/internal-helpers@https://registry.npmjs.org/@astrojs/internal-helpers/-/internal-helpers-0.7.6.tgz 0ms (cache hit)
582 http cache @astrojs/markdown-remark@https://registry.npmjs.org/@astrojs/markdown-remark/-/markdown-remark-6.3.11.tgz 0ms (cache hit)
583 http cache @astrojs/compiler@https://registry.npmjs.org/@astrojs/compiler/-/compiler-2.13.1.tgz 0ms (cache hit)
584 http cache entities@https://registry.npmjs.org/entities/-/entities-4.5.0.tgz 0ms (cache hit)
585 http cache @astrojs/prism@https://registry.npmjs.org/@astrojs/prism/-/prism-3.3.0.tgz 0ms (cache hit)
586 http cache css-tree@https://registry.npmjs.org/css-tree/-/css-tree-2.2.1.tgz 0ms (cache hit)
587 http cache zod-to-ts@https://registry.npmjs.org/zod-to-ts/-/zod-to-ts-1.2.0.tgz 0ms (cache hit)
588 http cache esbuild@https://registry.npmjs.org/esbuild/-/esbuild-0.25.12.tgz 0ms (cache hit)
589 http cache mdn-data@https://registry.npmjs.org/mdn-data/-/mdn-data-2.0.28.tgz 0ms (cache hit)
590 http cache picomatch@https://registry.npmjs.org/picomatch/-/picomatch-2.3.2.tgz 0ms (cache hit)
591 http cache zod@https://registry.npmjs.org/zod/-/zod-3.25.76.tgz 0ms (cache hit)
592 http cache string-width@https://registry.npmjs.org/string-width/-/string-width-4.2.3.tgz 0ms (cache hit)
593 http cache @esbuild/win32-x64@https://registry.npmjs.org/@esbuild/win32-x64/-/win32-x64-0.25.12.tgz 0ms (cache hit)
594 http cache estree-walker@https://registry.npmjs.org/estree-walker/-/estree-walker-2.0.2.tgz 0ms (cache hit)
595 http cache vite@https://registry.npmjs.org/vite/-/vite-6.4.2.tgz 0ms (cache hit)
596 http cache strip-ansi@https://registry.npmjs.org/strip-ansi/-/strip-ansi-6.0.1.tgz 0ms (cache hit)
597 http cache emoji-regex@https://registry.npmjs.org/emoji-regex/-/emoji-regex-8.0.0.tgz 0ms (cache hit)
598 http cache ansi-regex@https://registry.npmjs.org/ansi-regex/-/ansi-regex-5.0.1.tgz 0ms (cache hit)
599 http fetch POST 200 https://registry.npmjs.org/-/npm/v1/security/advisories/bulk 948ms
600 silly audit report {
600 silly audit report   astro: [
600 silly audit report     {
600 silly audit report       id: 1117141,
600 silly audit report       url: 'https://github.com/advisories/GHSA-j687-52p2-xcff',
600 silly audit report       title: 'Astro: XSS in define:vars via incomplete </script> tag sanitization',
600 silly audit report       severity: 'moderate',
600 silly audit report       vulnerable_versions: '<6.1.6',
600 silly audit report       cwe: [Array],
600 silly audit report       cvss: [Object]
600 silly audit report     }
600 silly audit report   ]
600 silly audit report }
601 silly packumentCache corgi:https://registry.npmjs.org/astro cache-miss
602 http cache https://registry.npmjs.org/astro 139ms (cache hit)
603 silly packumentCache corgi:https://registry.npmjs.org/astro set size:4371718 disposed:false
604 info run sharp@0.34.5 install node_modules/sharp node install/check.js || npm run build
605 info run sharp@0.34.5 install { code: 0, signal: null }
606 info run esbuild@0.27.7 postinstall node_modules/esbuild node install.js
607 info run esbuild@0.25.12 postinstall node_modules/astro/node_modules/vite/node_modules/esbuild node install.js
608 info run esbuild@0.27.7 postinstall { code: 0, signal: null }
609 info run esbuild@0.25.12 postinstall { code: 0, signal: null }
610 silly ADD node_modules/zwitch
611 silly ADD node_modules/zod-to-json-schema
612 silly ADD node_modules/zod
613 silly ADD node_modules/yoctocolors
614 silly ADD node_modules/yocto-spinner
615 silly ADD node_modules/yocto-queue
616 silly ADD node_modules/yargs-parser
617 silly ADD node_modules/xxhash-wasm
618 silly ADD node_modules/wrap-ansi
619 silly ADD node_modules/widest-line
620 silly ADD node_modules/which-pm-runs
621 silly ADD node_modules/web-namespaces
622 silly ADD node_modules/vitefu
623 silly ADD node_modules/vite
624 silly ADD
625 silly ADD node_modules/vfile-message
626 silly ADD node_modules/vfile-location
627 silly ADD node_modules/vfile
628 silly ADD node_modules/unstorage
629 silly ADD node_modules/unist-util-visit-parents
630 silly ADD node_modules/unist-util-visit-children
631 silly ADD node_modules/unist-util-visit
632 silly ADD node_modules/unist-util-stringify-position
633 silly ADD node_modules/unist-util-remove-position
634 silly ADD node_modules/unist-util-position
635 silly ADD node_modules/unist-util-modify-children
636 silly ADD node_modules/unist-util-is
637 silly ADD node_modules/unist-util-find-after
638 silly ADD node_modules/unifont
639 silly ADD node_modules/unified
640 silly ADD node_modules/undici-types
641 silly ADD node_modules/uncrypto
642 silly ADD node_modules/ultrahtml
643 silly ADD node_modules/ufo
644 silly ADD node_modules/typescript
645 silly ADD node_modules/type-fest
646 silly ADD node_modules/tslib
647 silly ADD node_modules/tsconfck
648 silly ADD node_modules/trough
649 silly ADD node_modules/trim-lines
650 silly ADD node_modules/tinyglobby
651 silly ADD node_modules/tinyexec
652 silly ADD node_modules/tiny-inflate
653 silly ADD node_modules/tapable
654 silly ADD node_modules/tailwindcss
655 silly ADD node_modules/svgo
656 silly ADD node_modules/strip-ansi
657 silly ADD node_modules/stringify-entities
658 silly ADD node_modules/string-width
659 silly ADD node_modules/stream-replace-string
660 silly ADD node_modules/space-separated-tokens
661 silly ADD node_modules/source-map-js
662 silly ADD node_modules/smol-toml
663 silly ADD node_modules/sitemap
664 silly ADD node_modules/sisteransi
665 silly ADD node_modules/shiki
666 silly ADD node_modules/sharp
667 silly ADD node_modules/semver
668 silly ADD node_modules/sax
669 silly ADD node_modules/rollup
670 silly ADD node_modules/rollup/node_modules/@types/estree
671 silly ADD node_modules/rolldown
672 silly ADD node_modules/retext-stringify
673 silly ADD node_modules/retext-smartypants
674 silly ADD node_modules/retext-latin
675 silly ADD node_modules/retext
676 silly ADD node_modules/remark-stringify
677 silly ADD node_modules/remark-smartypants
678 silly ADD node_modules/remark-rehype
679 silly ADD node_modules/remark-parse
680 silly ADD node_modules/remark-gfm
681 silly ADD node_modules/rehype-stringify
682 silly ADD node_modules/rehype-raw
683 silly ADD node_modules/rehype-parse
684 silly ADD node_modules/rehype
685 silly ADD node_modules/regex-utilities
686 silly ADD node_modules/regex-recursion
687 silly ADD node_modules/regex
688 silly ADD node_modules/readdirp
689 silly ADD node_modules/radix3
690 silly ADD node_modules/property-information
691 silly ADD node_modules/prompts
692 silly ADD node_modules/prismjs
693 silly ADD node_modules/postcss
694 silly ADD node_modules/playwright-core
695 silly ADD node_modules/playwright
696 silly ADD node_modules/picomatch
697 silly ADD node_modules/picocolors
698 silly ADD node_modules/piccolore
699 silly ADD node_modules/parse5
700 silly ADD node_modules/parse-latin
701 silly ADD node_modules/package-manager-detector
702 silly ADD node_modules/p-timeout
703 silly ADD node_modules/p-queue
704 silly ADD node_modules/p-limit
705 silly ADD node_modules/oniguruma-to-es
706 silly ADD node_modules/oniguruma-parser
707 silly ADD node_modules/ohash
708 silly ADD node_modules/ofetch
709 silly ADD node_modules/nth-check
710 silly ADD node_modules/normalize-path
711 silly ADD node_modules/node-mock-http
712 silly ADD node_modules/node-fetch-native
713 silly ADD node_modules/nlcst-to-string
714 silly ADD node_modules/neotraverse
715 silly ADD node_modules/nanoid
716 silly ADD node_modules/ms
717 silly ADD node_modules/mrmime
718 silly ADD node_modules/micromark-util-types
719 silly ADD node_modules/micromark-util-symbol
720 silly ADD node_modules/micromark-util-subtokenize
721 silly ADD node_modules/micromark-util-sanitize-uri
722 silly ADD node_modules/micromark-util-resolve-all
723 silly ADD node_modules/micromark-util-normalize-identifier
724 silly ADD node_modules/micromark-util-html-tag-name
725 silly ADD node_modules/micromark-util-encode
726 silly ADD node_modules/micromark-util-decode-string
727 silly ADD node_modules/micromark-util-decode-numeric-character-reference
728 silly ADD node_modules/micromark-util-combine-extensions
729 silly ADD node_modules/micromark-util-classify-character
730 silly ADD node_modules/micromark-util-chunked
731 silly ADD node_modules/micromark-util-character
732 silly ADD node_modules/micromark-factory-whitespace
733 silly ADD node_modules/micromark-factory-title
734 silly ADD node_modules/micromark-factory-space
735 silly ADD node_modules/micromark-factory-label
736 silly ADD node_modules/micromark-factory-destination
737 silly ADD node_modules/micromark-extension-gfm-task-list-item
738 silly ADD node_modules/micromark-extension-gfm-tagfilter
739 silly ADD node_modules/micromark-extension-gfm-table
740 silly ADD node_modules/micromark-extension-gfm-strikethrough
741 silly ADD node_modules/micromark-extension-gfm-footnote
742 silly ADD node_modules/micromark-extension-gfm-autolink-literal
743 silly ADD node_modules/micromark-extension-gfm
744 silly ADD node_modules/micromark-core-commonmark
745 silly ADD node_modules/micromark
746 silly ADD node_modules/mdn-data
747 silly ADD node_modules/mdast-util-to-string
748 silly ADD node_modules/mdast-util-to-markdown
749 silly ADD node_modules/mdast-util-to-hast
750 silly ADD node_modules/mdast-util-phrasing
751 silly ADD node_modules/mdast-util-gfm-task-list-item
752 silly ADD node_modules/mdast-util-gfm-table
753 silly ADD node_modules/mdast-util-gfm-strikethrough
754 silly ADD node_modules/mdast-util-gfm-footnote
755 silly ADD node_modules/mdast-util-gfm-autolink-literal
756 silly ADD node_modules/mdast-util-gfm
757 silly ADD node_modules/mdast-util-from-markdown
758 silly ADD node_modules/mdast-util-find-and-replace
759 silly ADD node_modules/mdast-util-definitions
760 silly ADD node_modules/markdown-table
761 silly ADD node_modules/magicast
762 silly ADD node_modules/magic-string
763 silly ADD node_modules/lru-cache
764 silly ADD node_modules/longest-streak
765 silly ADD node_modules/lightningcss-win32-x64-msvc
766 silly ADD
767 silly ADD
768 silly ADD
769 silly ADD
770 silly ADD
771 silly ADD
772 silly ADD
773 silly ADD
774 silly ADD
775 silly ADD
776 silly ADD node_modules/lightningcss
777 silly ADD node_modules/kleur
778 silly ADD node_modules/js-yaml
779 silly ADD node_modules/jiti
780 silly ADD node_modules/is-wsl
781 silly ADD node_modules/is-plain-obj
782 silly ADD node_modules/is-inside-container
783 silly ADD node_modules/is-fullwidth-code-point
784 silly ADD node_modules/is-docker
785 silly ADD node_modules/iron-webcrypto
786 silly ADD node_modules/import-meta-resolve
787 silly ADD node_modules/http-cache-semantics
788 silly ADD node_modules/html-void-elements
789 silly ADD node_modules/html-escaper
790 silly ADD node_modules/hastscript
791 silly ADD node_modules/hast-util-whitespace
792 silly ADD node_modules/hast-util-to-text
793 silly ADD node_modules/hast-util-to-parse5
794 silly ADD node_modules/hast-util-to-html
795 silly ADD node_modules/hast-util-raw
796 silly ADD node_modules/hast-util-parse-selector
797 silly ADD node_modules/hast-util-is-element
798 silly ADD node_modules/hast-util-from-parse5
799 silly ADD node_modules/hast-util-from-html
800 silly ADD node_modules/h3
801 silly ADD node_modules/graceful-fs
802 silly ADD node_modules/github-slugger
803 silly ADD node_modules/get-east-asian-width
804 silly ADD
805 silly ADD node_modules/fontkitten
806 silly ADD node_modules/fontace
807 silly ADD node_modules/flattie
808 silly ADD node_modules/fdir
809 silly ADD node_modules/extend
810 silly ADD node_modules/eventemitter3
811 silly ADD node_modules/estree-walker
812 silly ADD node_modules/escape-string-regexp
813 silly ADD node_modules/esbuild
814 silly ADD node_modules/es-module-lexer
815 silly ADD node_modules/entities
816 silly ADD node_modules/enhanced-resolve
817 silly ADD node_modules/emoji-regex
818 silly ADD node_modules/dset
819 silly ADD node_modules/domutils
820 silly ADD node_modules/domhandler
821 silly ADD node_modules/domelementtype
822 silly ADD node_modules/dom-serializer
823 silly ADD node_modules/dom-serializer/node_modules/entities
824 silly ADD node_modules/dlv
825 silly ADD node_modules/diff
826 silly ADD node_modules/devlop
827 silly ADD node_modules/devalue
828 silly ADD node_modules/deterministic-object-hash
829 silly ADD node_modules/detect-libc
830 silly ADD node_modules/destr
831 silly ADD node_modules/dequal
832 silly ADD node_modules/defu
833 silly ADD node_modules/decode-named-character-reference
834 silly ADD node_modules/debug
835 silly ADD node_modules/csso
836 silly ADD node_modules/csso/node_modules/mdn-data
837 silly ADD node_modules/csso/node_modules/css-tree
838 silly ADD node_modules/cssesc
839 silly ADD node_modules/css-what
840 silly ADD node_modules/css-tree
841 silly ADD node_modules/css-select
842 silly ADD node_modules/crossws
843 silly ADD node_modules/cookie-es
844 silly ADD node_modules/cookie
845 silly ADD node_modules/common-ancestor-path
846 silly ADD node_modules/commander
847 silly ADD node_modules/comma-separated-tokens
848 silly ADD node_modules/clsx
849 silly ADD node_modules/cli-boxes
850 silly ADD node_modules/ci-info
851 silly ADD node_modules/chokidar
852 silly ADD node_modules/character-entities-legacy
853 silly ADD node_modules/character-entities-html4
854 silly ADD node_modules/character-entities
855 silly ADD node_modules/chalk
856 silly ADD node_modules/ccount
857 silly ADD node_modules/camelcase
858 silly ADD node_modules/boxen
859 silly ADD node_modules/boolbase
860 silly ADD node_modules/base-64
861 silly ADD node_modules/bail
862 silly ADD node_modules/axobject-query
863 silly ADD node_modules/astro
864 silly ADD node_modules/astro/node_modules/zod-to-ts
865 silly ADD node_modules/astro/node_modules/zod
866 silly ADD node_modules/astro/node_modules/vite
867 silly ADD node_modules/astro/node_modules/vite/node_modules/esbuild
868 silly ADD
869 silly ADD node_modules/astro/node_modules/@esbuild/win32-x64
870 silly ADD
871 silly ADD
872 silly ADD
873 silly ADD
874 silly ADD
875 silly ADD
876 silly ADD
877 silly ADD
878 silly ADD
879 silly ADD
880 silly ADD
881 silly ADD
882 silly ADD
883 silly ADD
884 silly ADD
885 silly ADD
886 silly ADD
887 silly ADD
888 silly ADD
889 silly ADD
890 silly ADD
891 silly ADD
892 silly ADD
893 silly ADD
894 silly ADD
895 silly ADD node_modules/array-iterate
896 silly ADD node_modules/aria-query
897 silly ADD node_modules/argparse
898 silly ADD node_modules/arg
899 silly ADD node_modules/anymatch
900 silly ADD node_modules/anymatch/node_modules/picomatch
901 silly ADD node_modules/ansi-styles
902 silly ADD node_modules/ansi-regex
903 silly ADD node_modules/ansi-align
904 silly ADD node_modules/ansi-align/node_modules/strip-ansi
905 silly ADD node_modules/ansi-align/node_modules/string-width
906 silly ADD node_modules/ansi-align/node_modules/emoji-regex
907 silly ADD node_modules/ansi-align/node_modules/ansi-regex
908 silly ADD node_modules/acorn
909 silly ADD node_modules/@ungap/structured-clone
910 silly ADD node_modules/@types/unist
911 silly ADD node_modules/@types/sax
912 silly ADD node_modules/@types/node
913 silly ADD node_modules/@types/nlcst
914 silly ADD node_modules/@types/ms
915 silly ADD node_modules/@types/mdast
916 silly ADD node_modules/@types/hast
917 silly ADD node_modules/@types/estree
918 silly ADD node_modules/@types/debug
919 silly ADD node_modules/@tybys/wasm-util
920 silly ADD node_modules/@tailwindcss/vite
921 silly ADD node_modules/@tailwindcss/oxide-win32-x64-msvc
922 silly ADD
923 silly ADD
924 silly ADD
925 silly ADD
926 silly ADD
927 silly ADD
928 silly ADD
929 silly ADD
930 silly ADD
931 silly ADD
932 silly ADD
933 silly ADD node_modules/@tailwindcss/oxide
934 silly ADD node_modules/@tailwindcss/node
935 silly ADD node_modules/@shikijs/vscode-textmate
936 silly ADD node_modules/@shikijs/types
937 silly ADD node_modules/@shikijs/themes
938 silly ADD node_modules/@shikijs/langs
939 silly ADD node_modules/@shikijs/engine-oniguruma
940 silly ADD node_modules/@shikijs/engine-javascript
941 silly ADD node_modules/@shikijs/core
942 silly ADD node_modules/@rollup/rollup-win32-x64-msvc
943 silly ADD node_modules/@rollup/rollup-win32-x64-gnu
944 silly ADD
945 silly ADD
946 silly ADD
947 silly ADD
948 silly ADD
949 silly ADD
950 silly ADD
951 silly ADD
952 silly ADD
953 silly ADD
954 silly ADD
955 silly ADD
956 silly ADD
957 silly ADD
958 silly ADD
959 silly ADD
960 silly ADD
961 silly ADD
962 silly ADD
963 silly ADD
964 silly ADD
965 silly ADD
966 silly ADD
967 silly ADD node_modules/@rollup/pluginutils
968 silly ADD node_modules/@rollup/pluginutils/node_modules/estree-walker
969 silly ADD node_modules/@rolldown/pluginutils
970 silly ADD node_modules/@rolldown/binding-win32-x64-msvc
971 silly ADD
972 silly ADD
973 silly ADD
974 silly ADD
975 silly ADD
976 silly ADD
977 silly ADD
978 silly ADD
979 silly ADD
980 silly ADD
981 silly ADD
982 silly ADD
983 silly ADD
984 silly ADD
985 silly ADD node_modules/@oxc-project/types
986 silly ADD node_modules/@oslojs/encoding
987 silly ADD node_modules/@napi-rs/wasm-runtime
988 silly ADD node_modules/@jridgewell/trace-mapping
989 silly ADD node_modules/@jridgewell/sourcemap-codec
990 silly ADD node_modules/@jridgewell/resolve-uri
991 silly ADD node_modules/@jridgewell/remapping
992 silly ADD node_modules/@jridgewell/gen-mapping
993 silly ADD node_modules/@img/sharp-win32-x64
994 silly ADD
995 silly ADD
996 silly ADD
997 silly ADD
998 silly ADD
999 silly ADD
1000 silly ADD
1001 silly ADD
1002 silly ADD
1003 silly ADD
1004 silly ADD
1005 silly ADD
1006 silly ADD
1007 silly ADD
1008 silly ADD
1009 silly ADD
1010 silly ADD
1011 silly ADD
1012 silly ADD
1013 silly ADD
1014 silly ADD
1015 silly ADD
1016 silly ADD
1017 silly ADD node_modules/@img/colour
1018 silly ADD node_modules/@esbuild/win32-x64
1019 silly ADD
1020 silly ADD
1021 silly ADD
1022 silly ADD
1023 silly ADD
1024 silly ADD
1025 silly ADD
1026 silly ADD
1027 silly ADD
1028 silly ADD
1029 silly ADD
1030 silly ADD
1031 silly ADD
1032 silly ADD
1033 silly ADD
1034 silly ADD
1035 silly ADD
1036 silly ADD
1037 silly ADD
1038 silly ADD
1039 silly ADD
1040 silly ADD
1041 silly ADD
1042 silly ADD
1043 silly ADD
1044 silly ADD node_modules/@emnapi/wasi-threads
1045 silly ADD node_modules/@emnapi/runtime
1046 silly ADD node_modules/@emnapi/core
1047 silly ADD node_modules/@capsizecss/unpack
1048 silly ADD node_modules/@babel/types
1049 silly ADD node_modules/@babel/parser
1050 silly ADD node_modules/@babel/helper-validator-identifier
1051 silly ADD node_modules/@babel/helper-string-parser
1052 silly ADD node_modules/@astrojs/telemetry
1053 silly ADD node_modules/@astrojs/sitemap
1054 silly ADD node_modules/@astrojs/prism
1055 silly ADD node_modules/@astrojs/markdown-remark
1056 silly ADD node_modules/@astrojs/internal-helpers
1057 silly ADD node_modules/@astrojs/compiler
1058 verbose cwd C:\Users\Risix\Desktop\Projects\RamirezLandscaping
1059 verbose os Windows_NT 10.0.26200
1060 verbose node v24.13.0
1061 verbose npm  v10.9.2
1062 verbose exit 0
1063 info ok
