0 verbose cli C:\Program Files\nodejs\node.exe C:\Users\Risix\Desktop\Projects\RamirezLandscaping\.npm-cache\_npx\753985bec210f4c7\node_modules\npm\bin\npm-cli.js
1 info using npm@10.9.2
2 info using node@v24.13.0
3 silly config load:file:C:\Users\Risix\Desktop\Projects\RamirezLandscaping\.npm-cache\_npx\753985bec210f4c7\node_modules\npm\npmrc
4 silly config load:file:C:\Users\Risix\Desktop\Projects\RamirezLandscaping\tmp-lockcheck\.npmrc
5 silly config load:file:C:\Users\Risix\.npmrc
6 silly config load:file:C:\Users\Risix\AppData\Roaming\npm\etc\npmrc
7 verbose title npm install
8 verbose argv "install"
9 verbose logfile logs-max:10 dir:C:\Users\Risix\Desktop\Projects\RamirezLandscaping\.npm-cache\_logs\2026-05-10T00_16_46_698Z-
10 verbose logfile C:\Users\Risix\Desktop\Projects\RamirezLandscaping\.npm-cache\_logs\2026-05-10T00_16_46_698Z-debug-0.log
11 silly logfile start cleaning logs, removing 1 files
12 silly packumentCache heap:4496293888 maxSize:1124073472 maxEntrySize:562036736
13 silly logfile done cleaning log files
14 silly idealTree buildDeps
15 silly fetch manifest @astrojs/sitemap@^3.6.0
16 silly packumentCache full:https://registry.npmjs.org/@astrojs%2fsitemap cache-miss
17 http fetch GET 200 https://registry.npmjs.org/@astrojs%2fsitemap 229ms (cache miss)
18 silly packumentCache full:https://registry.npmjs.org/@astrojs%2fsitemap set size:undefined disposed:false
19 silly fetch manifest @tailwindcss/vite@^4.1.8
20 silly packumentCache full:https://registry.npmjs.org/@tailwindcss%2fvite cache-miss
21 http fetch GET 200 https://registry.npmjs.org/@tailwindcss%2fvite 141ms (cache miss)
22 silly packumentCache full:https://registry.npmjs.org/@tailwindcss%2fvite set size:undefined disposed:false
23 silly fetch manifest vite@^5.2.0 || ^6 || ^7 || ^8
24 silly packumentCache full:https://registry.npmjs.org/vite cache-miss
25 http fetch GET 200 https://registry.npmjs.org/vite 1213ms (cache miss)
26 silly packumentCache full:https://registry.npmjs.org/vite set size:undefined disposed:false
27 silly fetch manifest @types/node@^20.19.0 || >=22.12.0
28 silly packumentCache full:https://registry.npmjs.org/@types%2fnode cache-miss
29 http fetch GET 200 https://registry.npmjs.org/@types%2fnode 178ms (cache miss)
30 silly packumentCache full:https://registry.npmjs.org/@types%2fnode set size:undefined disposed:false
31 silly fetch manifest @vitejs/devtools@^0.1.18
32 silly packumentCache full:https://registry.npmjs.org/@vitejs%2fdevtools cache-miss
33 http fetch GET 200 https://registry.npmjs.org/@vitejs%2fdevtools 57ms (cache miss)
34 silly packumentCache full:https://registry.npmjs.org/@vitejs%2fdevtools set size:undefined disposed:false
35 silly fetch manifest esbuild@^0.27.0 || ^0.28.0
36 silly packumentCache full:https://registry.npmjs.org/esbuild cache-miss
37 http fetch GET 200 https://registry.npmjs.org/esbuild 80ms (cache miss)
38 silly packumentCache full:https://registry.npmjs.org/esbuild set size:undefined disposed:false
39 silly fetch manifest jiti@>=1.21.0
40 silly packumentCache full:https://registry.npmjs.org/jiti cache-miss
41 http fetch GET 200 https://registry.npmjs.org/jiti 52ms (cache miss)
42 silly packumentCache full:https://registry.npmjs.org/jiti set size:undefined disposed:false
43 silly fetch manifest less@^4.0.0
44 silly packumentCache full:https://registry.npmjs.org/less cache-miss
45 http fetch GET 200 https://registry.npmjs.org/less 68ms (cache miss)
46 silly packumentCache full:https://registry.npmjs.org/less set size:undefined disposed:false
47 silly fetch manifest sass@^1.70.0
48 silly packumentCache full:https://registry.npmjs.org/sass cache-miss
49 http fetch GET 200 https://registry.npmjs.org/sass 61ms (cache miss)
50 silly packumentCache full:https://registry.npmjs.org/sass set size:undefined disposed:false
51 silly fetch manifest sass-embedded@^1.70.0
52 silly packumentCache full:https://registry.npmjs.org/sass-embedded cache-miss
53 http fetch GET 200 https://registry.npmjs.org/sass-embedded 54ms (cache miss)
54 silly packumentCache full:https://registry.npmjs.org/sass-embedded set size:undefined disposed:false
55 silly fetch manifest stylus@>=0.54.8
56 silly packumentCache full:https://registry.npmjs.org/stylus cache-miss
57 http fetch GET 200 https://registry.npmjs.org/stylus 52ms (cache miss)
58 silly packumentCache full:https://registry.npmjs.org/stylus set size:undefined disposed:false
59 silly fetch manifest sugarss@^5.0.0
60 silly packumentCache full:https://registry.npmjs.org/sugarss cache-miss
61 http fetch GET 200 https://registry.npmjs.org/sugarss 40ms (cache miss)
62 silly packumentCache full:https://registry.npmjs.org/sugarss set size:undefined disposed:false
63 silly fetch manifest postcss@^8.3.3
64 silly packumentCache full:https://registry.npmjs.org/postcss cache-miss
65 http fetch GET 200 https://registry.npmjs.org/postcss 52ms (cache miss)
66 silly packumentCache full:https://registry.npmjs.org/postcss set size:undefined disposed:false
67 silly fetch manifest terser@^5.16.0
68 silly packumentCache full:https://registry.npmjs.org/terser cache-miss
69 http fetch GET 200 https://registry.npmjs.org/terser 58ms (cache miss)
70 silly packumentCache full:https://registry.npmjs.org/terser set size:undefined disposed:false
71 silly fetch manifest tsx@^4.8.1
72 silly packumentCache full:https://registry.npmjs.org/tsx cache-miss
73 http fetch GET 200 https://registry.npmjs.org/tsx 44ms (cache miss)
74 silly packumentCache full:https://registry.npmjs.org/tsx set size:undefined disposed:false
75 silly fetch manifest yaml@^2.4.2
76 silly packumentCache full:https://registry.npmjs.org/yaml cache-miss
77 http fetch GET 200 https://registry.npmjs.org/yaml 48ms (cache miss)
78 silly packumentCache full:https://registry.npmjs.org/yaml set size:undefined disposed:false
79 silly fetch manifest astro@^5.7.10
80 silly packumentCache full:https://registry.npmjs.org/astro cache-miss
81 http fetch GET 200 https://registry.npmjs.org/astro 147ms (cache miss)
82 silly packumentCache full:https://registry.npmjs.org/astro set size:undefined disposed:false
83 silly fetch manifest playwright@^1.59.1
84 silly packumentCache full:https://registry.npmjs.org/playwright cache-miss
85 http fetch GET 200 https://registry.npmjs.org/playwright 315ms (cache miss)
86 silly packumentCache full:https://registry.npmjs.org/playwright set size:undefined disposed:false
87 silly fetch manifest tailwindcss@^4.1.8
88 silly packumentCache full:https://registry.npmjs.org/tailwindcss cache-miss
89 http fetch GET 200 https://registry.npmjs.org/tailwindcss 169ms (cache miss)
90 silly packumentCache full:https://registry.npmjs.org/tailwindcss set size:undefined disposed:false
91 silly placeDep ROOT @astrojs/sitemap@3.7.2 OK for:  want: ^3.6.0
92 silly placeDep ROOT @tailwindcss/vite@4.3.0 OK for:  want: ^4.1.8
93 silly placeDep ROOT vite@8.0.11 OK for: @tailwindcss/vite@4.3.0 want: ^5.2.0 || ^6 || ^7 || ^8
94 silly placeDep ROOT astro@5.18.1 OK for:  want: ^5.7.10
95 silly placeDep ROOT playwright@1.59.1 OK for:  want: ^1.59.1
96 silly placeDep ROOT tailwindcss@4.3.0 OK for:  want: ^4.1.8
97 silly fetch manifest sitemap@^9.0.0
98 silly packumentCache full:https://registry.npmjs.org/sitemap cache-miss
99 silly fetch manifest stream-replace-string@^2.0.0
100 silly packumentCache full:https://registry.npmjs.org/stream-replace-string cache-miss
101 silly fetch manifest zod@^4.3.6
102 silly packumentCache full:https://registry.npmjs.org/zod cache-miss
103 silly fetch manifest tailwindcss@4.3.0
104 silly packumentCache full:https://registry.npmjs.org/tailwindcss cache-miss
105 silly fetch manifest @tailwindcss/node@4.3.0
106 silly packumentCache full:https://registry.npmjs.org/@tailwindcss%2fnode cache-miss
107 silly fetch manifest @tailwindcss/oxide@4.3.0
108 silly packumentCache full:https://registry.npmjs.org/@tailwindcss%2foxide cache-miss
109 silly fetch manifest postcss@^8.5.14
110 silly packumentCache full:https://registry.npmjs.org/postcss cache-miss
111 silly fetch manifest rolldown@1.0.0-rc.18
112 silly packumentCache full:https://registry.npmjs.org/rolldown cache-miss
113 silly fetch manifest picomatch@^4.0.4
114 silly packumentCache full:https://registry.npmjs.org/picomatch cache-miss
115 silly fetch manifest tinyglobby@^0.2.16
116 silly packumentCache full:https://registry.npmjs.org/tinyglobby cache-miss
117 silly fetch manifest lightningcss@^1.32.0
118 silly packumentCache full:https://registry.npmjs.org/lightningcss cache-miss
119 silly fetch manifest fsevents@~2.3.3
120 silly packumentCache full:https://registry.npmjs.org/fsevents cache-miss
121 silly fetch manifest dlv@^1.1.3
122 silly packumentCache full:https://registry.npmjs.org/dlv cache-miss
123 silly fetch manifest zod@^3.25.76
124 silly packumentCache full:https://registry.npmjs.org/zod cache-miss
125 silly fetch manifest clsx@^2.1.1
126 silly packumentCache full:https://registry.npmjs.org/clsx cache-miss
127 silly fetch manifest diff@^8.0.3
128 silly packumentCache full:https://registry.npmjs.org/diff cache-miss
129 silly fetch manifest dset@^3.1.4
130 silly packumentCache full:https://registry.npmjs.org/dset cache-miss
131 silly fetch manifest svgo@^4.0.0
132 silly packumentCache full:https://registry.npmjs.org/svgo cache-miss
133 silly fetch manifest vite@^6.4.1
134 silly packumentCache full:https://registry.npmjs.org/vite cache-miss
135 http cache https://registry.npmjs.org/postcss 34ms (cache hit)
136 silly packumentCache full:https://registry.npmjs.org/postcss set size:720302 disposed:false
137 silly fetch manifest acorn@^8.15.0
138 silly packumentCache full:https://registry.npmjs.org/acorn cache-miss
139 http cache https://registry.npmjs.org/tailwindcss 50ms (cache hit)
140 silly packumentCache full:https://registry.npmjs.org/tailwindcss set size:10480773 disposed:false
141 silly fetch manifest boxen@8.0.1
142 silly packumentCache full:https://registry.npmjs.org/boxen cache-miss
143 http cache https://registry.npmjs.org/vite 118ms (cache hit)
144 silly packumentCache full:https://registry.npmjs.org/vite set size:38827474 disposed:false
145 silly fetch manifest debug@^4.4.3
146 silly packumentCache full:https://registry.npmjs.org/debug cache-miss
147 http fetch GET 200 https://registry.npmjs.org/sitemap 241ms (cache miss)
148 silly packumentCache full:https://registry.npmjs.org/sitemap set size:undefined disposed:false
149 silly fetch manifest shiki@^3.21.0
150 silly packumentCache full:https://registry.npmjs.org/shiki cache-miss
151 http fetch GET 200 https://registry.npmjs.org/diff 280ms (cache miss)
152 silly packumentCache full:https://registry.npmjs.org/diff set size:undefined disposed:false
153 silly fetch manifest vfile@^6.0.3
154 silly packumentCache full:https://registry.npmjs.org/vfile cache-miss
155 http fetch GET 200 https://registry.npmjs.org/tinyglobby 322ms (cache miss)
156 silly packumentCache full:https://registry.npmjs.org/tinyglobby set size:undefined disposed:false
157 silly fetch manifest cookie@^1.1.1
158 silly packumentCache full:https://registry.npmjs.org/cookie cache-miss
159 http fetch GET 200 https://registry.npmjs.org/clsx 323ms (cache miss)
160 silly packumentCache full:https://registry.npmjs.org/clsx set size:undefined disposed:false
161 silly fetch manifest cssesc@^3.0.0
162 silly packumentCache full:https://registry.npmjs.org/cssesc cache-miss
163 http fetch GET 200 https://registry.npmjs.org/picomatch 330ms (cache miss)
164 silly packumentCache full:https://registry.npmjs.org/picomatch set size:undefined disposed:false
165 silly fetch manifest mrmime@^2.0.1
166 silly packumentCache full:https://registry.npmjs.org/mrmime cache-miss
167 http fetch GET 200 https://registry.npmjs.org/lightningcss 331ms (cache miss)
168 silly packumentCache full:https://registry.npmjs.org/lightningcss set size:undefined disposed:false
169 silly fetch manifest rehype@^13.0.2
170 silly packumentCache full:https://registry.npmjs.org/rehype cache-miss
171 http fetch GET 200 https://registry.npmjs.org/acorn 295ms (cache miss)
172 silly packumentCache full:https://registry.npmjs.org/acorn set size:undefined disposed:false
173 silly fetch manifest semver@^7.7.3
174 silly packumentCache full:https://registry.npmjs.org/semver cache-miss
175 http fetch GET 200 https://registry.npmjs.org/fsevents 340ms (cache miss)
176 silly packumentCache full:https://registry.npmjs.org/fsevents set size:undefined disposed:false
177 silly fetch manifest vitefu@^1.1.1
178 silly packumentCache full:https://registry.npmjs.org/vitefu cache-miss
179 http fetch GET 200 https://registry.npmjs.org/stream-replace-string 349ms (cache miss)
180 silly packumentCache full:https://registry.npmjs.org/stream-replace-string set size:undefined disposed:false
181 silly fetch manifest ci-info@^4.3.1
182 silly packumentCache full:https://registry.npmjs.org/ci-info cache-miss
183 http fetch GET 200 https://registry.npmjs.org/dset 350ms (cache miss)
184 silly packumentCache full:https://registry.npmjs.org/dset set size:undefined disposed:false
185 silly fetch manifest devalue@^5.6.2
186 silly packumentCache full:https://registry.npmjs.org/devalue cache-miss
187 http fetch GET 200 https://registry.npmjs.org/dlv 352ms (cache miss)
188 silly packumentCache full:https://registry.npmjs.org/dlv set size:undefined disposed:false
189 silly fetch manifest esbuild@^0.27.3
190 silly packumentCache full:https://registry.npmjs.org/esbuild cache-miss
191 http cache https://registry.npmjs.org/esbuild 7ms (cache hit)
192 silly packumentCache full:https://registry.npmjs.org/esbuild set size:1254708 disposed:false
193 silly fetch manifest flattie@^1.1.1
194 silly packumentCache full:https://registry.npmjs.org/flattie cache-miss
195 http fetch GET 200 https://registry.npmjs.org/boxen 289ms (cache miss)
196 silly packumentCache full:https://registry.npmjs.org/boxen set size:undefined disposed:false
197 silly fetch manifest fontace@~0.4.0
198 silly packumentCache full:https://registry.npmjs.org/fontace cache-miss
199 http fetch GET 200 https://registry.npmjs.org/svgo 371ms (cache miss)
200 silly packumentCache full:https://registry.npmjs.org/svgo set size:undefined disposed:false
201 silly fetch manifest js-yaml@^4.1.1
202 silly packumentCache full:https://registry.npmjs.org/js-yaml cache-miss
203 http fetch GET 200 https://registry.npmjs.org/cssesc 59ms (cache miss)
204 silly packumentCache full:https://registry.npmjs.org/cssesc set size:undefined disposed:false
205 silly fetch manifest p-limit@^6.2.0
206 silly packumentCache full:https://registry.npmjs.org/p-limit cache-miss
207 http fetch GET 200 https://registry.npmjs.org/rehype 53ms (cache miss)
208 silly packumentCache full:https://registry.npmjs.org/rehype set size:undefined disposed:false
209 silly fetch manifest p-queue@^8.1.1
210 silly packumentCache full:https://registry.npmjs.org/p-queue cache-miss
211 http fetch GET 200 https://registry.npmjs.org/mrmime 60ms (cache miss)
212 silly packumentCache full:https://registry.npmjs.org/mrmime set size:undefined disposed:false
213 silly fetch manifest prompts@^2.4.2
214 silly packumentCache full:https://registry.npmjs.org/prompts cache-miss
215 http fetch GET 200 https://registry.npmjs.org/cookie 71ms (cache miss)
216 silly packumentCache full:https://registry.npmjs.org/cookie set size:undefined disposed:false
217 silly fetch manifest unifont@~0.7.3
218 silly packumentCache full:https://registry.npmjs.org/unifont cache-miss
219 http fetch GET 200 https://registry.npmjs.org/debug 169ms (cache miss)
220 silly packumentCache full:https://registry.npmjs.org/debug set size:undefined disposed:false
221 silly fetch manifest magicast@^0.5.1
222 silly packumentCache full:https://registry.npmjs.org/magicast cache-miss
223 http fetch GET 200 https://registry.npmjs.org/vitefu 62ms (cache miss)
224 silly packumentCache full:https://registry.npmjs.org/vitefu set size:undefined disposed:false
225 silly fetch manifest tinyexec@^1.0.2
226 silly packumentCache full:https://registry.npmjs.org/tinyexec cache-miss
227 http fetch GET 200 https://registry.npmjs.org/vfile 128ms (cache miss)
228 silly packumentCache full:https://registry.npmjs.org/vfile set size:undefined disposed:false
229 silly fetch manifest tsconfck@^3.1.6
230 silly packumentCache full:https://registry.npmjs.org/tsconfck cache-miss
231 http fetch GET 200 https://registry.npmjs.org/ci-info 65ms (cache miss)
232 silly packumentCache full:https://registry.npmjs.org/ci-info set size:undefined disposed:false
233 silly fetch manifest piccolore@^0.1.3
234 silly packumentCache full:https://registry.npmjs.org/piccolore cache-miss
235 http fetch GET 200 https://registry.npmjs.org/shiki 175ms (cache miss)
236 silly packumentCache full:https://registry.npmjs.org/shiki set size:undefined disposed:false
237 silly fetch manifest picomatch@^4.0.3
238 silly packumentCache full:https://registry.npmjs.org/picomatch cache-miss
239 http fetch GET 200 https://registry.npmjs.org/flattie 66ms (cache miss)
240 silly packumentCache full:https://registry.npmjs.org/flattie set size:undefined disposed:false
241 silly fetch manifest smol-toml@^1.6.0
242 silly packumentCache full:https://registry.npmjs.org/smol-toml cache-miss
243 http fetch GET 200 https://registry.npmjs.org/fontace 66ms (cache miss)
244 silly packumentCache full:https://registry.npmjs.org/fontace set size:undefined disposed:false
245 silly fetch manifest ultrahtml@^1.6.0
246 silly packumentCache full:https://registry.npmjs.org/ultrahtml cache-miss
247 http cache https://registry.npmjs.org/picomatch 16ms (cache hit)
248 silly packumentCache full:https://registry.npmjs.org/picomatch set size:126376 disposed:false
249 silly fetch manifest unstorage@^1.17.4
250 silly packumentCache full:https://registry.npmjs.org/unstorage cache-miss
251 http fetch GET 200 https://registry.npmjs.org/semver 104ms (cache miss)
252 silly packumentCache full:https://registry.npmjs.org/semver set size:undefined disposed:false
253 silly fetch manifest zod-to-ts@^1.2.0
254 silly packumentCache full:https://registry.npmjs.org/zod-to-ts cache-miss
255 http fetch GET 200 https://registry.npmjs.org/devalue 91ms (cache miss)
256 silly packumentCache full:https://registry.npmjs.org/devalue set size:undefined disposed:false
257 silly fetch manifest aria-query@^5.3.2
258 silly packumentCache full:https://registry.npmjs.org/aria-query cache-miss
259 http fetch GET 200 https://registry.npmjs.org/js-yaml 73ms (cache miss)
260 silly packumentCache full:https://registry.npmjs.org/js-yaml set size:undefined disposed:false
261 silly fetch manifest tinyglobby@^0.2.15
262 silly packumentCache full:https://registry.npmjs.org/tinyglobby cache-miss
263 http fetch GET 200 https://registry.npmjs.org/p-limit 74ms (cache miss)
264 silly packumentCache full:https://registry.npmjs.org/p-limit set size:undefined disposed:false
265 silly fetch manifest neotraverse@^0.6.18
266 silly packumentCache full:https://registry.npmjs.org/neotraverse cache-miss
267 http fetch GET 200 https://registry.npmjs.org/unifont 65ms (cache miss)
268 silly packumentCache full:https://registry.npmjs.org/unifont set size:undefined disposed:false
269 silly fetch manifest xxhash-wasm@^1.1.0
270 silly packumentCache full:https://registry.npmjs.org/xxhash-wasm cache-miss
271 http fetch GET 200 https://registry.npmjs.org/magicast 64ms (cache miss)
272 silly packumentCache full:https://registry.npmjs.org/magicast set size:undefined disposed:false
273 silly fetch manifest html-escaper@3.0.3
274 silly packumentCache full:https://registry.npmjs.org/html-escaper cache-miss
275 http cache https://registry.npmjs.org/tinyglobby 15ms (cache hit)
276 silly packumentCache full:https://registry.npmjs.org/tinyglobby set size:52660 disposed:false
277 silly fetch manifest magic-string@^0.30.21
278 silly packumentCache full:https://registry.npmjs.org/magic-string cache-miss
279 http fetch GET 200 https://registry.npmjs.org/@tailwindcss%2fnode 466ms (cache miss)
280 silly packumentCache full:https://registry.npmjs.org/@tailwindcss%2fnode set size:undefined disposed:false
281 silly fetch manifest yargs-parser@^21.1.1
282 silly packumentCache full:https://registry.npmjs.org/yargs-parser cache-miss
283 http fetch GET 200 https://registry.npmjs.org/prompts 85ms (cache miss)
284 silly packumentCache full:https://registry.npmjs.org/prompts set size:undefined disposed:false
285 silly fetch manifest estree-walker@^3.0.3
286 silly packumentCache full:https://registry.npmjs.org/estree-walker cache-miss
287 http fetch GET 200 https://registry.npmjs.org/p-queue 93ms (cache miss)
288 silly packumentCache full:https://registry.npmjs.org/p-queue set size:undefined disposed:false
289 silly fetch manifest yocto-spinner@^0.2.3
290 silly packumentCache full:https://registry.npmjs.org/yocto-spinner cache-miss
291 http fetch GET 200 https://registry.npmjs.org/tinyexec 85ms (cache miss)
292 silly packumentCache full:https://registry.npmjs.org/tinyexec set size:undefined disposed:false
293 silly fetch manifest axobject-query@^4.1.0
294 silly packumentCache full:https://registry.npmjs.org/axobject-query cache-miss
295 http fetch GET 200 https://registry.npmjs.org/piccolore 78ms (cache miss)
296 silly packumentCache full:https://registry.npmjs.org/piccolore set size:undefined disposed:false
297 silly fetch manifest github-slugger@^2.0.0
298 silly packumentCache full:https://registry.npmjs.org/github-slugger cache-miss
299 http fetch GET 200 https://registry.npmjs.org/smol-toml 74ms (cache miss)
300 silly packumentCache full:https://registry.npmjs.org/smol-toml set size:undefined disposed:false
301 silly fetch manifest es-module-lexer@^1.7.0
302 silly packumentCache full:https://registry.npmjs.org/es-module-lexer cache-miss
303 http fetch GET 200 https://registry.npmjs.org/aria-query 70ms (cache miss)
304 silly packumentCache full:https://registry.npmjs.org/aria-query set size:undefined disposed:false
305 silly fetch manifest @oslojs/encoding@^1.1.0
306 silly packumentCache full:https://registry.npmjs.org/@oslojs%2fencoding cache-miss
307 http fetch GET 200 https://registry.npmjs.org/ultrahtml 83ms (cache miss)
308 silly packumentCache full:https://registry.npmjs.org/ultrahtml set size:undefined disposed:false
309 silly fetch manifest unist-util-visit@^5.0.0
310 silly packumentCache full:https://registry.npmjs.org/unist-util-visit cache-miss
311 http fetch GET 200 https://registry.npmjs.org/tsconfck 108ms (cache miss)
312 silly packumentCache full:https://registry.npmjs.org/tsconfck set size:undefined disposed:false
313 silly fetch manifest @astrojs/compiler@^2.13.0
314 silly packumentCache full:https://registry.npmjs.org/@astrojs%2fcompiler cache-miss
315 http fetch GET 200 https://registry.npmjs.org/xxhash-wasm 64ms (cache miss)
316 silly packumentCache full:https://registry.npmjs.org/xxhash-wasm set size:undefined disposed:false
317 silly fetch manifest @astrojs/telemetry@3.3.0
318 silly packumentCache full:https://registry.npmjs.org/@astrojs%2ftelemetry cache-miss
319 http fetch GET 200 https://registry.npmjs.org/html-escaper 62ms (cache miss)
320 silly packumentCache full:https://registry.npmjs.org/html-escaper set size:undefined disposed:false
321 silly fetch manifest @capsizecss/unpack@^4.0.0
322 silly packumentCache full:https://registry.npmjs.org/@capsizecss%2funpack cache-miss
323 http fetch GET 200 https://registry.npmjs.org/yocto-spinner 48ms (cache miss)
324 silly packumentCache full:https://registry.npmjs.org/yocto-spinner set size:undefined disposed:false
325 silly fetch manifest zod-to-json-schema@^3.25.1
326 silly packumentCache full:https://registry.npmjs.org/zod-to-json-schema cache-miss
327 http fetch GET 200 https://registry.npmjs.org/neotraverse 71ms (cache miss)
328 silly packumentCache full:https://registry.npmjs.org/neotraverse set size:undefined disposed:false
329 silly fetch manifest @rollup/pluginutils@^5.3.0
330 silly packumentCache full:https://registry.npmjs.org/@rollup%2fpluginutils cache-miss
331 http fetch GET 200 https://registry.npmjs.org/unstorage 97ms (cache miss)
332 silly packumentCache full:https://registry.npmjs.org/unstorage set size:undefined disposed:false
333 silly fetch manifest import-meta-resolve@^4.2.0
334 silly packumentCache full:https://registry.npmjs.org/import-meta-resolve cache-miss
335 http fetch GET 200 https://registry.npmjs.org/zod-to-ts 94ms (cache miss)
336 silly packumentCache full:https://registry.npmjs.org/zod-to-ts set size:undefined disposed:false
337 silly fetch manifest common-ancestor-path@^1.0.1
338 silly packumentCache full:https://registry.npmjs.org/common-ancestor-path cache-miss
339 http fetch GET 200 https://registry.npmjs.org/estree-walker 65ms (cache miss)
340 silly packumentCache full:https://registry.npmjs.org/estree-walker set size:undefined disposed:false
341 silly fetch manifest http-cache-semantics@^4.2.0
342 silly packumentCache full:https://registry.npmjs.org/http-cache-semantics cache-miss
343 http fetch GET 200 https://registry.npmjs.org/axobject-query 54ms (cache miss)
344 silly packumentCache full:https://registry.npmjs.org/axobject-query set size:undefined disposed:false
345 silly fetch manifest @astrojs/markdown-remark@6.3.11
346 silly packumentCache full:https://registry.npmjs.org/@astrojs%2fmarkdown-remark cache-miss
347 http fetch GET 200 https://registry.npmjs.org/magic-string 83ms (cache miss)
348 silly packumentCache full:https://registry.npmjs.org/magic-string set size:undefined disposed:false
349 silly fetch manifest package-manager-detector@^1.6.0
350 silly packumentCache full:https://registry.npmjs.org/package-manager-detector cache-miss
351 http fetch GET 200 https://registry.npmjs.org/yargs-parser 78ms (cache miss)
352 silly packumentCache full:https://registry.npmjs.org/yargs-parser set size:undefined disposed:false
353 silly fetch manifest @astrojs/internal-helpers@0.7.6
354 silly packumentCache full:https://registry.npmjs.org/@astrojs%2finternal-helpers cache-miss
355 http fetch GET 200 https://registry.npmjs.org/github-slugger 61ms (cache miss)
356 silly packumentCache full:https://registry.npmjs.org/github-slugger set size:undefined disposed:false
357 silly fetch manifest deterministic-object-hash@^2.0.2
358 silly packumentCache full:https://registry.npmjs.org/deterministic-object-hash cache-miss
359 http fetch GET 200 https://registry.npmjs.org/zod 563ms (cache miss)
360 silly packumentCache full:https://registry.npmjs.org/zod set size:undefined disposed:false
361 silly fetch manifest sharp@^0.34.0
362 silly packumentCache full:https://registry.npmjs.org/sharp cache-miss
363 http fetch GET 200 https://registry.npmjs.org/rolldown 573ms (cache miss)
364 silly packumentCache full:https://registry.npmjs.org/rolldown set size:undefined disposed:false
365 silly fetch manifest playwright-core@1.59.1
366 silly packumentCache full:https://registry.npmjs.org/playwright-core cache-miss
367 http fetch GET 200 https://registry.npmjs.org/@oslojs%2fencoding 75ms (cache miss)
368 silly packumentCache full:https://registry.npmjs.org/@oslojs%2fencoding set size:undefined disposed:false
369 silly fetch manifest fsevents@2.3.2
370 silly packumentCache full:https://registry.npmjs.org/fsevents cache-miss
371 http fetch GET 200 https://registry.npmjs.org/es-module-lexer 89ms (cache miss)
372 silly packumentCache full:https://registry.npmjs.org/es-module-lexer set size:undefined disposed:false
373 http fetch GET 200 https://registry.npmjs.org/common-ancestor-path 65ms (cache miss)
374 silly packumentCache full:https://registry.npmjs.org/common-ancestor-path set size:undefined disposed:false
375 http cache https://registry.npmjs.org/fsevents 13ms (cache hit)
376 silly packumentCache full:https://registry.npmjs.org/fsevents set size:182472 disposed:false
377 http fetch GET 200 https://registry.npmjs.org/package-manager-detector 55ms (cache miss)
378 silly packumentCache full:https://registry.npmjs.org/package-manager-detector set size:undefined disposed:false
379 http fetch GET 200 https://registry.npmjs.org/@rollup%2fpluginutils 76ms (cache miss)
380 silly packumentCache full:https://registry.npmjs.org/@rollup%2fpluginutils set size:undefined disposed:false
381 http fetch GET 200 https://registry.npmjs.org/@capsizecss%2funpack 81ms (cache miss)
382 silly packumentCache full:https://registry.npmjs.org/@capsizecss%2funpack set size:undefined disposed:false
383 http fetch GET 200 https://registry.npmjs.org/unist-util-visit 92ms (cache miss)
384 silly packumentCache full:https://registry.npmjs.org/unist-util-visit set size:undefined disposed:false
385 http fetch GET 200 https://registry.npmjs.org/import-meta-resolve 75ms (cache miss)
386 silly packumentCache full:https://registry.npmjs.org/import-meta-resolve set size:undefined disposed:false
387 http fetch GET 200 https://registry.npmjs.org/@astrojs%2ftelemetry 89ms (cache miss)
388 silly packumentCache full:https://registry.npmjs.org/@astrojs%2ftelemetry set size:undefined disposed:false
389 http fetch GET 200 https://registry.npmjs.org/zod-to-json-schema 88ms (cache miss)
390 silly packumentCache full:https://registry.npmjs.org/zod-to-json-schema set size:undefined disposed:false
391 http fetch GET 200 https://registry.npmjs.org/deterministic-object-hash 66ms (cache miss)
392 silly packumentCache full:https://registry.npmjs.org/deterministic-object-hash set size:undefined disposed:false
393 http fetch GET 200 https://registry.npmjs.org/http-cache-semantics 78ms (cache miss)
394 silly packumentCache full:https://registry.npmjs.org/http-cache-semantics set size:undefined disposed:false
395 http fetch GET 200 https://registry.npmjs.org/@astrojs%2finternal-helpers 69ms (cache miss)
396 silly packumentCache full:https://registry.npmjs.org/@astrojs%2finternal-helpers set size:undefined disposed:false
397 http fetch GET 200 https://registry.npmjs.org/zod 622ms (cache miss)
398 silly packumentCache full:https://registry.npmjs.org/zod set size:undefined disposed:false
399 http fetch GET 200 https://registry.npmjs.org/@tailwindcss%2foxide 637ms (cache miss)
400 silly packumentCache full:https://registry.npmjs.org/@tailwindcss%2foxide set size:undefined disposed:false
401 http fetch GET 200 https://registry.npmjs.org/@astrojs%2fcompiler 128ms (cache miss)
402 silly packumentCache full:https://registry.npmjs.org/@astrojs%2fcompiler set size:undefined disposed:false
403 http fetch GET 200 https://registry.npmjs.org/@astrojs%2fmarkdown-remark 114ms (cache miss)
404 silly packumentCache full:https://registry.npmjs.org/@astrojs%2fmarkdown-remark set size:undefined disposed:false
405 http fetch GET 200 https://registry.npmjs.org/sharp 94ms (cache miss)
406 silly packumentCache full:https://registry.npmjs.org/sharp set size:undefined disposed:false
407 http fetch GET 200 https://registry.npmjs.org/playwright-core 355ms (cache miss)
408 silly packumentCache full:https://registry.npmjs.org/playwright-core set size:undefined disposed:false
409 silly placeDep ROOT sitemap@9.0.1 OK for: @astrojs/sitemap@3.7.2 want: ^9.0.0
410 silly placeDep ROOT stream-replace-string@2.0.0 OK for: @astrojs/sitemap@3.7.2 want: ^2.0.0
411 silly placeDep ROOT zod@4.4.3 OK for: @astrojs/sitemap@3.7.2 want: ^4.3.6
412 silly fetch manifest arg@^5.0.0
413 silly packumentCache full:https://registry.npmjs.org/arg cache-miss
414 silly fetch manifest sax@^1.4.1
415 silly packumentCache full:https://registry.npmjs.org/sax cache-miss
416 silly fetch manifest @types/sax@^1.2.1
417 silly packumentCache full:https://registry.npmjs.org/@types%2fsax cache-miss
418 silly fetch manifest @types/node@^24.9.2
419 silly packumentCache full:https://registry.npmjs.org/@types%2fnode cache-miss
420 http cache https://registry.npmjs.org/@types%2fnode 20ms (cache hit)
421 silly packumentCache full:https://registry.npmjs.org/@types%2fnode set size:10990115 disposed:false
422 http fetch GET 200 https://registry.npmjs.org/sax 66ms (cache miss)
423 silly packumentCache full:https://registry.npmjs.org/sax set size:undefined disposed:false
424 http fetch GET 200 https://registry.npmjs.org/arg 67ms (cache miss)
425 silly packumentCache full:https://registry.npmjs.org/arg set size:undefined disposed:false
426 http fetch GET 200 https://registry.npmjs.org/@types%2fsax 93ms (cache miss)
427 silly packumentCache full:https://registry.npmjs.org/@types%2fsax set size:undefined disposed:false
428 silly placeDep ROOT @tailwindcss/node@4.3.0 OK for: @tailwindcss/vite@4.3.0 want: 4.3.0
429 silly placeDep ROOT @tailwindcss/oxide@4.3.0 OK for: @tailwindcss/vite@4.3.0 want: 4.3.0
430 silly fetch manifest jiti@^2.6.1
431 silly packumentCache full:https://registry.npmjs.org/jiti cache-miss
432 silly fetch manifest lightningcss@1.32.0
433 silly packumentCache full:https://registry.npmjs.org/lightningcss cache-miss
434 silly fetch manifest source-map-js@^1.2.1
435 silly packumentCache full:https://registry.npmjs.org/source-map-js cache-miss
436 silly fetch manifest enhanced-resolve@^5.21.0
437 silly packumentCache full:https://registry.npmjs.org/enhanced-resolve cache-miss
438 silly fetch manifest @jridgewell/remapping@^2.3.5
439 silly packumentCache full:https://registry.npmjs.org/@jridgewell%2fremapping cache-miss
440 silly fetch manifest @tailwindcss/oxide-darwin-x64@4.3.0
441 silly packumentCache full:https://registry.npmjs.org/@tailwindcss%2foxide-darwin-x64 cache-miss
442 silly fetch manifest @tailwindcss/oxide-freebsd-x64@4.3.0
443 silly packumentCache full:https://registry.npmjs.org/@tailwindcss%2foxide-freebsd-x64 cache-miss
444 silly fetch manifest @tailwindcss/oxide-wasm32-wasi@4.3.0
445 silly packumentCache full:https://registry.npmjs.org/@tailwindcss%2foxide-wasm32-wasi cache-miss
446 silly fetch manifest @tailwindcss/oxide-darwin-arm64@4.3.0
447 silly packumentCache full:https://registry.npmjs.org/@tailwindcss%2foxide-darwin-arm64 cache-miss
448 silly fetch manifest @tailwindcss/oxide-android-arm64@4.3.0
449 silly packumentCache full:https://registry.npmjs.org/@tailwindcss%2foxide-android-arm64 cache-miss
450 silly fetch manifest @tailwindcss/oxide-linux-x64-gnu@4.3.0
451 silly packumentCache full:https://registry.npmjs.org/@tailwindcss%2foxide-linux-x64-gnu cache-miss
452 silly fetch manifest @tailwindcss/oxide-linux-x64-musl@4.3.0
453 silly packumentCache full:https://registry.npmjs.org/@tailwindcss%2foxide-linux-x64-musl cache-miss
454 silly fetch manifest @tailwindcss/oxide-win32-x64-msvc@4.3.0
455 silly packumentCache full:https://registry.npmjs.org/@tailwindcss%2foxide-win32-x64-msvc cache-miss
456 silly fetch manifest @tailwindcss/oxide-linux-arm64-gnu@4.3.0
457 silly packumentCache full:https://registry.npmjs.org/@tailwindcss%2foxide-linux-arm64-gnu cache-miss
458 silly fetch manifest @tailwindcss/oxide-linux-arm64-musl@4.3.0
459 silly packumentCache full:https://registry.npmjs.org/@tailwindcss%2foxide-linux-arm64-musl cache-miss
460 silly fetch manifest @tailwindcss/oxide-win32-arm64-msvc@4.3.0
461 silly packumentCache full:https://registry.npmjs.org/@tailwindcss%2foxide-win32-arm64-msvc cache-miss
462 silly fetch manifest @tailwindcss/oxide-linux-arm-gnueabihf@4.3.0
463 silly packumentCache full:https://registry.npmjs.org/@tailwindcss%2foxide-linux-arm-gnueabihf cache-miss
464 http cache https://registry.npmjs.org/jiti 9ms (cache hit)
465 silly packumentCache full:https://registry.npmjs.org/jiti set size:387989 disposed:false
466 http cache https://registry.npmjs.org/lightningcss 11ms (cache hit)
467 silly packumentCache full:https://registry.npmjs.org/lightningcss set size:186753 disposed:false
468 http fetch GET 200 https://registry.npmjs.org/@jridgewell%2fremapping 49ms (cache miss)
469 silly packumentCache full:https://registry.npmjs.org/@jridgewell%2fremapping set size:undefined disposed:false
470 http fetch GET 200 https://registry.npmjs.org/source-map-js 61ms (cache miss)
471 silly packumentCache full:https://registry.npmjs.org/source-map-js set size:undefined disposed:false
472 http fetch GET 200 https://registry.npmjs.org/enhanced-resolve 63ms (cache miss)
473 silly packumentCache full:https://registry.npmjs.org/enhanced-resolve set size:undefined disposed:false
474 http fetch GET 200 https://registry.npmjs.org/@tailwindcss%2foxide-wasm32-wasi 86ms (cache miss)
475 silly packumentCache full:https://registry.npmjs.org/@tailwindcss%2foxide-wasm32-wasi set size:undefined disposed:false
476 http fetch GET 200 https://registry.npmjs.org/@tailwindcss%2foxide-win32-arm64-msvc 167ms (cache miss)
477 silly packumentCache full:https://registry.npmjs.org/@tailwindcss%2foxide-win32-arm64-msvc set size:undefined disposed:false
478 http fetch GET 200 https://registry.npmjs.org/@tailwindcss%2foxide-android-arm64 175ms (cache miss)
479 silly packumentCache full:https://registry.npmjs.org/@tailwindcss%2foxide-android-arm64 set size:undefined disposed:false
480 http fetch GET 200 https://registry.npmjs.org/@tailwindcss%2foxide-linux-x64-musl 206ms (cache miss)
481 silly packumentCache full:https://registry.npmjs.org/@tailwindcss%2foxide-linux-x64-musl set size:undefined disposed:false
482 http fetch GET 200 https://registry.npmjs.org/@tailwindcss%2foxide-darwin-x64 219ms (cache miss)
483 silly packumentCache full:https://registry.npmjs.org/@tailwindcss%2foxide-darwin-x64 set size:undefined disposed:false
484 http fetch GET 200 https://registry.npmjs.org/@tailwindcss%2foxide-win32-x64-msvc 224ms (cache miss)
485 silly packumentCache full:https://registry.npmjs.org/@tailwindcss%2foxide-win32-x64-msvc set size:undefined disposed:false
486 http fetch GET 200 https://registry.npmjs.org/@tailwindcss%2foxide-linux-x64-gnu 232ms (cache miss)
487 silly packumentCache full:https://registry.npmjs.org/@tailwindcss%2foxide-linux-x64-gnu set size:undefined disposed:false
488 http fetch GET 200 https://registry.npmjs.org/@tailwindcss%2foxide-linux-arm64-gnu 238ms (cache miss)
489 silly packumentCache full:https://registry.npmjs.org/@tailwindcss%2foxide-linux-arm64-gnu set size:undefined disposed:false
490 http fetch GET 200 https://registry.npmjs.org/@tailwindcss%2foxide-darwin-arm64 245ms (cache miss)
491 silly packumentCache full:https://registry.npmjs.org/@tailwindcss%2foxide-darwin-arm64 set size:undefined disposed:false
492 http fetch GET 200 https://registry.npmjs.org/@tailwindcss%2foxide-linux-arm64-musl 253ms (cache miss)
493 silly packumentCache full:https://registry.npmjs.org/@tailwindcss%2foxide-linux-arm64-musl set size:undefined disposed:false
494 http fetch GET 200 https://registry.npmjs.org/@tailwindcss%2foxide-freebsd-x64 268ms (cache miss)
495 silly packumentCache full:https://registry.npmjs.org/@tailwindcss%2foxide-freebsd-x64 set size:undefined disposed:false
496 http fetch GET 200 https://registry.npmjs.org/@tailwindcss%2foxide-linux-arm-gnueabihf 273ms (cache miss)
497 silly packumentCache full:https://registry.npmjs.org/@tailwindcss%2foxide-linux-arm-gnueabihf set size:undefined disposed:false
498 silly placeDep ROOT @jridgewell/remapping@2.3.5 OK for: @tailwindcss/node@4.3.0 want: ^2.3.5
499 silly placeDep ROOT enhanced-resolve@5.21.2 OK for: @tailwindcss/node@4.3.0 want: ^5.21.0
500 silly placeDep ROOT jiti@2.7.0 OK for: @tailwindcss/node@4.3.0 want: ^2.6.1
501 silly placeDep ROOT lightningcss@1.32.0 OK for: @tailwindcss/node@4.3.0 want: 1.32.0
502 silly placeDep ROOT magic-string@0.30.21 OK for: @tailwindcss/node@4.3.0 want: ^0.30.21
503 silly placeDep ROOT source-map-js@1.2.1 OK for: @tailwindcss/node@4.3.0 want: ^1.2.1
504 silly fetch manifest @jridgewell/gen-mapping@^0.3.5
505 silly packumentCache full:https://registry.npmjs.org/@jridgewell%2fgen-mapping cache-miss
506 silly fetch manifest @jridgewell/trace-mapping@^0.3.24
507 silly packumentCache full:https://registry.npmjs.org/@jridgewell%2ftrace-mapping cache-miss
508 silly fetch manifest graceful-fs@^4.2.4
509 silly packumentCache full:https://registry.npmjs.org/graceful-fs cache-miss
510 silly fetch manifest tapable@^2.3.3
511 silly packumentCache full:https://registry.npmjs.org/tapable cache-miss
512 silly fetch manifest detect-libc@^2.0.3
513 silly packumentCache full:https://registry.npmjs.org/detect-libc cache-miss
514 silly fetch manifest lightningcss-darwin-x64@1.32.0
515 silly packumentCache full:https://registry.npmjs.org/lightningcss-darwin-x64 cache-miss
516 silly fetch manifest lightningcss-linux-x64-gnu@1.32.0
517 silly packumentCache full:https://registry.npmjs.org/lightningcss-linux-x64-gnu cache-miss
518 silly fetch manifest lightningcss-win32-x64-msvc@1.32.0
519 silly packumentCache full:https://registry.npmjs.org/lightningcss-win32-x64-msvc cache-miss
520 silly fetch manifest lightningcss-win32-arm64-msvc@1.32.0
521 silly packumentCache full:https://registry.npmjs.org/lightningcss-win32-arm64-msvc cache-miss
522 silly fetch manifest lightningcss-darwin-arm64@1.32.0
523 silly packumentCache full:https://registry.npmjs.org/lightningcss-darwin-arm64 cache-miss
524 silly fetch manifest lightningcss-linux-arm64-gnu@1.32.0
525 silly packumentCache full:https://registry.npmjs.org/lightningcss-linux-arm64-gnu cache-miss
526 silly fetch manifest lightningcss-linux-arm-gnueabihf@1.32.0
527 silly packumentCache full:https://registry.npmjs.org/lightningcss-linux-arm-gnueabihf cache-miss
528 silly fetch manifest lightningcss-linux-arm64-musl@1.32.0
529 silly packumentCache full:https://registry.npmjs.org/lightningcss-linux-arm64-musl cache-miss
530 silly fetch manifest lightningcss-linux-x64-musl@1.32.0
531 silly packumentCache full:https://registry.npmjs.org/lightningcss-linux-x64-musl cache-miss
532 silly fetch manifest lightningcss-freebsd-x64@1.32.0
533 silly packumentCache full:https://registry.npmjs.org/lightningcss-freebsd-x64 cache-miss
534 silly fetch manifest lightningcss-android-arm64@1.32.0
535 silly packumentCache full:https://registry.npmjs.org/lightningcss-android-arm64 cache-miss
536 silly fetch manifest @jridgewell/sourcemap-codec@^1.5.5
537 silly packumentCache full:https://registry.npmjs.org/@jridgewell%2fsourcemap-codec cache-miss
538 http fetch GET 200 https://registry.npmjs.org/lightningcss-freebsd-x64 60ms (cache miss)
539 silly packumentCache full:https://registry.npmjs.org/lightningcss-freebsd-x64 set size:undefined disposed:false
540 http fetch GET 200 https://registry.npmjs.org/lightningcss-linux-x64-musl 61ms (cache miss)
541 silly packumentCache full:https://registry.npmjs.org/lightningcss-linux-x64-musl set size:undefined disposed:false
542 http fetch GET 200 https://registry.npmjs.org/lightningcss-linux-arm-gnueabihf 62ms (cache miss)
543 silly packumentCache full:https://registry.npmjs.org/lightningcss-linux-arm-gnueabihf set size:undefined disposed:false
544 http fetch GET 200 https://registry.npmjs.org/lightningcss-darwin-x64 62ms (cache miss)
545 silly packumentCache full:https://registry.npmjs.org/lightningcss-darwin-x64 set size:undefined disposed:false
546 http fetch GET 200 https://registry.npmjs.org/lightningcss-win32-arm64-msvc 63ms (cache miss)
547 silly packumentCache full:https://registry.npmjs.org/lightningcss-win32-arm64-msvc set size:undefined disposed:false
548 http fetch GET 200 https://registry.npmjs.org/lightningcss-linux-arm64-gnu 63ms (cache miss)
549 silly packumentCache full:https://registry.npmjs.org/lightningcss-linux-arm64-gnu set size:undefined disposed:false
550 http fetch GET 200 https://registry.npmjs.org/lightningcss-win32-x64-msvc 63ms (cache miss)
551 silly packumentCache full:https://registry.npmjs.org/lightningcss-win32-x64-msvc set size:undefined disposed:false
552 http fetch GET 200 https://registry.npmjs.org/detect-libc 64ms (cache miss)
553 silly packumentCache full:https://registry.npmjs.org/detect-libc set size:undefined disposed:false
554 http fetch GET 200 https://registry.npmjs.org/lightningcss-darwin-arm64 65ms (cache miss)
555 silly packumentCache full:https://registry.npmjs.org/lightningcss-darwin-arm64 set size:undefined disposed:false
556 http fetch GET 200 https://registry.npmjs.org/lightningcss-linux-x64-gnu 65ms (cache miss)
557 silly packumentCache full:https://registry.npmjs.org/lightningcss-linux-x64-gnu set size:undefined disposed:false
558 http fetch GET 200 https://registry.npmjs.org/@jridgewell%2fgen-mapping 67ms (cache miss)
559 silly packumentCache full:https://registry.npmjs.org/@jridgewell%2fgen-mapping set size:undefined disposed:false
560 http fetch GET 200 https://registry.npmjs.org/tapable 67ms (cache miss)
561 silly packumentCache full:https://registry.npmjs.org/tapable set size:undefined disposed:false
562 http fetch GET 200 https://registry.npmjs.org/graceful-fs 69ms (cache miss)
563 silly packumentCache full:https://registry.npmjs.org/graceful-fs set size:undefined disposed:false
564 http fetch GET 200 https://registry.npmjs.org/lightningcss-linux-arm64-musl 69ms (cache miss)
565 silly packumentCache full:https://registry.npmjs.org/lightningcss-linux-arm64-musl set size:undefined disposed:false
566 http fetch GET 200 https://registry.npmjs.org/@jridgewell%2ftrace-mapping 72ms (cache miss)
567 silly packumentCache full:https://registry.npmjs.org/@jridgewell%2ftrace-mapping set size:undefined disposed:false
568 http fetch GET 200 https://registry.npmjs.org/lightningcss-android-arm64 86ms (cache miss)
569 silly packumentCache full:https://registry.npmjs.org/lightningcss-android-arm64 set size:undefined disposed:false
570 http fetch GET 200 https://registry.npmjs.org/@jridgewell%2fsourcemap-codec 110ms (cache miss)
571 silly packumentCache full:https://registry.npmjs.org/@jridgewell%2fsourcemap-codec set size:undefined disposed:false
572 silly placeDep ROOT @jridgewell/gen-mapping@0.3.13 OK for: @jridgewell/remapping@2.3.5 want: ^0.3.5
573 silly placeDep ROOT @jridgewell/trace-mapping@0.3.31 OK for: @jridgewell/remapping@2.3.5 want: ^0.3.24
574 silly fetch manifest @jridgewell/sourcemap-codec@^1.5.0
575 silly packumentCache full:https://registry.npmjs.org/@jridgewell%2fsourcemap-codec cache-miss
576 silly fetch manifest @jridgewell/resolve-uri@^3.1.0
577 silly packumentCache full:https://registry.npmjs.org/@jridgewell%2fresolve-uri cache-miss
578 silly fetch manifest @jridgewell/sourcemap-codec@^1.4.14
579 silly packumentCache full:https://registry.npmjs.org/@jridgewell%2fsourcemap-codec cache-miss
580 http cache https://registry.npmjs.org/@jridgewell%2fsourcemap-codec 30ms (cache hit)
581 silly packumentCache full:https://registry.npmjs.org/@jridgewell%2fsourcemap-codec set size:59275 disposed:false
582 http cache https://registry.npmjs.org/@jridgewell%2fsourcemap-codec 31ms (cache hit)
583 silly packumentCache full:https://registry.npmjs.org/@jridgewell%2fsourcemap-codec set size:59275 disposed:false
584 silly packumentCache full:https://registry.npmjs.org/@jridgewell%2fsourcemap-codec dispose
585 http fetch GET 200 https://registry.npmjs.org/@jridgewell%2fresolve-uri 52ms (cache miss)
586 silly packumentCache full:https://registry.npmjs.org/@jridgewell%2fresolve-uri set size:undefined disposed:false
587 silly placeDep ROOT @jridgewell/sourcemap-codec@1.5.5 OK for: @jridgewell/gen-mapping@0.3.13 want: ^1.5.0
588 silly placeDep ROOT @jridgewell/resolve-uri@3.1.2 OK for: @jridgewell/trace-mapping@0.3.31 want: ^3.1.0
589 silly placeDep ROOT @tailwindcss/oxide-android-arm64@4.3.0 OK for: @tailwindcss/oxide@4.3.0 want: 4.3.0
590 silly placeDep ROOT @tailwindcss/oxide-darwin-arm64@4.3.0 OK for: @tailwindcss/oxide@4.3.0 want: 4.3.0
591 silly placeDep ROOT @tailwindcss/oxide-darwin-x64@4.3.0 OK for: @tailwindcss/oxide@4.3.0 want: 4.3.0
592 silly placeDep ROOT @tailwindcss/oxide-freebsd-x64@4.3.0 OK for: @tailwindcss/oxide@4.3.0 want: 4.3.0
593 silly placeDep ROOT @tailwindcss/oxide-linux-arm-gnueabihf@4.3.0 OK for: @tailwindcss/oxide@4.3.0 want: 4.3.0
594 silly placeDep ROOT @tailwindcss/oxide-linux-arm64-gnu@4.3.0 OK for: @tailwindcss/oxide@4.3.0 want: 4.3.0
595 silly placeDep ROOT @tailwindcss/oxide-linux-arm64-musl@4.3.0 OK for: @tailwindcss/oxide@4.3.0 want: 4.3.0
596 silly placeDep ROOT @tailwindcss/oxide-linux-x64-gnu@4.3.0 OK for: @tailwindcss/oxide@4.3.0 want: 4.3.0
597 silly placeDep ROOT @tailwindcss/oxide-linux-x64-musl@4.3.0 OK for: @tailwindcss/oxide@4.3.0 want: 4.3.0
598 silly placeDep ROOT @tailwindcss/oxide-wasm32-wasi@4.3.0 OK for: @tailwindcss/oxide@4.3.0 want: 4.3.0
599 silly placeDep ROOT @tailwindcss/oxide-win32-arm64-msvc@4.3.0 OK for: @tailwindcss/oxide@4.3.0 want: 4.3.0
600 silly placeDep ROOT @tailwindcss/oxide-win32-x64-msvc@4.3.0 OK for: @tailwindcss/oxide@4.3.0 want: 4.3.0
601 silly fetch manifest @types/node@^18.0.0 || ^20.0.0 || >=22.0.0
602 silly packumentCache full:https://registry.npmjs.org/@types%2fnode cache-miss
603 http cache https://registry.npmjs.org/@types%2fnode 19ms (cache hit)
604 silly packumentCache full:https://registry.npmjs.org/@types%2fnode set size:10990115 disposed:false
605 silly fetch manifest less@*
606 silly packumentCache full:https://registry.npmjs.org/less cache-miss
607 http cache https://registry.npmjs.org/less 13ms (cache hit)
608 silly packumentCache full:https://registry.npmjs.org/less set size:461684 disposed:false
609 silly fetch manifest lightningcss@^1.21.0
610 silly packumentCache full:https://registry.npmjs.org/lightningcss cache-hit
611 silly fetch manifest sass@*
612 silly packumentCache full:https://registry.npmjs.org/sass cache-miss
613 http cache https://registry.npmjs.org/sass 3ms (cache hit)
614 silly packumentCache full:https://registry.npmjs.org/sass set size:726244 disposed:false
615 silly fetch manifest sass-embedded@*
616 silly packumentCache full:https://registry.npmjs.org/sass-embedded cache-miss
617 http cache https://registry.npmjs.org/sass-embedded 2ms (cache hit)
618 silly packumentCache full:https://registry.npmjs.org/sass-embedded set size:415594 disposed:false
619 silly fetch manifest stylus@*
620 silly packumentCache full:https://registry.npmjs.org/stylus cache-miss
621 http cache https://registry.npmjs.org/stylus 2ms (cache hit)
622 silly packumentCache full:https://registry.npmjs.org/stylus set size:286766 disposed:false
623 silly fetch manifest sugarss@*
624 silly packumentCache full:https://registry.npmjs.org/sugarss cache-miss
625 http cache https://registry.npmjs.org/sugarss 2ms (cache hit)
626 silly packumentCache full:https://registry.npmjs.org/sugarss set size:44975 disposed:false
627 silly fetch manifest typescript@^5.0.0
628 silly packumentCache full:https://registry.npmjs.org/typescript cache-miss
629 http fetch GET 200 https://registry.npmjs.org/typescript 235ms (cache miss)
630 silly packumentCache full:https://registry.npmjs.org/typescript set size:undefined disposed:false
631 silly fetch manifest @azure/app-configuration@^1.8.0
632 silly packumentCache full:https://registry.npmjs.org/@azure%2fapp-configuration cache-miss
633 http fetch GET 200 https://registry.npmjs.org/@azure%2fapp-configuration 98ms (cache miss)
634 silly packumentCache full:https://registry.npmjs.org/@azure%2fapp-configuration set size:undefined disposed:false
635 silly fetch manifest @azure/cosmos@^4.2.0
636 silly packumentCache full:https://registry.npmjs.org/@azure%2fcosmos cache-miss
637 http fetch GET 200 https://registry.npmjs.org/@azure%2fcosmos 139ms (cache miss)
638 silly packumentCache full:https://registry.npmjs.org/@azure%2fcosmos set size:undefined disposed:false
639 silly fetch manifest @azure/data-tables@^13.3.0
640 silly packumentCache full:https://registry.npmjs.org/@azure%2fdata-tables cache-miss
641 http fetch GET 200 https://registry.npmjs.org/@azure%2fdata-tables 87ms (cache miss)
642 silly packumentCache full:https://registry.npmjs.org/@azure%2fdata-tables set size:undefined disposed:false
643 silly fetch manifest @azure/identity@^4.6.0
644 silly packumentCache full:https://registry.npmjs.org/@azure%2fidentity cache-miss
645 http fetch GET 200 https://registry.npmjs.org/@azure%2fidentity 125ms (cache miss)
646 silly packumentCache full:https://registry.npmjs.org/@azure%2fidentity set size:undefined disposed:false
647 silly fetch manifest @azure/keyvault-secrets@^4.9.0
648 silly packumentCache full:https://registry.npmjs.org/@azure%2fkeyvault-secrets cache-miss
649 http fetch GET 200 https://registry.npmjs.org/@azure%2fkeyvault-secrets 101ms (cache miss)
650 silly packumentCache full:https://registry.npmjs.org/@azure%2fkeyvault-secrets set size:undefined disposed:false
651 silly fetch manifest @azure/storage-blob@^12.26.0
652 silly packumentCache full:https://registry.npmjs.org/@azure%2fstorage-blob cache-miss
653 http fetch GET 200 https://registry.npmjs.org/@azure%2fstorage-blob 101ms (cache miss)
654 silly packumentCache full:https://registry.npmjs.org/@azure%2fstorage-blob set size:undefined disposed:false
655 silly fetch manifest @capacitor/preferences@^6 || ^7 || ^8
656 silly packumentCache full:https://registry.npmjs.org/@capacitor%2fpreferences cache-miss
657 http fetch GET 200 https://registry.npmjs.org/@capacitor%2fpreferences 152ms (cache miss)
658 silly packumentCache full:https://registry.npmjs.org/@capacitor%2fpreferences set size:undefined disposed:false
659 silly fetch manifest @capacitor/core@>=8.0.0
660 silly packumentCache full:https://registry.npmjs.org/@capacitor%2fcore cache-miss
661 http fetch GET 200 https://registry.npmjs.org/@capacitor%2fcore 171ms (cache miss)
662 silly packumentCache full:https://registry.npmjs.org/@capacitor%2fcore set size:undefined disposed:false
663 silly fetch manifest @deno/kv@>=0.9.0
664 silly packumentCache full:https://registry.npmjs.org/@deno%2fkv cache-miss
665 http fetch GET 200 https://registry.npmjs.org/@deno%2fkv 58ms (cache miss)
666 silly packumentCache full:https://registry.npmjs.org/@deno%2fkv set size:undefined disposed:false
667 silly fetch manifest @netlify/blobs@^6.5.0 || ^7.0.0 || ^8.1.0 || ^9.0.0 || ^10.0.0
668 silly packumentCache full:https://registry.npmjs.org/@netlify%2fblobs cache-miss
669 http fetch GET 200 https://registry.npmjs.org/@netlify%2fblobs 69ms (cache miss)
670 silly packumentCache full:https://registry.npmjs.org/@netlify%2fblobs set size:undefined disposed:false
671 silly fetch manifest @planetscale/database@^1.19.0
672 silly packumentCache full:https://registry.npmjs.org/@planetscale%2fdatabase cache-miss
673 http fetch GET 200 https://registry.npmjs.org/@planetscale%2fdatabase 69ms (cache miss)
674 silly packumentCache full:https://registry.npmjs.org/@planetscale%2fdatabase set size:undefined disposed:false
675 silly fetch manifest @upstash/redis@^1.34.3
676 silly packumentCache full:https://registry.npmjs.org/@upstash%2fredis cache-miss
677 http fetch GET 200 https://registry.npmjs.org/@upstash%2fredis 111ms (cache miss)
678 silly packumentCache full:https://registry.npmjs.org/@upstash%2fredis set size:undefined disposed:false
679 silly fetch manifest @vercel/blob@>=0.27.1
680 silly packumentCache full:https://registry.npmjs.org/@vercel%2fblob cache-miss
681 http fetch GET 200 https://registry.npmjs.org/@vercel%2fblob 77ms (cache miss)
682 silly packumentCache full:https://registry.npmjs.org/@vercel%2fblob set size:undefined disposed:false
683 silly fetch manifest @vercel/functions@^2.2.12 || ^3.0.0
684 silly packumentCache full:https://registry.npmjs.org/@vercel%2ffunctions cache-miss
685 http fetch GET 200 https://registry.npmjs.org/@vercel%2ffunctions 51ms (cache miss)
686 silly packumentCache full:https://registry.npmjs.org/@vercel%2ffunctions set size:undefined disposed:false
687 silly fetch manifest @aws-sdk/credential-provider-web-identity@*
688 silly packumentCache full:https://registry.npmjs.org/@aws-sdk%2fcredential-provider-web-identity cache-miss
689 http fetch GET 200 https://registry.npmjs.org/@aws-sdk%2fcredential-provider-web-identity 64ms (cache miss)
690 silly packumentCache full:https://registry.npmjs.org/@aws-sdk%2fcredential-provider-web-identity set size:undefined disposed:false
691 silly fetch manifest @vercel/kv@^1 || ^2 || ^3
692 silly packumentCache full:https://registry.npmjs.org/@vercel%2fkv cache-miss
693 http fetch GET 200 https://registry.npmjs.org/@vercel%2fkv 54ms (cache miss)
694 silly packumentCache full:https://registry.npmjs.org/@vercel%2fkv set size:undefined disposed:false
695 silly fetch manifest aws4fetch@^1.0.20
696 silly packumentCache full:https://registry.npmjs.org/aws4fetch cache-miss
697 http fetch GET 200 https://registry.npmjs.org/aws4fetch 35ms (cache miss)
698 silly packumentCache full:https://registry.npmjs.org/aws4fetch set size:undefined disposed:false
699 silly fetch manifest db0@>=0.2.1
700 silly packumentCache full:https://registry.npmjs.org/db0 cache-miss
701 http fetch GET 200 https://registry.npmjs.org/db0 43ms (cache miss)
702 silly packumentCache full:https://registry.npmjs.org/db0 set size:undefined disposed:false
703 silly fetch manifest @electric-sql/pglite@*
704 silly packumentCache full:https://registry.npmjs.org/@electric-sql%2fpglite cache-miss
705 http fetch GET 200 https://registry.npmjs.org/@electric-sql%2fpglite 62ms (cache miss)
706 silly packumentCache full:https://registry.npmjs.org/@electric-sql%2fpglite set size:undefined disposed:false
707 silly fetch manifest @libsql/client@*
708 silly packumentCache full:https://registry.npmjs.org/@libsql%2fclient cache-miss
709 http fetch GET 200 https://registry.npmjs.org/@libsql%2fclient 55ms (cache miss)
710 silly packumentCache full:https://registry.npmjs.org/@libsql%2fclient set size:undefined disposed:false
711 silly fetch manifest better-sqlite3@*
712 silly packumentCache full:https://registry.npmjs.org/better-sqlite3 cache-miss
713 http fetch GET 200 https://registry.npmjs.org/better-sqlite3 59ms (cache miss)
714 silly packumentCache full:https://registry.npmjs.org/better-sqlite3 set size:undefined disposed:false
715 silly fetch manifest drizzle-orm@*
716 silly packumentCache full:https://registry.npmjs.org/drizzle-orm cache-miss
717 http fetch GET 200 https://registry.npmjs.org/drizzle-orm 7448ms (cache miss)
718 silly packumentCache full:https://registry.npmjs.org/drizzle-orm set size:undefined disposed:false
719 silly fetch manifest @aws-sdk/client-rds-data@>=3
720 silly packumentCache full:https://registry.npmjs.org/@aws-sdk%2fclient-rds-data cache-miss
721 http fetch GET 200 https://registry.npmjs.org/@aws-sdk%2fclient-rds-data 115ms (cache miss)
722 silly packumentCache full:https://registry.npmjs.org/@aws-sdk%2fclient-rds-data set size:undefined disposed:false
723 silly fetch manifest @cloudflare/workers-types@>=4
724 silly packumentCache full:https://registry.npmjs.org/@cloudflare%2fworkers-types cache-miss
725 http fetch GET 200 https://registry.npmjs.org/@cloudflare%2fworkers-types 80ms (cache miss)
726 silly packumentCache full:https://registry.npmjs.org/@cloudflare%2fworkers-types set size:undefined disposed:false
727 silly fetch manifest @libsql/client-wasm@>=0.10.0
728 silly packumentCache full:https://registry.npmjs.org/@libsql%2fclient-wasm cache-miss
729 http fetch GET 200 https://registry.npmjs.org/@libsql%2fclient-wasm 63ms (cache miss)
730 silly packumentCache full:https://registry.npmjs.org/@libsql%2fclient-wasm set size:undefined disposed:false
731 silly fetch manifest @neondatabase/serverless@>=0.10.0
732 silly packumentCache full:https://registry.npmjs.org/@neondatabase%2fserverless cache-miss
733 http fetch GET 200 https://registry.npmjs.org/@neondatabase%2fserverless 66ms (cache miss)
734 silly packumentCache full:https://registry.npmjs.org/@neondatabase%2fserverless set size:undefined disposed:false
735 silly fetch manifest @op-engineering/op-sqlite@>=2
736 silly packumentCache full:https://registry.npmjs.org/@op-engineering%2fop-sqlite cache-miss
737 http fetch GET 200 https://registry.npmjs.org/@op-engineering%2fop-sqlite 58ms (cache miss)
738 silly packumentCache full:https://registry.npmjs.org/@op-engineering%2fop-sqlite set size:undefined disposed:false
739 silly fetch manifest @sqlite.org/sqlite-wasm@*
740 silly packumentCache full:https://registry.npmjs.org/@sqlite.org%2fsqlite-wasm cache-miss
741 http fetch GET 200 https://registry.npmjs.org/@sqlite.org%2fsqlite-wasm 60ms (cache miss)
742 silly packumentCache full:https://registry.npmjs.org/@sqlite.org%2fsqlite-wasm set size:undefined disposed:false
743 silly fetch manifest react@*
744 silly packumentCache full:https://registry.npmjs.org/react cache-miss
745 http fetch GET 200 https://registry.npmjs.org/react 158ms (cache miss)
746 silly packumentCache full:https://registry.npmjs.org/react set size:undefined disposed:false
747 silly fetch manifest react-native@*
748 silly packumentCache full:https://registry.npmjs.org/react-native cache-miss
749 http fetch GET 200 https://registry.npmjs.org/react-native 205ms (cache miss)
750 silly packumentCache full:https://registry.npmjs.org/react-native set size:undefined disposed:false
751 silly fetch manifest @react-native/jest-preset@0.85.3
752 silly packumentCache full:https://registry.npmjs.org/@react-native%2fjest-preset cache-miss
753 http fetch GET 200 https://registry.npmjs.org/@react-native%2fjest-preset 57ms (cache miss)
754 silly packumentCache full:https://registry.npmjs.org/@react-native%2fjest-preset set size:undefined disposed:false
755 silly fetch manifest @types/react@^19.1.1
756 silly packumentCache full:https://registry.npmjs.org/@types%2freact cache-miss
757 http fetch GET 200 https://registry.npmjs.org/@types%2freact 98ms (cache miss)
758 silly packumentCache full:https://registry.npmjs.org/@types%2freact set size:undefined disposed:false
759 silly fetch manifest @opentelemetry/api@^1.4.1
760 silly packumentCache full:https://registry.npmjs.org/@opentelemetry%2fapi cache-miss
761 http fetch GET 200 https://registry.npmjs.org/@opentelemetry%2fapi 64ms (cache miss)
762 silly packumentCache full:https://registry.npmjs.org/@opentelemetry%2fapi set size:undefined disposed:false
763 silly fetch manifest @prisma/client@*
764 silly packumentCache full:https://registry.npmjs.org/@prisma%2fclient cache-miss
765 http fetch GET 200 https://registry.npmjs.org/@prisma%2fclient 948ms (cache miss)
766 silly packumentCache full:https://registry.npmjs.org/@prisma%2fclient set size:undefined disposed:false
767 silly fetch manifest prisma@*
768 silly packumentCache full:https://registry.npmjs.org/prisma cache-miss
769 http fetch GET 200 https://registry.npmjs.org/prisma 697ms (cache miss)
770 silly packumentCache full:https://registry.npmjs.org/prisma set size:undefined disposed:false
771 silly fetch manifest typescript@>=5.4.0
772 silly packumentCache full:https://registry.npmjs.org/typescript cache-miss
773 http cache https://registry.npmjs.org/typescript 36ms (cache hit)
774 silly packumentCache full:https://registry.npmjs.org/typescript set size:15409943 disposed:false
775 silly fetch manifest @tidbcloud/serverless@*
776 silly packumentCache full:https://registry.npmjs.org/@tidbcloud%2fserverless cache-miss
777 http fetch GET 200 https://registry.npmjs.org/@tidbcloud%2fserverless 55ms (cache miss)
778 silly packumentCache full:https://registry.npmjs.org/@tidbcloud%2fserverless set size:undefined disposed:false
779 silly fetch manifest @types/better-sqlite3@*
780 silly packumentCache full:https://registry.npmjs.org/@types%2fbetter-sqlite3 cache-miss
781 http fetch GET 200 https://registry.npmjs.org/@types%2fbetter-sqlite3 95ms (cache miss)
782 silly packumentCache full:https://registry.npmjs.org/@types%2fbetter-sqlite3 set size:undefined disposed:false
783 silly fetch manifest @types/pg@*
784 silly packumentCache full:https://registry.npmjs.org/@types%2fpg cache-miss
785 http fetch GET 200 https://registry.npmjs.org/@types%2fpg 51ms (cache miss)
786 silly packumentCache full:https://registry.npmjs.org/@types%2fpg set size:undefined disposed:false
787 silly fetch manifest @types/sql.js@*
788 silly packumentCache full:https://registry.npmjs.org/@types%2fsql.js cache-miss
789 http fetch GET 200 https://registry.npmjs.org/@types%2fsql.js 53ms (cache miss)
790 silly packumentCache full:https://registry.npmjs.org/@types%2fsql.js set size:undefined disposed:false
791 silly fetch manifest @vercel/postgres@>=0.8.0
792 silly packumentCache full:https://registry.npmjs.org/@vercel%2fpostgres cache-miss
793 http fetch GET 200 https://registry.npmjs.org/@vercel%2fpostgres 71ms (cache miss)
794 silly packumentCache full:https://registry.npmjs.org/@vercel%2fpostgres set size:undefined disposed:false
795 silly fetch manifest @xata.io/client@*
796 silly packumentCache full:https://registry.npmjs.org/@xata.io%2fclient cache-miss
797 http fetch GET 200 https://registry.npmjs.org/@xata.io%2fclient 344ms (cache miss)
798 silly packumentCache full:https://registry.npmjs.org/@xata.io%2fclient set size:undefined disposed:false
799 silly fetch manifest bun-types@*
800 silly packumentCache full:https://registry.npmjs.org/bun-types cache-miss
801 http fetch GET 200 https://registry.npmjs.org/bun-types 92ms (cache miss)
802 silly packumentCache full:https://registry.npmjs.org/bun-types set size:undefined disposed:false
803 silly fetch manifest expo-sqlite@>=14.0.0
804 silly packumentCache full:https://registry.npmjs.org/expo-sqlite cache-miss
805 http fetch GET 200 https://registry.npmjs.org/expo-sqlite 56ms (cache miss)
806 silly packumentCache full:https://registry.npmjs.org/expo-sqlite set size:undefined disposed:false
807 silly fetch manifest expo@*
808 silly packumentCache full:https://registry.npmjs.org/expo cache-miss
809 http fetch GET 200 https://registry.npmjs.org/expo 108ms (cache miss)
810 silly packumentCache full:https://registry.npmjs.org/expo set size:undefined disposed:false
811 silly fetch manifest @expo/dom-webview@*
812 silly packumentCache full:https://registry.npmjs.org/@expo%2fdom-webview cache-miss
813 http fetch GET 200 https://registry.npmjs.org/@expo%2fdom-webview 60ms (cache miss)
814 silly packumentCache full:https://registry.npmjs.org/@expo%2fdom-webview set size:undefined disposed:false
815 silly fetch manifest @expo/metro-runtime@*
816 silly packumentCache full:https://registry.npmjs.org/@expo%2fmetro-runtime cache-miss
817 http fetch GET 200 https://registry.npmjs.org/@expo%2fmetro-runtime 64ms (cache miss)
818 silly packumentCache full:https://registry.npmjs.org/@expo%2fmetro-runtime set size:undefined disposed:false
819 silly fetch manifest react-dom@*
820 silly packumentCache full:https://registry.npmjs.org/react-dom cache-miss
821 http fetch GET 200 https://registry.npmjs.org/react-dom 195ms (cache miss)
822 silly packumentCache full:https://registry.npmjs.org/react-dom set size:undefined disposed:false
823 silly fetch manifest react-native-webview@*
824 silly packumentCache full:https://registry.npmjs.org/react-native-webview cache-miss
825 http fetch GET 200 https://registry.npmjs.org/react-native-webview 78ms (cache miss)
826 silly packumentCache full:https://registry.npmjs.org/react-native-webview set size:undefined disposed:false
827 silly fetch manifest gel@>=2
828 silly packumentCache full:https://registry.npmjs.org/gel cache-miss
829 http fetch GET 200 https://registry.npmjs.org/gel 60ms (cache miss)
830 silly packumentCache full:https://registry.npmjs.org/gel set size:undefined disposed:false
831 silly fetch manifest knex@*
832 silly packumentCache full:https://registry.npmjs.org/knex cache-miss
833 http fetch GET 200 https://registry.npmjs.org/knex 58ms (cache miss)
834 silly packumentCache full:https://registry.npmjs.org/knex set size:undefined disposed:false
835 silly fetch manifest pg-query-stream@^4.14.0
836 silly packumentCache full:https://registry.npmjs.org/pg-query-stream cache-miss
837 http fetch GET 200 https://registry.npmjs.org/pg-query-stream 39ms (cache miss)
838 silly packumentCache full:https://registry.npmjs.org/pg-query-stream set size:undefined disposed:false
839 silly fetch manifest pg@^8
840 silly packumentCache full:https://registry.npmjs.org/pg cache-miss
841 http fetch GET 200 https://registry.npmjs.org/pg 89ms (cache miss)
842 silly packumentCache full:https://registry.npmjs.org/pg set size:undefined disposed:false
843 silly fetch manifest pg-native@>=3.0.1
844 silly packumentCache full:https://registry.npmjs.org/pg-native cache-miss
845 http fetch GET 200 https://registry.npmjs.org/pg-native 43ms (cache miss)
846 silly packumentCache full:https://registry.npmjs.org/pg-native set size:undefined disposed:false
847 silly fetch manifest kysely@*
848 silly packumentCache full:https://registry.npmjs.org/kysely cache-miss
849 http fetch GET 200 https://registry.npmjs.org/kysely 70ms (cache miss)
850 silly packumentCache full:https://registry.npmjs.org/kysely set size:undefined disposed:false
851 silly fetch manifest mysql2@>=2
852 silly packumentCache full:https://registry.npmjs.org/mysql2 cache-miss
853 http fetch GET 200 https://registry.npmjs.org/mysql2 63ms (cache miss)
854 silly packumentCache full:https://registry.npmjs.org/mysql2 set size:undefined disposed:false
855 silly fetch manifest @types/node@>= 8
856 silly packumentCache full:https://registry.npmjs.org/@types%2fnode cache-miss
857 http cache https://registry.npmjs.org/@types%2fnode 18ms (cache hit)
858 silly packumentCache full:https://registry.npmjs.org/@types%2fnode set size:10990115 disposed:false
859 silly fetch manifest postgres@>=3
860 silly packumentCache full:https://registry.npmjs.org/postgres cache-miss
861 http fetch GET 200 https://registry.npmjs.org/postgres 49ms (cache miss)
862 silly packumentCache full:https://registry.npmjs.org/postgres set size:undefined disposed:false
863 silly fetch manifest sql.js@>=1
864 silly packumentCache full:https://registry.npmjs.org/sql.js cache-miss
865 http fetch GET 200 https://registry.npmjs.org/sql.js 42ms (cache miss)
866 silly packumentCache full:https://registry.npmjs.org/sql.js set size:undefined disposed:false
867 silly fetch manifest sqlite3@>=5
868 silly packumentCache full:https://registry.npmjs.org/sqlite3 cache-miss
869 http fetch GET 200 https://registry.npmjs.org/sqlite3 46ms (cache miss)
870 silly packumentCache full:https://registry.npmjs.org/sqlite3 set size:undefined disposed:false
871 silly fetch manifest idb-keyval@^6.2.1
872 silly packumentCache full:https://registry.npmjs.org/idb-keyval cache-miss
873 http fetch GET 200 https://registry.npmjs.org/idb-keyval 59ms (cache miss)
874 silly packumentCache full:https://registry.npmjs.org/idb-keyval set size:undefined disposed:false
875 silly fetch manifest ioredis@^5.4.2
876 silly packumentCache full:https://registry.npmjs.org/ioredis cache-miss
877 http fetch GET 200 https://registry.npmjs.org/ioredis 78ms (cache miss)
878 silly packumentCache full:https://registry.npmjs.org/ioredis set size:undefined disposed:false
879 silly fetch manifest uploadthing@^7.4.4
880 silly packumentCache full:https://registry.npmjs.org/uploadthing cache-miss
881 http fetch GET 200 https://registry.npmjs.org/uploadthing 60ms (cache miss)
882 silly packumentCache full:https://registry.npmjs.org/uploadthing set size:undefined disposed:false
883 silly fetch manifest express@*
884 silly packumentCache full:https://registry.npmjs.org/express cache-miss
885 http fetch GET 200 https://registry.npmjs.org/express 65ms (cache miss)
886 silly packumentCache full:https://registry.npmjs.org/express set size:undefined disposed:false
887 silly fetch manifest h3@*
888 silly packumentCache full:https://registry.npmjs.org/h3 cache-miss
889 http fetch GET 200 https://registry.npmjs.org/h3 60ms (cache miss)
890 silly packumentCache full:https://registry.npmjs.org/h3 set size:undefined disposed:false
891 silly fetch manifest crossws@^0.4.1
892 silly packumentCache full:https://registry.npmjs.org/crossws cache-miss
893 http fetch GET 200 https://registry.npmjs.org/crossws 61ms (cache miss)
894 silly packumentCache full:https://registry.npmjs.org/crossws set size:undefined disposed:false
895 silly fetch manifest srvx@>=0.11.5
896 silly packumentCache full:https://registry.npmjs.org/srvx cache-miss
897 http fetch GET 200 https://registry.npmjs.org/srvx 46ms (cache miss)
898 silly packumentCache full:https://registry.npmjs.org/srvx set size:undefined disposed:false
899 silly fetch manifest tailwindcss@^3.0.0 || ^4.0.0-beta.0
900 silly packumentCache full:https://registry.npmjs.org/tailwindcss cache-miss
901 http cache https://registry.npmjs.org/tailwindcss 17ms (cache hit)
902 silly packumentCache full:https://registry.npmjs.org/tailwindcss set size:10480773 disposed:false
903 silly fetch manifest typescript@^4.9.4 || ^5.0.2
904 silly packumentCache full:https://registry.npmjs.org/typescript cache-miss
905 http cache https://registry.npmjs.org/typescript 29ms (cache hit)
906 silly packumentCache full:https://registry.npmjs.org/typescript set size:15409943 disposed:false
907 silly fetch manifest rollup@^1.20.0||^2.0.0||^3.0.0||^4.0.0
908 silly packumentCache full:https://registry.npmjs.org/rollup cache-miss
909 http fetch GET 200 https://registry.npmjs.org/rollup 114ms (cache miss)
910 silly packumentCache full:https://registry.npmjs.org/rollup set size:undefined disposed:false
911 silly placeDep ROOT @astrojs/compiler@2.13.1 OK for: astro@5.18.1 want: ^2.13.0
912 silly placeDep ROOT @astrojs/internal-helpers@0.7.6 OK for: astro@5.18.1 want: 0.7.6
913 silly placeDep ROOT @astrojs/markdown-remark@6.3.11 OK for: astro@5.18.1 want: 6.3.11
914 silly placeDep ROOT @astrojs/telemetry@3.3.0 OK for: astro@5.18.1 want: 3.3.0
915 silly placeDep ROOT @capsizecss/unpack@4.0.0 OK for: astro@5.18.1 want: ^4.0.0
916 silly placeDep ROOT @oslojs/encoding@1.1.0 OK for: astro@5.18.1 want: ^1.1.0
917 silly placeDep ROOT @rollup/pluginutils@5.3.0 OK for: astro@5.18.1 want: ^5.3.0
918 silly placeDep ROOT acorn@8.16.0 OK for: astro@5.18.1 want: ^8.15.0
919 silly placeDep ROOT aria-query@5.3.2 OK for: astro@5.18.1 want: ^5.3.2
920 silly placeDep ROOT axobject-query@4.1.0 OK for: astro@5.18.1 want: ^4.1.0
921 silly placeDep ROOT boxen@8.0.1 OK for: astro@5.18.1 want: 8.0.1
922 silly placeDep ROOT ci-info@4.4.0 OK for: astro@5.18.1 want: ^4.3.1
923 silly placeDep ROOT clsx@2.1.1 OK for: astro@5.18.1 want: ^2.1.1
924 silly placeDep ROOT common-ancestor-path@1.0.1 OK for: astro@5.18.1 want: ^1.0.1
925 silly placeDep ROOT cookie@1.1.1 OK for: astro@5.18.1 want: ^1.1.1
926 silly placeDep ROOT cssesc@3.0.0 OK for: astro@5.18.1 want: ^3.0.0
927 silly placeDep ROOT debug@4.4.3 OK for: astro@5.18.1 want: ^4.4.3
928 silly placeDep ROOT deterministic-object-hash@2.0.2 OK for: astro@5.18.1 want: ^2.0.2
929 silly placeDep ROOT devalue@5.8.0 OK for: astro@5.18.1 want: ^5.6.2
930 silly placeDep ROOT diff@8.0.4 OK for: astro@5.18.1 want: ^8.0.3
931 silly placeDep ROOT dlv@1.1.3 OK for: astro@5.18.1 want: ^1.1.3
932 silly placeDep ROOT dset@3.1.4 OK for: astro@5.18.1 want: ^3.1.4
933 silly placeDep ROOT es-module-lexer@1.7.0 OK for: astro@5.18.1 want: ^1.7.0
934 silly placeDep ROOT esbuild@0.27.7 OK for: astro@5.18.1 want: ^0.27.3
935 silly placeDep ROOT estree-walker@3.0.3 OK for: astro@5.18.1 want: ^3.0.3
936 silly placeDep ROOT flattie@1.1.1 OK for: astro@5.18.1 want: ^1.1.1
937 silly placeDep ROOT fontace@0.4.1 OK for: astro@5.18.1 want: ~0.4.0
938 silly placeDep ROOT github-slugger@2.0.0 OK for: astro@5.18.1 want: ^2.0.0
939 silly placeDep ROOT html-escaper@3.0.3 OK for: astro@5.18.1 want: 3.0.3
940 silly placeDep ROOT http-cache-semantics@4.2.0 OK for: astro@5.18.1 want: ^4.2.0
941 silly placeDep ROOT import-meta-resolve@4.2.0 OK for: astro@5.18.1 want: ^4.2.0
942 silly placeDep ROOT js-yaml@4.1.1 OK for: astro@5.18.1 want: ^4.1.1
943 silly placeDep ROOT magicast@0.5.2 OK for: astro@5.18.1 want: ^0.5.1
944 silly placeDep ROOT mrmime@2.0.1 OK for: astro@5.18.1 want: ^2.0.1
945 silly placeDep ROOT neotraverse@0.6.18 OK for: astro@5.18.1 want: ^0.6.18
946 silly placeDep ROOT p-limit@6.2.0 OK for: astro@5.18.1 want: ^6.2.0
947 silly placeDep ROOT p-queue@8.1.1 OK for: astro@5.18.1 want: ^8.1.1
948 silly placeDep ROOT package-manager-detector@1.6.0 OK for: astro@5.18.1 want: ^1.6.0
949 silly placeDep ROOT piccolore@0.1.3 OK for: astro@5.18.1 want: ^0.1.3
950 silly placeDep ROOT picomatch@4.0.4 OK for: astro@5.18.1 want: ^4.0.3
951 silly placeDep ROOT prompts@2.4.2 OK for: astro@5.18.1 want: ^2.4.2
952 silly placeDep ROOT rehype@13.0.2 OK for: astro@5.18.1 want: ^13.0.2
953 silly placeDep ROOT semver@7.8.0 OK for: astro@5.18.1 want: ^7.7.3
954 silly placeDep ROOT sharp@0.34.5 OK for: astro@5.18.1 want: ^0.34.0
955 silly placeDep ROOT shiki@3.23.0 OK for: astro@5.18.1 want: ^3.21.0
956 silly placeDep ROOT smol-toml@1.6.1 OK for: astro@5.18.1 want: ^1.6.0
957 silly placeDep ROOT svgo@4.0.1 OK for: astro@5.18.1 want: ^4.0.0
958 silly placeDep ROOT tinyexec@1.1.2 OK for: astro@5.18.1 want: ^1.0.2
959 silly placeDep ROOT tinyglobby@0.2.16 OK for: astro@5.18.1 want: ^0.2.15
960 silly placeDep ROOT tsconfck@3.1.6 OK for: astro@5.18.1 want: ^3.1.6
961 silly placeDep ROOT ultrahtml@1.6.0 OK for: astro@5.18.1 want: ^1.6.0
962 silly placeDep ROOT unifont@0.7.4 OK for: astro@5.18.1 want: ~0.7.3
963 silly placeDep ROOT unist-util-visit@5.1.0 OK for: astro@5.18.1 want: ^5.0.0
964 silly placeDep ROOT unstorage@1.17.5 OK for: astro@5.18.1 want: ^1.17.4
965 silly placeDep ROOT vfile@6.0.3 OK for: astro@5.18.1 want: ^6.0.3
966 silly placeDep node_modules/astro vite@6.4.2 OK for: astro@5.18.1 want: ^6.4.1
967 silly placeDep ROOT vitefu@1.1.3 OK for: astro@5.18.1 want: ^1.1.1
968 silly placeDep ROOT xxhash-wasm@1.1.0 OK for: astro@5.18.1 want: ^1.1.0
969 silly placeDep ROOT yargs-parser@21.1.1 OK for: astro@5.18.1 want: ^21.1.1
970 silly placeDep ROOT yocto-spinner@0.2.3 OK for: astro@5.18.1 want: ^0.2.3
971 silly placeDep node_modules/astro zod@3.25.76 OK for: astro@5.18.1 want: ^3.25.76
972 silly placeDep ROOT zod-to-json-schema@3.25.2 OK for: astro@5.18.1 want: ^3.25.1
973 silly placeDep node_modules/astro zod-to-ts@1.2.0 OK for: astro@5.18.1 want: ^1.2.0
974 silly placeDep ROOT typescript@5.9.3 OK for: zod-to-ts@1.2.0 want: ^4.9.4 || ^5.0.2
975 silly fetch manifest unified@^11.0.5
976 silly packumentCache full:https://registry.npmjs.org/unified cache-miss
977 silly fetch manifest rehype-raw@^7.0.0
978 silly packumentCache full:https://registry.npmjs.org/rehype-raw cache-miss
979 silly fetch manifest remark-gfm@^4.0.1
980 silly packumentCache full:https://registry.npmjs.org/remark-gfm cache-miss
981 silly fetch manifest remark-parse@^11.0.0
982 silly packumentCache full:https://registry.npmjs.org/remark-parse cache-miss
983 silly fetch manifest remark-rehype@^11.1.2
984 silly packumentCache full:https://registry.npmjs.org/remark-rehype cache-miss
985 silly fetch manifest @astrojs/prism@3.3.0
986 silly packumentCache full:https://registry.npmjs.org/@astrojs%2fprism cache-miss
987 silly fetch manifest rehype-stringify@^10.0.1
988 silly packumentCache full:https://registry.npmjs.org/rehype-stringify cache-miss
989 silly fetch manifest hast-util-to-text@^4.0.2
990 silly packumentCache full:https://registry.npmjs.org/hast-util-to-text cache-miss
991 silly fetch manifest remark-smartypants@^3.0.2
992 silly packumentCache full:https://registry.npmjs.org/remark-smartypants cache-miss
993 silly fetch manifest hast-util-from-html@^2.0.3
994 silly packumentCache full:https://registry.npmjs.org/hast-util-from-html cache-miss
995 silly fetch manifest mdast-util-definitions@^6.0.0
996 silly packumentCache full:https://registry.npmjs.org/mdast-util-definitions cache-miss
997 silly fetch manifest unist-util-visit-parents@^6.0.2
998 silly packumentCache full:https://registry.npmjs.org/unist-util-visit-parents cache-miss
999 silly fetch manifest unist-util-remove-position@^5.0.0
1000 silly packumentCache full:https://registry.npmjs.org/unist-util-remove-position cache-miss
1001 silly fetch manifest debug@^4.4.0
1002 silly packumentCache full:https://registry.npmjs.org/debug cache-miss
1003 silly fetch manifest is-wsl@^3.1.0
1004 silly packumentCache full:https://registry.npmjs.org/is-wsl cache-miss
1005 silly fetch manifest ci-info@^4.2.0
1006 silly packumentCache full:https://registry.npmjs.org/ci-info cache-miss
1007 silly fetch manifest is-docker@^3.0.0
1008 silly packumentCache full:https://registry.npmjs.org/is-docker cache-miss
1009 silly fetch manifest which-pm-runs@^1.1.0
1010 silly packumentCache full:https://registry.npmjs.org/which-pm-runs cache-miss
1011 silly fetch manifest fontkitten@^1.0.0
1012 silly packumentCache full:https://registry.npmjs.org/fontkitten cache-miss
1013 http cache https://registry.npmjs.org/debug 12ms (cache hit)
1014 silly packumentCache full:https://registry.npmjs.org/debug set size:195840 disposed:false
1015 silly fetch manifest @types/estree@^1.0.0
1016 silly packumentCache full:https://registry.npmjs.org/@types%2festree cache-miss
1017 http cache https://registry.npmjs.org/ci-info 15ms (cache hit)
1018 silly packumentCache full:https://registry.npmjs.org/ci-info set size:91363 disposed:false
1019 silly fetch manifest estree-walker@^2.0.2
1020 silly packumentCache full:https://registry.npmjs.org/estree-walker cache-miss
1021 http cache https://registry.npmjs.org/estree-walker 3ms (cache hit)
1022 silly packumentCache full:https://registry.npmjs.org/estree-walker set size:60887 disposed:false
1023 silly fetch manifest picomatch@^4.0.2
1024 silly packumentCache full:https://registry.npmjs.org/picomatch cache-hit
1025 silly fetch manifest ansi-align@^3.0.1
1026 silly packumentCache full:https://registry.npmjs.org/ansi-align cache-miss
1027 http fetch GET 200 https://registry.npmjs.org/remark-smartypants 62ms (cache miss)
1028 silly packumentCache full:https://registry.npmjs.org/remark-smartypants set size:undefined disposed:false
1029 silly fetch manifest camelcase@^8.0.0
1030 silly packumentCache full:https://registry.npmjs.org/camelcase cache-miss
1031 http fetch GET 200 https://registry.npmjs.org/is-wsl 61ms (cache miss)
1032 silly packumentCache full:https://registry.npmjs.org/is-wsl set size:undefined disposed:false
1033 silly fetch manifest chalk@^5.3.0
1034 silly packumentCache full:https://registry.npmjs.org/chalk cache-miss
1035 http fetch GET 200 https://registry.npmjs.org/hast-util-from-html 64ms (cache miss)
1036 silly packumentCache full:https://registry.npmjs.org/hast-util-from-html set size:undefined disposed:false
1037 silly fetch manifest cli-boxes@^3.0.0
1038 silly packumentCache full:https://registry.npmjs.org/cli-boxes cache-miss
1039 http fetch GET 200 https://registry.npmjs.org/is-docker 63ms (cache miss)
1040 silly packumentCache full:https://registry.npmjs.org/is-docker set size:undefined disposed:false
1041 silly fetch manifest string-width@^7.2.0
1042 silly packumentCache full:https://registry.npmjs.org/string-width cache-miss
1043 http fetch GET 200 https://registry.npmjs.org/rehype-stringify 67ms (cache miss)
1044 silly packumentCache full:https://registry.npmjs.org/rehype-stringify set size:undefined disposed:false
1045 silly fetch manifest type-fest@^4.21.0
1046 silly packumentCache full:https://registry.npmjs.org/type-fest cache-miss
1047 http fetch GET 200 https://registry.npmjs.org/unist-util-remove-position 66ms (cache miss)
1048 silly packumentCache full:https://registry.npmjs.org/unist-util-remove-position set size:undefined disposed:false
1049 silly fetch manifest widest-line@^5.0.0
1050 silly packumentCache full:https://registry.npmjs.org/widest-line cache-miss
1051 http fetch GET 200 https://registry.npmjs.org/rehype-raw 72ms (cache miss)
1052 silly packumentCache full:https://registry.npmjs.org/rehype-raw set size:undefined disposed:false
1053 silly fetch manifest wrap-ansi@^9.0.0
1054 silly packumentCache full:https://registry.npmjs.org/wrap-ansi cache-miss
1055 http fetch GET 200 https://registry.npmjs.org/hast-util-to-text 72ms (cache miss)
1056 silly packumentCache full:https://registry.npmjs.org/hast-util-to-text set size:undefined disposed:false
1057 silly fetch manifest ms@^2.1.3
1058 silly packumentCache full:https://registry.npmjs.org/ms cache-miss
1059 http fetch GET 200 https://registry.npmjs.org/unist-util-visit-parents 72ms (cache miss)
1060 silly packumentCache full:https://registry.npmjs.org/unist-util-visit-parents set size:undefined disposed:false
1061 silly fetch manifest base-64@^1.0.0
1062 silly packumentCache full:https://registry.npmjs.org/base-64 cache-miss
1063 http fetch GET 200 https://registry.npmjs.org/mdast-util-definitions 74ms (cache miss)
1064 silly packumentCache full:https://registry.npmjs.org/mdast-util-definitions set size:undefined disposed:false
1065 silly fetch manifest @esbuild/aix-ppc64@0.27.7
1066 silly packumentCache full:https://registry.npmjs.org/@esbuild%2faix-ppc64 cache-miss
1067 http fetch GET 200 https://registry.npmjs.org/remark-rehype 76ms (cache miss)
1068 silly packumentCache full:https://registry.npmjs.org/remark-rehype set size:undefined disposed:false
1069 silly fetch manifest @esbuild/linux-arm@0.27.7
1070 silly packumentCache full:https://registry.npmjs.org/@esbuild%2flinux-arm cache-miss
1071 http fetch GET 200 https://registry.npmjs.org/remark-parse 80ms (cache miss)
1072 silly packumentCache full:https://registry.npmjs.org/remark-parse set size:undefined disposed:false
1073 silly fetch manifest @esbuild/linux-x64@0.27.7
1074 silly packumentCache full:https://registry.npmjs.org/@esbuild%2flinux-x64 cache-miss
1075 http fetch GET 200 https://registry.npmjs.org/remark-gfm 81ms (cache miss)
1076 silly packumentCache full:https://registry.npmjs.org/remark-gfm set size:undefined disposed:false
1077 silly fetch manifest @esbuild/sunos-x64@0.27.7
1078 silly packumentCache full:https://registry.npmjs.org/@esbuild%2fsunos-x64 cache-miss
1079 http fetch GET 200 https://registry.npmjs.org/unified 96ms (cache miss)
1080 silly packumentCache full:https://registry.npmjs.org/unified set size:undefined disposed:false
1081 silly fetch manifest @esbuild/win32-x64@0.27.7
1082 silly packumentCache full:https://registry.npmjs.org/@esbuild%2fwin32-x64 cache-miss
1083 http fetch GET 200 https://registry.npmjs.org/which-pm-runs 94ms (cache miss)
1084 silly packumentCache full:https://registry.npmjs.org/which-pm-runs set size:undefined disposed:false
1085 silly fetch manifest @esbuild/darwin-x64@0.27.7
1086 silly packumentCache full:https://registry.npmjs.org/@esbuild%2fdarwin-x64 cache-miss
1087 http fetch GET 200 https://registry.npmjs.org/@astrojs%2fprism 98ms (cache miss)
1088 silly packumentCache full:https://registry.npmjs.org/@astrojs%2fprism set size:undefined disposed:false
1089 silly fetch manifest @esbuild/linux-ia32@0.27.7
1090 silly packumentCache full:https://registry.npmjs.org/@esbuild%2flinux-ia32 cache-miss
1091 http fetch GET 200 https://registry.npmjs.org/fontkitten 99ms (cache miss)
1092 silly packumentCache full:https://registry.npmjs.org/fontkitten set size:undefined disposed:false
1093 silly fetch manifest @esbuild/netbsd-x64@0.27.7
1094 silly packumentCache full:https://registry.npmjs.org/@esbuild%2fnetbsd-x64 cache-miss
1095 http fetch GET 200 https://registry.npmjs.org/@types%2festree 90ms (cache miss)
1096 silly packumentCache full:https://registry.npmjs.org/@types%2festree set size:undefined disposed:false
1097 silly fetch manifest @esbuild/win32-ia32@0.27.7
1098 silly packumentCache full:https://registry.npmjs.org/@esbuild%2fwin32-ia32 cache-miss
1099 http fetch GET 200 https://registry.npmjs.org/chalk 44ms (cache miss)
1100 silly packumentCache full:https://registry.npmjs.org/chalk set size:undefined disposed:false
1101 silly fetch manifest @esbuild/android-arm@0.27.7
1102 silly packumentCache full:https://registry.npmjs.org/@esbuild%2fandroid-arm cache-miss
1103 http fetch GET 200 https://registry.npmjs.org/cli-boxes 47ms (cache miss)
1104 silly packumentCache full:https://registry.npmjs.org/cli-boxes set size:undefined disposed:false
1105 silly fetch manifest @esbuild/android-x64@0.27.7
1106 silly packumentCache full:https://registry.npmjs.org/@esbuild%2fandroid-x64 cache-miss
1107 http fetch GET 200 https://registry.npmjs.org/camelcase 50ms (cache miss)
1108 silly packumentCache full:https://registry.npmjs.org/camelcase set size:undefined disposed:false
1109 silly fetch manifest @esbuild/freebsd-x64@0.27.7
1110 silly packumentCache full:https://registry.npmjs.org/@esbuild%2ffreebsd-x64 cache-miss
1111 http fetch GET 200 https://registry.npmjs.org/string-width 55ms (cache miss)
1112 silly packumentCache full:https://registry.npmjs.org/string-width set size:undefined disposed:false
1113 silly fetch manifest @esbuild/linux-arm64@0.27.7
1114 silly packumentCache full:https://registry.npmjs.org/@esbuild%2flinux-arm64 cache-miss
1115 http fetch GET 200 https://registry.npmjs.org/wrap-ansi 52ms (cache miss)
1116 silly packumentCache full:https://registry.npmjs.org/wrap-ansi set size:undefined disposed:false
1117 silly fetch manifest @esbuild/linux-ppc64@0.27.7
1118 silly packumentCache full:https://registry.npmjs.org/@esbuild%2flinux-ppc64 cache-miss
1119 http fetch GET 200 https://registry.npmjs.org/widest-line 55ms (cache miss)
1120 silly packumentCache full:https://registry.npmjs.org/widest-line set size:undefined disposed:false
1121 silly fetch manifest @esbuild/linux-s390x@0.27.7
1122 silly packumentCache full:https://registry.npmjs.org/@esbuild%2flinux-s390x cache-miss
1123 http fetch GET 200 https://registry.npmjs.org/ansi-align 111ms (cache miss)
1124 silly packumentCache full:https://registry.npmjs.org/ansi-align set size:undefined disposed:false
1125 silly fetch manifest @esbuild/openbsd-x64@0.27.7
1126 silly packumentCache full:https://registry.npmjs.org/@esbuild%2fopenbsd-x64 cache-miss
1127 http fetch GET 200 https://registry.npmjs.org/ms 61ms (cache miss)
1128 silly packumentCache full:https://registry.npmjs.org/ms set size:undefined disposed:false
1129 silly fetch manifest @esbuild/win32-arm64@0.27.7
1130 silly packumentCache full:https://registry.npmjs.org/@esbuild%2fwin32-arm64 cache-miss
1131 http fetch GET 200 https://registry.npmjs.org/type-fest 68ms (cache miss)
1132 silly packumentCache full:https://registry.npmjs.org/type-fest set size:undefined disposed:false
1133 silly fetch manifest @esbuild/darwin-arm64@0.27.7
1134 silly packumentCache full:https://registry.npmjs.org/@esbuild%2fdarwin-arm64 cache-miss
1135 http fetch GET 200 https://registry.npmjs.org/@esbuild%2faix-ppc64 71ms (cache miss)
1136 silly packumentCache full:https://registry.npmjs.org/@esbuild%2faix-ppc64 set size:undefined disposed:false
1137 silly fetch manifest @esbuild/netbsd-arm64@0.27.7
1138 silly packumentCache full:https://registry.npmjs.org/@esbuild%2fnetbsd-arm64 cache-miss
1139 http fetch GET 200 https://registry.npmjs.org/@esbuild%2flinux-x64 73ms (cache miss)
1140 silly packumentCache full:https://registry.npmjs.org/@esbuild%2flinux-x64 set size:undefined disposed:false
1141 silly fetch manifest @esbuild/android-arm64@0.27.7
1142 silly packumentCache full:https://registry.npmjs.org/@esbuild%2fandroid-arm64 cache-miss
1143 http fetch GET 200 https://registry.npmjs.org/base-64 90ms (cache miss)
1144 silly packumentCache full:https://registry.npmjs.org/base-64 set size:undefined disposed:false
1145 silly fetch manifest @esbuild/freebsd-arm64@0.27.7
1146 silly packumentCache full:https://registry.npmjs.org/@esbuild%2ffreebsd-arm64 cache-miss
1147 http fetch GET 200 https://registry.npmjs.org/@esbuild%2fdarwin-x64 69ms (cache miss)
1148 silly packumentCache full:https://registry.npmjs.org/@esbuild%2fdarwin-x64 set size:undefined disposed:false
1149 silly fetch manifest @esbuild/linux-loong64@0.27.7
1150 silly packumentCache full:https://registry.npmjs.org/@esbuild%2flinux-loong64 cache-miss
1151 http fetch GET 200 https://registry.npmjs.org/@esbuild%2fsunos-x64 87ms (cache miss)
1152 silly packumentCache full:https://registry.npmjs.org/@esbuild%2fsunos-x64 set size:undefined disposed:false
1153 silly fetch manifest @esbuild/linux-riscv64@0.27.7
1154 silly packumentCache full:https://registry.npmjs.org/@esbuild%2flinux-riscv64 cache-miss
1155 http fetch GET 200 https://registry.npmjs.org/@esbuild%2fwin32-x64 73ms (cache miss)
1156 silly packumentCache full:https://registry.npmjs.org/@esbuild%2fwin32-x64 set size:undefined disposed:false
1157 silly fetch manifest @esbuild/openbsd-arm64@0.27.7
1158 silly packumentCache full:https://registry.npmjs.org/@esbuild%2fopenbsd-arm64 cache-miss
1159 http fetch GET 200 https://registry.npmjs.org/@esbuild%2flinux-arm 98ms (cache miss)
1160 silly packumentCache full:https://registry.npmjs.org/@esbuild%2flinux-arm set size:undefined disposed:false
1161 silly fetch manifest @esbuild/linux-mips64el@0.27.7
1162 silly packumentCache full:https://registry.npmjs.org/@esbuild%2flinux-mips64el cache-miss
1163 http fetch GET 200 https://registry.npmjs.org/@esbuild%2fnetbsd-x64 75ms (cache miss)
1164 silly packumentCache full:https://registry.npmjs.org/@esbuild%2fnetbsd-x64 set size:undefined disposed:false
1165 silly fetch manifest @esbuild/openharmony-arm64@0.27.7
1166 silly packumentCache full:https://registry.npmjs.org/@esbuild%2fopenharmony-arm64 cache-miss
1167 http fetch GET 200 https://registry.npmjs.org/@esbuild%2fandroid-x64 67ms (cache miss)
1168 silly packumentCache full:https://registry.npmjs.org/@esbuild%2fandroid-x64 set size:undefined disposed:false
1169 silly fetch manifest fontkitten@^1.0.2
1170 silly packumentCache full:https://registry.npmjs.org/fontkitten cache-miss
1171 http fetch GET 200 https://registry.npmjs.org/@esbuild%2flinux-ia32 84ms (cache miss)
1172 silly packumentCache full:https://registry.npmjs.org/@esbuild%2flinux-ia32 set size:undefined disposed:false
1173 silly fetch manifest argparse@^2.0.1
1174 silly packumentCache full:https://registry.npmjs.org/argparse cache-miss
1175 http cache https://registry.npmjs.org/fontkitten 6ms (cache hit)
1176 silly packumentCache full:https://registry.npmjs.org/fontkitten set size:43549 disposed:false
1177 silly fetch manifest @babel/parser@^7.29.0
1178 silly packumentCache full:https://registry.npmjs.org/@babel%2fparser cache-miss
1179 http fetch GET 200 https://registry.npmjs.org/@esbuild%2fandroid-arm 79ms (cache miss)
1180 silly packumentCache full:https://registry.npmjs.org/@esbuild%2fandroid-arm set size:undefined disposed:false
1181 silly fetch manifest @babel/types@^7.29.0
1182 silly packumentCache full:https://registry.npmjs.org/@babel%2ftypes cache-miss
1183 http fetch GET 200 https://registry.npmjs.org/@esbuild%2fwin32-ia32 119ms (cache miss)
1184 silly packumentCache full:https://registry.npmjs.org/@esbuild%2fwin32-ia32 set size:undefined disposed:false
1185 silly fetch manifest yocto-queue@^1.1.1
1186 silly packumentCache full:https://registry.npmjs.org/yocto-queue cache-miss
1187 http fetch GET 200 https://registry.npmjs.org/@esbuild%2flinux-arm64 110ms (cache miss)
1188 silly packumentCache full:https://registry.npmjs.org/@esbuild%2flinux-arm64 set size:undefined disposed:false
1189 silly fetch manifest p-timeout@^6.1.2
1190 silly packumentCache full:https://registry.npmjs.org/p-timeout cache-miss
1191 http fetch GET 200 https://registry.npmjs.org/@esbuild%2fnetbsd-arm64 92ms (cache miss)
1192 silly packumentCache full:https://registry.npmjs.org/@esbuild%2fnetbsd-arm64 set size:undefined disposed:false
1193 silly fetch manifest eventemitter3@^5.0.1
1194 silly packumentCache full:https://registry.npmjs.org/eventemitter3 cache-miss
1195 http fetch GET 200 https://registry.npmjs.org/@esbuild%2fopenbsd-arm64 73ms (cache miss)
1196 silly packumentCache full:https://registry.npmjs.org/@esbuild%2fopenbsd-arm64 set size:undefined disposed:false
1197 silly fetch manifest kleur@^3.0.3
1198 silly packumentCache full:https://registry.npmjs.org/kleur cache-miss
1199 http fetch GET 200 https://registry.npmjs.org/@esbuild%2flinux-s390x 119ms (cache miss)
1200 silly packumentCache full:https://registry.npmjs.org/@esbuild%2flinux-s390x set size:undefined disposed:false
1201 silly fetch manifest sisteransi@^1.0.5
1202 silly packumentCache full:https://registry.npmjs.org/sisteransi cache-miss
1203 http fetch GET 200 https://registry.npmjs.org/@esbuild%2ffreebsd-x64 130ms (cache miss)
1204 silly packumentCache full:https://registry.npmjs.org/@esbuild%2ffreebsd-x64 set size:undefined disposed:false
1205 silly fetch manifest @types/hast@^3.0.0
1206 silly packumentCache full:https://registry.npmjs.org/@types%2fhast cache-miss
1207 http fetch GET 200 https://registry.npmjs.org/@esbuild%2fopenbsd-x64 113ms (cache miss)
1208 silly packumentCache full:https://registry.npmjs.org/@esbuild%2fopenbsd-x64 set size:undefined disposed:false
1209 silly fetch manifest rehype-parse@^9.0.0
1210 silly packumentCache full:https://registry.npmjs.org/rehype-parse cache-miss
1211 http fetch GET 200 https://registry.npmjs.org/@esbuild%2fdarwin-arm64 109ms (cache miss)
1212 silly packumentCache full:https://registry.npmjs.org/@esbuild%2fdarwin-arm64 set size:undefined disposed:false
1213 silly fetch manifest rehype-stringify@^10.0.0
1214 silly packumentCache full:https://registry.npmjs.org/rehype-stringify cache-miss
1215 http fetch GET 200 https://registry.npmjs.org/@esbuild%2fwin32-arm64 113ms (cache miss)
1216 silly packumentCache full:https://registry.npmjs.org/@esbuild%2fwin32-arm64 set size:undefined disposed:false
1217 silly fetch manifest unified@^11.0.0
1218 silly packumentCache full:https://registry.npmjs.org/unified cache-miss
1219 http fetch GET 200 https://registry.npmjs.org/@esbuild%2fandroid-arm64 96ms (cache miss)
1220 silly packumentCache full:https://registry.npmjs.org/@esbuild%2fandroid-arm64 set size:undefined disposed:false
1221 silly fetch manifest @img/colour@^1.0.0
1222 silly packumentCache full:https://registry.npmjs.org/@img%2fcolour cache-miss
1223 http fetch GET 200 https://registry.npmjs.org/@esbuild%2flinux-ppc64 129ms (cache miss)
1224 silly packumentCache full:https://registry.npmjs.org/@esbuild%2flinux-ppc64 set size:undefined disposed:false
1225 silly fetch manifest detect-libc@^2.1.2
1226 silly packumentCache full:https://registry.npmjs.org/detect-libc cache-miss
1227 http fetch GET 200 https://registry.npmjs.org/argparse 71ms (cache miss)
1228 silly packumentCache full:https://registry.npmjs.org/argparse set size:undefined disposed:false
1229 silly fetch manifest @img/sharp-wasm32@0.34.5
1230 silly packumentCache full:https://registry.npmjs.org/@img%2fsharp-wasm32 cache-miss
1231 http fetch GET 200 https://registry.npmjs.org/@esbuild%2flinux-loong64 90ms (cache miss)
1232 silly packumentCache full:https://registry.npmjs.org/@esbuild%2flinux-loong64 set size:undefined disposed:false
1233 silly fetch manifest @img/sharp-linux-arm@0.34.5
1234 silly packumentCache full:https://registry.npmjs.org/@img%2fsharp-linux-arm cache-miss
1235 http fetch GET 200 https://registry.npmjs.org/@esbuild%2flinux-mips64el 84ms (cache miss)
1236 silly packumentCache full:https://registry.npmjs.org/@esbuild%2flinux-mips64el set size:undefined disposed:false
1237 silly fetch manifest @img/sharp-linux-x64@0.34.5
1238 silly packumentCache full:https://registry.npmjs.org/@img%2fsharp-linux-x64 cache-miss
1239 http fetch GET 200 https://registry.npmjs.org/@esbuild%2ffreebsd-arm64 96ms (cache miss)
1240 silly packumentCache full:https://registry.npmjs.org/@esbuild%2ffreebsd-arm64 set size:undefined disposed:false
1241 silly fetch manifest @img/sharp-win32-x64@0.34.5
1242 silly packumentCache full:https://registry.npmjs.org/@img%2fsharp-win32-x64 cache-miss
1243 http fetch GET 200 https://registry.npmjs.org/@esbuild%2flinux-riscv64 94ms (cache miss)
1244 silly packumentCache full:https://registry.npmjs.org/@esbuild%2flinux-riscv64 set size:undefined disposed:false
1245 silly fetch manifest @img/sharp-darwin-x64@0.34.5
1246 silly packumentCache full:https://registry.npmjs.org/@img%2fsharp-darwin-x64 cache-miss
1247 http fetch GET 200 https://registry.npmjs.org/@esbuild%2fopenharmony-arm64 86ms (cache miss)
1248 silly packumentCache full:https://registry.npmjs.org/@esbuild%2fopenharmony-arm64 set size:undefined disposed:false
1249 silly fetch manifest @img/sharp-win32-ia32@0.34.5
1250 silly packumentCache full:https://registry.npmjs.org/@img%2fsharp-win32-ia32 cache-miss
1251 http cache https://registry.npmjs.org/rehype-stringify 17ms (cache hit)
1252 silly packumentCache full:https://registry.npmjs.org/rehype-stringify set size:58160 disposed:false
1253 silly fetch manifest @img/sharp-linux-arm64@0.34.5
1254 silly packumentCache full:https://registry.npmjs.org/@img%2fsharp-linux-arm64 cache-miss
1255 http cache https://registry.npmjs.org/detect-libc 12ms (cache hit)
1256 silly packumentCache full:https://registry.npmjs.org/detect-libc set size:47861 disposed:false
1257 silly fetch manifest @img/sharp-linux-ppc64@0.34.5
1258 silly packumentCache full:https://registry.npmjs.org/@img%2fsharp-linux-ppc64 cache-miss
1259 http cache https://registry.npmjs.org/unified 18ms (cache hit)
1260 silly packumentCache full:https://registry.npmjs.org/unified set size:321787 disposed:false
1261 silly fetch manifest @img/sharp-linux-s390x@0.34.5
1262 silly packumentCache full:https://registry.npmjs.org/@img%2fsharp-linux-s390x cache-miss
1263 http fetch GET 200 https://registry.npmjs.org/@babel%2ftypes 86ms (cache miss)
1264 silly packumentCache full:https://registry.npmjs.org/@babel%2ftypes set size:undefined disposed:false
1265 silly fetch manifest @img/sharp-win32-arm64@0.34.5
1266 silly packumentCache full:https://registry.npmjs.org/@img%2fsharp-win32-arm64 cache-miss
1267 http fetch GET 200 https://registry.npmjs.org/p-timeout 45ms (cache miss)
1268 silly packumentCache full:https://registry.npmjs.org/p-timeout set size:undefined disposed:false
1269 silly fetch manifest @img/sharp-darwin-arm64@0.34.5
1270 silly packumentCache full:https://registry.npmjs.org/@img%2fsharp-darwin-arm64 cache-miss
1271 http fetch GET 200 https://registry.npmjs.org/yocto-queue 55ms (cache miss)
1272 silly packumentCache full:https://registry.npmjs.org/yocto-queue set size:undefined disposed:false
1273 silly fetch manifest @img/sharp-linux-riscv64@0.34.5
1274 silly packumentCache full:https://registry.npmjs.org/@img%2fsharp-linux-riscv64 cache-miss
1275 http fetch GET 200 https://registry.npmjs.org/sisteransi 39ms (cache miss)
1276 silly packumentCache full:https://registry.npmjs.org/sisteransi set size:undefined disposed:false
1277 silly fetch manifest @img/sharp-linuxmusl-x64@0.34.5
1278 silly packumentCache full:https://registry.npmjs.org/@img%2fsharp-linuxmusl-x64 cache-miss
1279 http fetch GET 200 https://registry.npmjs.org/@babel%2fparser 100ms (cache miss)
1280 silly packumentCache full:https://registry.npmjs.org/@babel%2fparser set size:undefined disposed:false
1281 silly fetch manifest @img/sharp-linuxmusl-arm64@0.34.5
1282 silly packumentCache full:https://registry.npmjs.org/@img%2fsharp-linuxmusl-arm64 cache-miss
1283 http fetch GET 200 https://registry.npmjs.org/eventemitter3 58ms (cache miss)
1284 silly packumentCache full:https://registry.npmjs.org/eventemitter3 set size:undefined disposed:false
1285 silly fetch manifest @img/sharp-libvips-linux-arm@1.2.4
1286 silly packumentCache full:https://registry.npmjs.org/@img%2fsharp-libvips-linux-arm cache-miss
1287 http fetch GET 200 https://registry.npmjs.org/rehype-parse 51ms (cache miss)
1288 silly packumentCache full:https://registry.npmjs.org/rehype-parse set size:undefined disposed:false
1289 silly fetch manifest @img/sharp-libvips-linux-x64@1.2.4
1290 silly packumentCache full:https://registry.npmjs.org/@img%2fsharp-libvips-linux-x64 cache-miss
1291 http fetch GET 200 https://registry.npmjs.org/kleur 56ms (cache miss)
1292 silly packumentCache full:https://registry.npmjs.org/kleur set size:undefined disposed:false
1293 silly fetch manifest @img/sharp-libvips-darwin-x64@1.2.4
1294 silly packumentCache full:https://registry.npmjs.org/@img%2fsharp-libvips-darwin-x64 cache-miss
1295 http fetch GET 200 https://registry.npmjs.org/@img%2fsharp-darwin-x64 45ms (cache miss)
1296 silly packumentCache full:https://registry.npmjs.org/@img%2fsharp-darwin-x64 set size:undefined disposed:false
1297 silly fetch manifest @img/sharp-libvips-linux-arm64@1.2.4
1298 silly packumentCache full:https://registry.npmjs.org/@img%2fsharp-libvips-linux-arm64 cache-miss
1299 http fetch GET 200 https://registry.npmjs.org/@types%2fhast 63ms (cache miss)
1300 silly packumentCache full:https://registry.npmjs.org/@types%2fhast set size:undefined disposed:false
1301 silly fetch manifest @img/sharp-libvips-linux-ppc64@1.2.4
1302 silly packumentCache full:https://registry.npmjs.org/@img%2fsharp-libvips-linux-ppc64 cache-miss
1303 http fetch GET 200 https://registry.npmjs.org/@img%2fsharp-linux-x64 60ms (cache miss)
1304 silly packumentCache full:https://registry.npmjs.org/@img%2fsharp-linux-x64 set size:undefined disposed:false
1305 silly fetch manifest @img/sharp-libvips-linux-s390x@1.2.4
1306 silly packumentCache full:https://registry.npmjs.org/@img%2fsharp-libvips-linux-s390x cache-miss
1307 http fetch GET 200 https://registry.npmjs.org/@img%2fsharp-wasm32 68ms (cache miss)
1308 silly packumentCache full:https://registry.npmjs.org/@img%2fsharp-wasm32 set size:undefined disposed:false
1309 silly fetch manifest @img/sharp-libvips-darwin-arm64@1.2.4
1310 silly packumentCache full:https://registry.npmjs.org/@img%2fsharp-libvips-darwin-arm64 cache-miss
1311 http fetch GET 200 https://registry.npmjs.org/@img%2fcolour 76ms (cache miss)
1312 silly packumentCache full:https://registry.npmjs.org/@img%2fcolour set size:undefined disposed:false
1313 silly fetch manifest @img/sharp-libvips-linux-riscv64@1.2.4
1314 silly packumentCache full:https://registry.npmjs.org/@img%2fsharp-libvips-linux-riscv64 cache-miss
1315 http fetch GET 200 https://registry.npmjs.org/@img%2fsharp-linux-arm64 62ms (cache miss)
1316 silly packumentCache full:https://registry.npmjs.org/@img%2fsharp-linux-arm64 set size:undefined disposed:false
1317 silly fetch manifest @img/sharp-libvips-linuxmusl-x64@1.2.4
1318 silly packumentCache full:https://registry.npmjs.org/@img%2fsharp-libvips-linuxmusl-x64 cache-miss
1319 http fetch GET 200 https://registry.npmjs.org/@img%2fsharp-win32-ia32 65ms (cache miss)
1320 silly packumentCache full:https://registry.npmjs.org/@img%2fsharp-win32-ia32 set size:undefined disposed:false
1321 silly fetch manifest @img/sharp-libvips-linuxmusl-arm64@1.2.4
1322 silly packumentCache full:https://registry.npmjs.org/@img%2fsharp-libvips-linuxmusl-arm64 cache-miss
1323 http fetch GET 200 https://registry.npmjs.org/@img%2fsharp-linux-arm 73ms (cache miss)
1324 silly packumentCache full:https://registry.npmjs.org/@img%2fsharp-linux-arm set size:undefined disposed:false
1325 silly fetch manifest @types/hast@^3.0.4
1326 silly packumentCache full:https://registry.npmjs.org/@types%2fhast cache-miss
1327 http cache https://registry.npmjs.org/@types%2fhast 2ms (cache hit)
1328 silly packumentCache full:https://registry.npmjs.org/@types%2fhast set size:32563 disposed:false
1329 silly fetch manifest @shikijs/core@3.23.0
1330 silly packumentCache full:https://registry.npmjs.org/@shikijs%2fcore cache-miss
1331 http fetch GET 200 https://registry.npmjs.org/@img%2fsharp-win32-x64 80ms (cache miss)
1332 silly packumentCache full:https://registry.npmjs.org/@img%2fsharp-win32-x64 set size:undefined disposed:false
1333 silly fetch manifest @shikijs/langs@3.23.0
1334 silly packumentCache full:https://registry.npmjs.org/@shikijs%2flangs cache-miss
1335 http fetch GET 200 https://registry.npmjs.org/@img%2fsharp-linux-s390x 73ms (cache miss)
1336 silly packumentCache full:https://registry.npmjs.org/@img%2fsharp-linux-s390x set size:undefined disposed:false
1337 silly fetch manifest @shikijs/types@3.23.0
1338 silly packumentCache full:https://registry.npmjs.org/@shikijs%2ftypes cache-miss
1339 http fetch GET 200 https://registry.npmjs.org/@img%2fsharp-win32-arm64 69ms (cache miss)
1340 silly packumentCache full:https://registry.npmjs.org/@img%2fsharp-win32-arm64 set size:undefined disposed:false
1341 silly fetch manifest @shikijs/themes@3.23.0
1342 silly packumentCache full:https://registry.npmjs.org/@shikijs%2fthemes cache-miss
1343 http fetch GET 200 https://registry.npmjs.org/@img%2fsharp-linux-riscv64 71ms (cache miss)
1344 silly packumentCache full:https://registry.npmjs.org/@img%2fsharp-linux-riscv64 set size:undefined disposed:false
1345 silly fetch manifest @shikijs/vscode-textmate@^10.0.2
1346 silly packumentCache full:https://registry.npmjs.org/@shikijs%2fvscode-textmate cache-miss
1347 http fetch GET 200 https://registry.npmjs.org/@img%2fsharp-linux-ppc64 88ms (cache miss)
1348 silly packumentCache full:https://registry.npmjs.org/@img%2fsharp-linux-ppc64 set size:undefined disposed:false
1349 silly fetch manifest @shikijs/engine-oniguruma@3.23.0
1350 silly packumentCache full:https://registry.npmjs.org/@shikijs%2fengine-oniguruma cache-miss
1351 http fetch GET 200 https://registry.npmjs.org/@img%2fsharp-darwin-arm64 78ms (cache miss)
1352 silly packumentCache full:https://registry.npmjs.org/@img%2fsharp-darwin-arm64 set size:undefined disposed:false
1353 silly fetch manifest @shikijs/engine-javascript@3.23.0
1354 silly packumentCache full:https://registry.npmjs.org/@shikijs%2fengine-javascript cache-miss
1355 http fetch GET 200 https://registry.npmjs.org/@img%2fsharp-linuxmusl-arm64 68ms (cache miss)
1356 silly packumentCache full:https://registry.npmjs.org/@img%2fsharp-linuxmusl-arm64 set size:undefined disposed:false
1357 silly fetch manifest sax@^1.5.0
1358 silly packumentCache full:https://registry.npmjs.org/sax cache-miss
1359 http cache https://registry.npmjs.org/sax 2ms (cache hit)
1360 silly packumentCache full:https://registry.npmjs.org/sax set size:91199 disposed:false
1361 silly fetch manifest csso@^5.0.5
1362 silly packumentCache full:https://registry.npmjs.org/csso cache-miss
1363 http fetch GET 200 https://registry.npmjs.org/@img%2fsharp-libvips-linux-arm 69ms (cache miss)
1364 silly packumentCache full:https://registry.npmjs.org/@img%2fsharp-libvips-linux-arm set size:undefined disposed:false
1365 silly fetch manifest css-tree@^3.0.1
1366 silly packumentCache full:https://registry.npmjs.org/css-tree cache-miss
1367 http fetch GET 200 https://registry.npmjs.org/@img%2fsharp-linuxmusl-x64 86ms (cache miss)
1368 silly packumentCache full:https://registry.npmjs.org/@img%2fsharp-linuxmusl-x64 set size:undefined disposed:false
1369 silly fetch manifest css-what@^6.1.0
1370 silly packumentCache full:https://registry.npmjs.org/css-what cache-miss
1371 http fetch GET 200 https://registry.npmjs.org/@img%2fsharp-libvips-linux-ppc64 71ms (cache miss)
1372 silly packumentCache full:https://registry.npmjs.org/@img%2fsharp-libvips-linux-ppc64 set size:undefined disposed:false
1373 silly fetch manifest commander@^11.1.0
1374 silly packumentCache full:https://registry.npmjs.org/commander cache-miss
1375 http fetch GET 200 https://registry.npmjs.org/@img%2fsharp-libvips-linux-x64 82ms (cache miss)
1376 silly packumentCache full:https://registry.npmjs.org/@img%2fsharp-libvips-linux-x64 set size:undefined disposed:false
1377 silly fetch manifest css-select@^5.1.0
1378 silly packumentCache full:https://registry.npmjs.org/css-select cache-miss
1379 http fetch GET 200 https://registry.npmjs.org/@img%2fsharp-libvips-darwin-x64 85ms (cache miss)
1380 silly packumentCache full:https://registry.npmjs.org/@img%2fsharp-libvips-darwin-x64 set size:undefined disposed:false
1381 silly fetch manifest picocolors@^1.1.1
1382 silly packumentCache full:https://registry.npmjs.org/picocolors cache-miss
1383 http fetch GET 200 https://registry.npmjs.org/@img%2fsharp-libvips-linux-s390x 67ms (cache miss)
1384 silly packumentCache full:https://registry.npmjs.org/@img%2fsharp-libvips-linux-s390x set size:undefined disposed:false
1385 silly fetch manifest fdir@^6.5.0
1386 silly packumentCache full:https://registry.npmjs.org/fdir cache-miss
1387 http fetch GET 200 https://registry.npmjs.org/@img%2fsharp-libvips-linux-arm64 78ms (cache miss)
1388 silly packumentCache full:https://registry.npmjs.org/@img%2fsharp-libvips-linux-arm64 set size:undefined disposed:false
1389 silly fetch manifest css-tree@^3.1.0
1390 silly packumentCache full:https://registry.npmjs.org/css-tree cache-miss
1391 http fetch GET 200 https://registry.npmjs.org/@img%2fsharp-libvips-linux-riscv64 61ms (cache miss)
1392 silly packumentCache full:https://registry.npmjs.org/@img%2fsharp-libvips-linux-riscv64 set size:undefined disposed:false
1393 silly fetch manifest ofetch@^1.5.1
1394 silly packumentCache full:https://registry.npmjs.org/ofetch cache-miss
1395 http fetch GET 200 https://registry.npmjs.org/@img%2fsharp-libvips-darwin-arm64 68ms (cache miss)
1396 silly packumentCache full:https://registry.npmjs.org/@img%2fsharp-libvips-darwin-arm64 set size:undefined disposed:false
1397 silly fetch manifest ohash@^2.0.11
1398 silly packumentCache full:https://registry.npmjs.org/ohash cache-miss
1399 http fetch GET 200 https://registry.npmjs.org/@img%2fsharp-libvips-linuxmusl-x64 70ms (cache miss)
1400 silly packumentCache full:https://registry.npmjs.org/@img%2fsharp-libvips-linuxmusl-x64 set size:undefined disposed:false
1401 silly fetch manifest @types/unist@^3.0.0
1402 silly packumentCache full:https://registry.npmjs.org/@types%2funist cache-miss
1403 http fetch GET 200 https://registry.npmjs.org/@img%2fsharp-libvips-linuxmusl-arm64 78ms (cache miss)
1404 silly packumentCache full:https://registry.npmjs.org/@img%2fsharp-libvips-linuxmusl-arm64 set size:undefined disposed:false
1405 silly fetch manifest unist-util-is@^6.0.0
1406 silly packumentCache full:https://registry.npmjs.org/unist-util-is cache-miss
1407 http fetch GET 200 https://registry.npmjs.org/@shikijs%2fthemes 64ms (cache miss)
1408 silly packumentCache full:https://registry.npmjs.org/@shikijs%2fthemes set size:undefined disposed:false
1409 silly fetch manifest unist-util-visit-parents@^6.0.0
1410 silly packumentCache full:https://registry.npmjs.org/unist-util-visit-parents cache-miss
1411 http cache https://registry.npmjs.org/unist-util-visit-parents 3ms (cache hit)
1412 silly packumentCache full:https://registry.npmjs.org/unist-util-visit-parents set size:103476 disposed:false
1413 silly fetch manifest anymatch@^3.1.3
1414 silly packumentCache full:https://registry.npmjs.org/anymatch cache-miss
1415 http fetch GET 200 https://registry.npmjs.org/@shikijs%2flangs 76ms (cache miss)
1416 silly packumentCache full:https://registry.npmjs.org/@shikijs%2flangs set size:undefined disposed:false
1417 silly fetch manifest chokidar@^5.0.0
1418 silly packumentCache full:https://registry.npmjs.org/chokidar cache-miss
1419 http fetch GET 200 https://registry.npmjs.org/@shikijs%2fvscode-textmate 74ms (cache miss)
1420 silly packumentCache full:https://registry.npmjs.org/@shikijs%2fvscode-textmate set size:undefined disposed:false
1421 silly fetch manifest destr@^2.0.5
1422 silly packumentCache full:https://registry.npmjs.org/destr cache-miss
1423 http fetch GET 200 https://registry.npmjs.org/csso 68ms (cache miss)
1424 silly packumentCache full:https://registry.npmjs.org/csso set size:undefined disposed:false
1425 silly fetch manifest h3@^1.15.10
1426 silly packumentCache full:https://registry.npmjs.org/h3 cache-miss
1427 http fetch GET 200 https://registry.npmjs.org/css-tree 69ms (cache miss)
1428 silly packumentCache full:https://registry.npmjs.org/css-tree set size:undefined disposed:false
1429 silly fetch manifest lru-cache@^11.2.7
1430 silly packumentCache full:https://registry.npmjs.org/lru-cache cache-miss
1431 http fetch GET 200 https://registry.npmjs.org/@shikijs%2ftypes 97ms (cache miss)
1432 silly packumentCache full:https://registry.npmjs.org/@shikijs%2ftypes set size:undefined disposed:false
1433 silly fetch manifest node-fetch-native@^1.6.7
1434 silly packumentCache full:https://registry.npmjs.org/node-fetch-native cache-miss
1435 http fetch GET 200 https://registry.npmjs.org/css-select 59ms (cache miss)
1436 silly packumentCache full:https://registry.npmjs.org/css-select set size:undefined disposed:false
1437 silly fetch manifest ofetch@^1.5.1
1438 silly packumentCache full:https://registry.npmjs.org/ofetch cache-miss
1439 http fetch GET 200 https://registry.npmjs.org/@shikijs%2fcore 109ms (cache miss)
1440 silly packumentCache full:https://registry.npmjs.org/@shikijs%2fcore set size:undefined disposed:false
1441 silly fetch manifest ufo@^1.6.3
1442 silly packumentCache full:https://registry.npmjs.org/ufo cache-miss
1443 http cache https://registry.npmjs.org/h3 16ms (cache hit)
1444 silly packumentCache full:https://registry.npmjs.org/h3 set size:453295 disposed:false
1445 silly fetch manifest @types/unist@^3.0.0
1446 silly packumentCache full:https://registry.npmjs.org/@types%2funist cache-miss
1447 http fetch GET 200 https://registry.npmjs.org/css-what 80ms (cache miss)
1448 silly packumentCache full:https://registry.npmjs.org/css-what set size:undefined disposed:false
1449 silly fetch manifest vfile-message@^4.0.0
1450 silly packumentCache full:https://registry.npmjs.org/vfile-message cache-miss
1451 http fetch GET 200 https://registry.npmjs.org/picocolors 68ms (cache miss)
1452 silly packumentCache full:https://registry.npmjs.org/picocolors set size:undefined disposed:false
1453 silly fetch manifest fdir@^6.4.4
1454 silly packumentCache full:https://registry.npmjs.org/fdir cache-miss
1455 http fetch GET 200 https://registry.npmjs.org/@shikijs%2fengine-javascript 100ms (cache miss)
1456 silly packumentCache full:https://registry.npmjs.org/@shikijs%2fengine-javascript set size:undefined disposed:false
1457 silly fetch manifest rollup@^4.34.9
1458 silly packumentCache full:https://registry.npmjs.org/rollup cache-miss
1459 http fetch GET 200 https://registry.npmjs.org/commander 77ms (cache miss)
1460 silly packumentCache full:https://registry.npmjs.org/commander set size:undefined disposed:false
1461 silly fetch manifest esbuild@^0.25.0
1462 silly packumentCache full:https://registry.npmjs.org/esbuild cache-miss
1463 http fetch GET 200 https://registry.npmjs.org/@shikijs%2fengine-oniguruma 107ms (cache miss)
1464 silly packumentCache full:https://registry.npmjs.org/@shikijs%2fengine-oniguruma set size:undefined disposed:false
1465 silly fetch manifest postcss@^8.5.3
1466 silly packumentCache full:https://registry.npmjs.org/postcss cache-hit
1467 silly fetch manifest yoctocolors@^2.1.1
1468 silly packumentCache full:https://registry.npmjs.org/yoctocolors cache-miss
1469 http fetch GET 200 https://registry.npmjs.org/fdir 77ms (cache miss)
1470 silly packumentCache full:https://registry.npmjs.org/fdir set size:undefined disposed:false
1471 http fetch GET 200 https://registry.npmjs.org/css-tree 78ms (cache miss)
1472 silly packumentCache full:https://registry.npmjs.org/css-tree set size:undefined disposed:false
1473 http cache https://registry.npmjs.org/rollup 20ms (cache hit)
1474 silly packumentCache full:https://registry.npmjs.org/rollup set size:6181637 disposed:false
1475 http fetch GET 200 https://registry.npmjs.org/ofetch 129ms (cache miss)
1476 silly packumentCache full:https://registry.npmjs.org/ofetch set size:undefined disposed:false
1477 http fetch GET 200 https://registry.npmjs.org/ohash 127ms (cache miss)
1478 silly packumentCache full:https://registry.npmjs.org/ohash set size:undefined disposed:false
1479 http cache https://registry.npmjs.org/esbuild 61ms (cache hit)
1480 silly packumentCache full:https://registry.npmjs.org/esbuild set size:1254708 disposed:false
1481 http fetch GET 200 https://registry.npmjs.org/@types%2funist 131ms (cache miss)
1482 silly packumentCache full:https://registry.npmjs.org/@types%2funist set size:undefined disposed:false
1483 http fetch GET 200 https://registry.npmjs.org/anymatch 116ms (cache miss)
1484 silly packumentCache full:https://registry.npmjs.org/anymatch set size:undefined disposed:false
1485 http fetch GET 200 https://registry.npmjs.org/yoctocolors 69ms (cache miss)
1486 silly packumentCache full:https://registry.npmjs.org/yoctocolors set size:undefined disposed:false
1487 http fetch GET 200 https://registry.npmjs.org/destr 103ms (cache miss)
1488 silly packumentCache full:https://registry.npmjs.org/destr set size:undefined disposed:false
1489 http fetch GET 200 https://registry.npmjs.org/@types%2funist 83ms (cache miss)
1490 silly packumentCache full:https://registry.npmjs.org/@types%2funist set size:undefined disposed:false
1491 http fetch GET 200 https://registry.npmjs.org/ofetch 91ms (cache miss)
1492 silly packumentCache full:https://registry.npmjs.org/ofetch set size:undefined disposed:false
1493 http fetch GET 200 https://registry.npmjs.org/vfile-message 82ms (cache miss)
1494 silly packumentCache full:https://registry.npmjs.org/vfile-message set size:undefined disposed:false
1495 http fetch GET 200 https://registry.npmjs.org/unist-util-is 127ms (cache miss)
1496 silly packumentCache full:https://registry.npmjs.org/unist-util-is set size:undefined disposed:false
1497 http fetch GET 200 https://registry.npmjs.org/fdir 82ms (cache miss)
1498 silly packumentCache full:https://registry.npmjs.org/fdir set size:undefined disposed:false
1499 http fetch GET 200 https://registry.npmjs.org/node-fetch-native 96ms (cache miss)
1500 silly packumentCache full:https://registry.npmjs.org/node-fetch-native set size:undefined disposed:false
1501 http fetch GET 200 https://registry.npmjs.org/ufo 93ms (cache miss)
1502 silly packumentCache full:https://registry.npmjs.org/ufo set size:undefined disposed:false
1503 http fetch GET 200 https://registry.npmjs.org/chokidar 118ms (cache miss)
1504 silly packumentCache full:https://registry.npmjs.org/chokidar set size:undefined disposed:false
1505 http fetch GET 200 https://registry.npmjs.org/lru-cache 104ms (cache miss)
1506 silly packumentCache full:https://registry.npmjs.org/lru-cache set size:undefined disposed:false
1507 silly placeDep ROOT @astrojs/prism@3.3.0 OK for: @astrojs/markdown-remark@6.3.11 want: 3.3.0
1508 silly placeDep ROOT hast-util-from-html@2.0.3 OK for: @astrojs/markdown-remark@6.3.11 want: ^2.0.3
1509 silly placeDep ROOT hast-util-to-text@4.0.2 OK for: @astrojs/markdown-remark@6.3.11 want: ^4.0.2
1510 silly placeDep ROOT mdast-util-definitions@6.0.0 OK for: @astrojs/markdown-remark@6.3.11 want: ^6.0.0
1511 silly placeDep ROOT rehype-raw@7.0.0 OK for: @astrojs/markdown-remark@6.3.11 want: ^7.0.0
1512 silly placeDep ROOT rehype-stringify@10.0.1 OK for: @astrojs/markdown-remark@6.3.11 want: ^10.0.1
1513 silly placeDep ROOT remark-gfm@4.0.1 OK for: @astrojs/markdown-remark@6.3.11 want: ^4.0.1
1514 silly placeDep ROOT remark-parse@11.0.0 OK for: @astrojs/markdown-remark@6.3.11 want: ^11.0.0
1515 silly placeDep ROOT remark-rehype@11.1.2 OK for: @astrojs/markdown-remark@6.3.11 want: ^11.1.2
1516 silly placeDep ROOT remark-smartypants@3.0.2 OK for: @astrojs/markdown-remark@6.3.11 want: ^3.0.2
1517 silly placeDep ROOT unified@11.0.5 OK for: @astrojs/markdown-remark@6.3.11 want: ^11.0.5
1518 silly placeDep ROOT unist-util-remove-position@5.0.0 OK for: @astrojs/markdown-remark@6.3.11 want: ^5.0.0
1519 silly placeDep ROOT unist-util-visit-parents@6.0.2 OK for: @astrojs/markdown-remark@6.3.11 want: ^6.0.2
1520 silly fetch manifest prismjs@^1.30.0
1521 silly packumentCache full:https://registry.npmjs.org/prismjs cache-miss
1522 silly fetch manifest devlop@^1.1.0
1523 silly packumentCache full:https://registry.npmjs.org/devlop cache-miss
1524 silly fetch manifest hast-util-from-parse5@^8.0.0
1525 silly packumentCache full:https://registry.npmjs.org/hast-util-from-parse5 cache-miss
1526 silly fetch manifest parse5@^7.0.0
1527 silly packumentCache full:https://registry.npmjs.org/parse5 cache-miss
1528 silly fetch manifest hast-util-is-element@^3.0.0
1529 silly packumentCache full:https://registry.npmjs.org/hast-util-is-element cache-miss
1530 silly fetch manifest unist-util-find-after@^5.0.0
1531 silly packumentCache full:https://registry.npmjs.org/unist-util-find-after cache-miss
1532 silly fetch manifest @types/mdast@^4.0.0
1533 silly packumentCache full:https://registry.npmjs.org/@types%2fmdast cache-miss
1534 silly fetch manifest hast-util-raw@^9.0.0
1535 silly packumentCache full:https://registry.npmjs.org/hast-util-raw cache-miss
1536 silly fetch manifest hast-util-to-html@^9.0.0
1537 silly packumentCache full:https://registry.npmjs.org/hast-util-to-html cache-miss
1538 silly fetch manifest @types/mdast@^4.0.0
1539 silly packumentCache full:https://registry.npmjs.org/@types%2fmdast cache-miss
1540 silly fetch manifest mdast-util-gfm@^3.0.0
1541 silly packumentCache full:https://registry.npmjs.org/mdast-util-gfm cache-miss
1542 silly fetch manifest micromark-extension-gfm@^3.0.0
1543 silly packumentCache full:https://registry.npmjs.org/micromark-extension-gfm cache-miss
1544 silly fetch manifest remark-stringify@^11.0.0
1545 silly packumentCache full:https://registry.npmjs.org/remark-stringify cache-miss
1546 silly fetch manifest @types/mdast@^4.0.0
1547 silly packumentCache full:https://registry.npmjs.org/@types%2fmdast cache-miss
1548 silly fetch manifest mdast-util-from-markdown@^2.0.0
1549 silly packumentCache full:https://registry.npmjs.org/mdast-util-from-markdown cache-miss
1550 silly fetch manifest micromark-util-types@^2.0.0
1551 silly packumentCache full:https://registry.npmjs.org/micromark-util-types cache-miss
1552 silly fetch manifest @types/mdast@^4.0.0
1553 silly packumentCache full:https://registry.npmjs.org/@types%2fmdast cache-miss
1554 silly fetch manifest mdast-util-to-hast@^13.0.0
1555 silly packumentCache full:https://registry.npmjs.org/mdast-util-to-hast cache-miss
1556 silly fetch manifest retext@^9.0.0
1557 silly packumentCache full:https://registry.npmjs.org/retext cache-miss
1558 http fetch GET 200 https://registry.npmjs.org/prismjs 59ms (cache miss)
1559 silly packumentCache full:https://registry.npmjs.org/prismjs set size:undefined disposed:false
1560 silly fetch manifest retext-smartypants@^6.0.0
1561 silly packumentCache full:https://registry.npmjs.org/retext-smartypants cache-miss
1562 http fetch GET 200 https://registry.npmjs.org/devlop 61ms (cache miss)
1563 silly packumentCache full:https://registry.npmjs.org/devlop set size:undefined disposed:false
1564 silly fetch manifest unified@^11.0.4
1565 silly packumentCache full:https://registry.npmjs.org/unified cache-hit
1566 silly fetch manifest bail@^2.0.0
1567 silly packumentCache full:https://registry.npmjs.org/bail cache-miss
1568 http fetch GET 200 https://registry.npmjs.org/unist-util-find-after 66ms (cache miss)
1569 silly packumentCache full:https://registry.npmjs.org/unist-util-find-after set size:undefined disposed:false
1570 silly fetch manifest devlop@^1.0.0
1571 silly packumentCache full:https://registry.npmjs.org/devlop cache-miss
1572 http fetch GET 200 https://registry.npmjs.org/hast-util-is-element 67ms (cache miss)
1573 silly packumentCache full:https://registry.npmjs.org/hast-util-is-element set size:undefined disposed:false
1574 silly fetch manifest extend@^3.0.0
1575 silly packumentCache full:https://registry.npmjs.org/extend cache-miss
1576 http fetch GET 200 https://registry.npmjs.org/hast-util-from-parse5 69ms (cache miss)
1577 silly packumentCache full:https://registry.npmjs.org/hast-util-from-parse5 set size:undefined disposed:false
1578 silly fetch manifest is-plain-obj@^4.0.0
1579 silly packumentCache full:https://registry.npmjs.org/is-plain-obj cache-miss
1580 http fetch GET 200 https://registry.npmjs.org/micromark-extension-gfm 69ms (cache miss)
1581 silly packumentCache full:https://registry.npmjs.org/micromark-extension-gfm set size:undefined disposed:false
1582 silly fetch manifest trough@^2.0.0
1583 silly packumentCache full:https://registry.npmjs.org/trough cache-miss
1584 http fetch GET 200 https://registry.npmjs.org/mdast-util-gfm 71ms (cache miss)
1585 silly packumentCache full:https://registry.npmjs.org/mdast-util-gfm set size:undefined disposed:false
1586 http fetch GET 200 https://registry.npmjs.org/@types%2fmdast 72ms (cache miss)
1587 silly packumentCache full:https://registry.npmjs.org/@types%2fmdast set size:undefined disposed:false
1588 http fetch GET 200 https://registry.npmjs.org/hast-util-raw 72ms (cache miss)
1589 silly packumentCache full:https://registry.npmjs.org/hast-util-raw set size:undefined disposed:false
1590 http fetch GET 200 https://registry.npmjs.org/remark-stringify 72ms (cache miss)
1591 silly packumentCache full:https://registry.npmjs.org/remark-stringify set size:undefined disposed:false
1592 http fetch GET 200 https://registry.npmjs.org/hast-util-to-html 74ms (cache miss)
1593 silly packumentCache full:https://registry.npmjs.org/hast-util-to-html set size:undefined disposed:false
1594 http fetch GET 200 https://registry.npmjs.org/@types%2fmdast 75ms (cache miss)
1595 silly packumentCache full:https://registry.npmjs.org/@types%2fmdast set size:undefined disposed:false
1596 http fetch GET 200 https://registry.npmjs.org/@types%2fmdast 74ms (cache miss)
1597 silly packumentCache full:https://registry.npmjs.org/@types%2fmdast set size:undefined disposed:false
1598 http fetch GET 200 https://registry.npmjs.org/mdast-util-from-markdown 74ms (cache miss)
1599 silly packumentCache full:https://registry.npmjs.org/mdast-util-from-markdown set size:undefined disposed:false
1600 http fetch GET 200 https://registry.npmjs.org/parse5 77ms (cache miss)
1601 silly packumentCache full:https://registry.npmjs.org/parse5 set size:undefined disposed:false
1602 http cache https://registry.npmjs.org/devlop 11ms (cache hit)
1603 silly packumentCache full:https://registry.npmjs.org/devlop set size:16868 disposed:false
1604 http fetch GET 200 https://registry.npmjs.org/micromark-util-types 84ms (cache miss)
1605 silly packumentCache full:https://registry.npmjs.org/micromark-util-types set size:undefined disposed:false
1606 http fetch GET 200 https://registry.npmjs.org/@types%2fmdast 102ms (cache miss)
1607 silly packumentCache full:https://registry.npmjs.org/@types%2fmdast set size:undefined disposed:false
1608 http fetch GET 200 https://registry.npmjs.org/mdast-util-to-hast 103ms (cache miss)
1609 silly packumentCache full:https://registry.npmjs.org/mdast-util-to-hast set size:undefined disposed:false
1610 http fetch GET 200 https://registry.npmjs.org/retext 105ms (cache miss)
1611 silly packumentCache full:https://registry.npmjs.org/retext set size:undefined disposed:false
1612 http fetch GET 200 https://registry.npmjs.org/bail 51ms (cache miss)
1613 silly packumentCache full:https://registry.npmjs.org/bail set size:undefined disposed:false
1614 http fetch GET 200 https://registry.npmjs.org/retext-smartypants 53ms (cache miss)
1615 silly packumentCache full:https://registry.npmjs.org/retext-smartypants set size:undefined disposed:false
1616 http fetch GET 200 https://registry.npmjs.org/is-plain-obj 49ms (cache miss)
1617 silly packumentCache full:https://registry.npmjs.org/is-plain-obj set size:undefined disposed:false
1618 http fetch GET 200 https://registry.npmjs.org/extend 53ms (cache miss)
1619 silly packumentCache full:https://registry.npmjs.org/extend set size:undefined disposed:false
1620 http fetch GET 200 https://registry.npmjs.org/trough 56ms (cache miss)
1621 silly packumentCache full:https://registry.npmjs.org/trough set size:undefined disposed:false
1622 silly placeDep ROOT prismjs@1.30.0 OK for: @astrojs/prism@3.3.0 want: ^1.30.0
1623 silly placeDep ROOT is-docker@3.0.0 OK for: @astrojs/telemetry@3.3.0 want: ^3.0.0
1624 silly placeDep ROOT is-wsl@3.1.1 OK for: @astrojs/telemetry@3.3.0 want: ^3.1.0
1625 silly placeDep ROOT which-pm-runs@1.1.0 OK for: @astrojs/telemetry@3.3.0 want: ^1.1.0
1626 silly fetch manifest is-inside-container@^1.0.0
1627 silly packumentCache full:https://registry.npmjs.org/is-inside-container cache-miss
1628 http fetch GET 200 https://registry.npmjs.org/is-inside-container 37ms (cache miss)
1629 silly packumentCache full:https://registry.npmjs.org/is-inside-container set size:undefined disposed:false
1630 silly placeDep ROOT fontkitten@1.0.3 OK for: @capsizecss/unpack@4.0.0 want: ^1.0.0
1631 silly fetch manifest tiny-inflate@^1.0.3
1632 silly packumentCache full:https://registry.npmjs.org/tiny-inflate cache-miss
1633 http fetch GET 200 https://registry.npmjs.org/tiny-inflate 51ms (cache miss)
1634 silly packumentCache full:https://registry.npmjs.org/tiny-inflate set size:undefined disposed:false
1635 silly placeDep ROOT @types/estree@1.0.9 OK for: @rollup/pluginutils@5.3.0 want: ^1.0.0
1636 silly placeDep node_modules/@rollup/pluginutils estree-walker@2.0.2 OK for: @rollup/pluginutils@5.3.0 want: ^2.0.2
1637 silly placeDep ROOT ansi-align@3.0.1 OK for: boxen@8.0.1 want: ^3.0.1
1638 silly placeDep ROOT camelcase@8.0.0 OK for: boxen@8.0.1 want: ^8.0.0
1639 silly placeDep ROOT chalk@5.6.2 OK for: boxen@8.0.1 want: ^5.3.0
1640 silly placeDep ROOT cli-boxes@3.0.0 OK for: boxen@8.0.1 want: ^3.0.0
1641 silly placeDep ROOT string-width@7.2.0 OK for: boxen@8.0.1 want: ^7.2.0
1642 silly placeDep ROOT type-fest@4.41.0 OK for: boxen@8.0.1 want: ^4.21.0
1643 silly placeDep ROOT widest-line@5.0.0 OK for: boxen@8.0.1 want: ^5.0.0
1644 silly placeDep ROOT wrap-ansi@9.0.2 OK for: boxen@8.0.1 want: ^9.0.0
1645 silly fetch manifest string-width@^4.1.0
1646 silly packumentCache full:https://registry.npmjs.org/string-width cache-miss
1647 silly fetch manifest strip-ansi@^7.1.0
1648 silly packumentCache full:https://registry.npmjs.org/strip-ansi cache-miss
1649 silly fetch manifest emoji-regex@^10.3.0
1650 silly packumentCache full:https://registry.npmjs.org/emoji-regex cache-miss
1651 silly fetch manifest get-east-asian-width@^1.0.0
1652 silly packumentCache full:https://registry.npmjs.org/get-east-asian-width cache-miss
1653 silly fetch manifest strip-ansi@^7.1.0
1654 silly packumentCache full:https://registry.npmjs.org/strip-ansi cache-miss
1655 silly fetch manifest ansi-styles@^6.2.1
1656 silly packumentCache full:https://registry.npmjs.org/ansi-styles cache-miss
1657 http cache https://registry.npmjs.org/string-width 4ms (cache hit)
1658 silly packumentCache full:https://registry.npmjs.org/string-width set size:70381 disposed:false
1659 http fetch GET 200 https://registry.npmjs.org/ansi-styles 35ms (cache miss)
1660 silly packumentCache full:https://registry.npmjs.org/ansi-styles set size:undefined disposed:false
1661 http fetch GET 200 https://registry.npmjs.org/strip-ansi 45ms (cache miss)
1662 silly packumentCache full:https://registry.npmjs.org/strip-ansi set size:undefined disposed:false
1663 http fetch GET 200 https://registry.npmjs.org/get-east-asian-width 46ms (cache miss)
1664 silly packumentCache full:https://registry.npmjs.org/get-east-asian-width set size:undefined disposed:false
1665 http fetch GET 200 https://registry.npmjs.org/emoji-regex 48ms (cache miss)
1666 silly packumentCache full:https://registry.npmjs.org/emoji-regex set size:undefined disposed:false
1667 http fetch GET 200 https://registry.npmjs.org/strip-ansi 50ms (cache miss)
1668 silly packumentCache full:https://registry.npmjs.org/strip-ansi set size:undefined disposed:false
1669 silly placeDep node_modules/ansi-align string-width@4.2.3 OK for: ansi-align@3.0.1 want: ^4.1.0
1670 silly fetch manifest strip-ansi@^6.0.1
1671 silly packumentCache full:https://registry.npmjs.org/strip-ansi cache-miss
1672 silly fetch manifest emoji-regex@^8.0.0
1673 silly packumentCache full:https://registry.npmjs.org/emoji-regex cache-miss
1674 silly fetch manifest is-fullwidth-code-point@^3.0.0
1675 silly packumentCache full:https://registry.npmjs.org/is-fullwidth-code-point cache-miss
1676 http cache https://registry.npmjs.org/strip-ansi 3ms (cache hit)
1677 silly packumentCache full:https://registry.npmjs.org/strip-ansi set size:44998 disposed:false
1678 http cache https://registry.npmjs.org/emoji-regex 4ms (cache hit)
1679 silly packumentCache full:https://registry.npmjs.org/emoji-regex set size:89064 disposed:false
1680 http fetch GET 200 https://registry.npmjs.org/is-fullwidth-code-point 37ms (cache miss)
1681 silly packumentCache full:https://registry.npmjs.org/is-fullwidth-code-point set size:undefined disposed:false
1682 silly placeDep ROOT ms@2.1.3 OK for: debug@4.4.3 want: ^2.1.3
1683 silly placeDep ROOT base-64@1.0.0 OK for: deterministic-object-hash@2.0.2 want: ^1.0.0
1684 silly placeDep ROOT graceful-fs@4.2.11 OK for: enhanced-resolve@5.21.2 want: ^4.2.4
1685 silly placeDep ROOT tapable@2.3.3 OK for: enhanced-resolve@5.21.2 want: ^2.3.3
1686 silly placeDep ROOT @esbuild/aix-ppc64@0.27.7 OK for: esbuild@0.27.7 want: 0.27.7
1687 silly placeDep ROOT @esbuild/android-arm@0.27.7 OK for: esbuild@0.27.7 want: 0.27.7
1688 silly placeDep ROOT @esbuild/android-arm64@0.27.7 OK for: esbuild@0.27.7 want: 0.27.7
1689 silly placeDep ROOT @esbuild/android-x64@0.27.7 OK for: esbuild@0.27.7 want: 0.27.7
1690 silly placeDep ROOT @esbuild/darwin-arm64@0.27.7 OK for: esbuild@0.27.7 want: 0.27.7
1691 silly placeDep ROOT @esbuild/darwin-x64@0.27.7 OK for: esbuild@0.27.7 want: 0.27.7
1692 silly placeDep ROOT @esbuild/freebsd-arm64@0.27.7 OK for: esbuild@0.27.7 want: 0.27.7
1693 silly placeDep ROOT @esbuild/freebsd-x64@0.27.7 OK for: esbuild@0.27.7 want: 0.27.7
1694 silly placeDep ROOT @esbuild/linux-arm@0.27.7 OK for: esbuild@0.27.7 want: 0.27.7
1695 silly placeDep ROOT @esbuild/linux-arm64@0.27.7 OK for: esbuild@0.27.7 want: 0.27.7
1696 silly placeDep ROOT @esbuild/linux-ia32@0.27.7 OK for: esbuild@0.27.7 want: 0.27.7
1697 silly placeDep ROOT @esbuild/linux-loong64@0.27.7 OK for: esbuild@0.27.7 want: 0.27.7
1698 silly placeDep ROOT @esbuild/linux-mips64el@0.27.7 OK for: esbuild@0.27.7 want: 0.27.7
1699 silly placeDep ROOT @esbuild/linux-ppc64@0.27.7 OK for: esbuild@0.27.7 want: 0.27.7
1700 silly placeDep ROOT @esbuild/linux-riscv64@0.27.7 OK for: esbuild@0.27.7 want: 0.27.7
1701 silly placeDep ROOT @esbuild/linux-s390x@0.27.7 OK for: esbuild@0.27.7 want: 0.27.7
1702 silly placeDep ROOT @esbuild/linux-x64@0.27.7 OK for: esbuild@0.27.7 want: 0.27.7
1703 silly placeDep ROOT @esbuild/netbsd-arm64@0.27.7 OK for: esbuild@0.27.7 want: 0.27.7
1704 silly placeDep ROOT @esbuild/netbsd-x64@0.27.7 OK for: esbuild@0.27.7 want: 0.27.7
1705 silly placeDep ROOT @esbuild/openbsd-arm64@0.27.7 OK for: esbuild@0.27.7 want: 0.27.7
1706 silly placeDep ROOT @esbuild/openbsd-x64@0.27.7 OK for: esbuild@0.27.7 want: 0.27.7
1707 silly placeDep ROOT @esbuild/openharmony-arm64@0.27.7 OK for: esbuild@0.27.7 want: 0.27.7
1708 silly placeDep ROOT @esbuild/sunos-x64@0.27.7 OK for: esbuild@0.27.7 want: 0.27.7
1709 silly placeDep ROOT @esbuild/win32-arm64@0.27.7 OK for: esbuild@0.27.7 want: 0.27.7
1710 silly placeDep ROOT @esbuild/win32-ia32@0.27.7 OK for: esbuild@0.27.7 want: 0.27.7
1711 silly placeDep ROOT @esbuild/win32-x64@0.27.7 OK for: esbuild@0.27.7 want: 0.27.7
1712 silly placeDep ROOT tiny-inflate@1.0.3 OK for: fontkitten@1.0.3 want: ^1.0.3
1713 silly placeDep ROOT @types/hast@3.0.4 OK for: hast-util-from-html@2.0.3 want: ^3.0.0
1714 silly placeDep ROOT devlop@1.1.0 OK for: hast-util-from-html@2.0.3 want: ^1.1.0
1715 silly placeDep ROOT hast-util-from-parse5@8.0.3 OK for: hast-util-from-html@2.0.3 want: ^8.0.0
1716 silly placeDep ROOT parse5@7.3.0 OK for: hast-util-from-html@2.0.3 want: ^7.0.0
1717 silly placeDep ROOT vfile-message@4.0.3 OK for: hast-util-from-html@2.0.3 want: ^4.0.0
1718 silly fetch manifest @types/unist@*
1719 silly packumentCache full:https://registry.npmjs.org/@types%2funist cache-miss
1720 silly fetch manifest dequal@^2.0.0
1721 silly packumentCache full:https://registry.npmjs.org/dequal cache-miss
1722 silly fetch manifest hastscript@^9.0.0
1723 silly packumentCache full:https://registry.npmjs.org/hastscript cache-miss
1724 silly fetch manifest property-information@^7.0.0
1725 silly packumentCache full:https://registry.npmjs.org/property-information cache-miss
1726 silly fetch manifest vfile-location@^5.0.0
1727 silly packumentCache full:https://registry.npmjs.org/vfile-location cache-miss
1728 silly fetch manifest web-namespaces@^2.0.0
1729 silly packumentCache full:https://registry.npmjs.org/web-namespaces cache-miss
1730 silly fetch manifest entities@^6.0.0
1731 silly packumentCache full:https://registry.npmjs.org/entities cache-miss
1732 silly fetch manifest unist-util-stringify-position@^4.0.0
1733 silly packumentCache full:https://registry.npmjs.org/unist-util-stringify-position cache-miss
1734 http cache https://registry.npmjs.org/@types%2funist 6ms (cache hit)
1735 silly packumentCache full:https://registry.npmjs.org/@types%2funist set size:39215 disposed:false
1736 http fetch GET 200 https://registry.npmjs.org/hastscript 41ms (cache miss)
1737 silly packumentCache full:https://registry.npmjs.org/hastscript set size:undefined disposed:false
1738 http fetch GET 200 https://registry.npmjs.org/dequal 46ms (cache miss)
1739 silly packumentCache full:https://registry.npmjs.org/dequal set size:undefined disposed:false
1740 http fetch GET 200 https://registry.npmjs.org/web-namespaces 50ms (cache miss)
1741 silly packumentCache full:https://registry.npmjs.org/web-namespaces set size:undefined disposed:false
1742 http fetch GET 200 https://registry.npmjs.org/unist-util-stringify-position 51ms (cache miss)
1743 silly packumentCache full:https://registry.npmjs.org/unist-util-stringify-position set size:undefined disposed:false
1744 http fetch GET 200 https://registry.npmjs.org/entities 52ms (cache miss)
1745 silly packumentCache full:https://registry.npmjs.org/entities set size:undefined disposed:false
1746 http fetch GET 200 https://registry.npmjs.org/vfile-location 53ms (cache miss)
1747 silly packumentCache full:https://registry.npmjs.org/vfile-location set size:undefined disposed:false
1748 http fetch GET 200 https://registry.npmjs.org/property-information 56ms (cache miss)
1749 silly packumentCache full:https://registry.npmjs.org/property-information set size:undefined disposed:false
1750 silly placeDep ROOT @types/unist@3.0.3 OK for: @types/hast@3.0.4 want: *
1751 silly placeDep ROOT dequal@2.0.3 OK for: devlop@1.1.0 want: ^2.0.0
1752 silly placeDep ROOT hastscript@9.0.1 OK for: hast-util-from-parse5@8.0.3 want: ^9.0.0
1753 silly placeDep ROOT property-information@7.1.0 OK for: hast-util-from-parse5@8.0.3 want: ^7.0.0
1754 silly placeDep ROOT vfile-location@5.0.3 OK for: hast-util-from-parse5@8.0.3 want: ^5.0.0
1755 silly placeDep ROOT web-namespaces@2.0.1 OK for: hast-util-from-parse5@8.0.3 want: ^2.0.0
1756 silly fetch manifest comma-separated-tokens@^2.0.0
1757 silly packumentCache full:https://registry.npmjs.org/comma-separated-tokens cache-miss
1758 silly fetch manifest hast-util-parse-selector@^4.0.0
1759 silly packumentCache full:https://registry.npmjs.org/hast-util-parse-selector cache-miss
1760 silly fetch manifest space-separated-tokens@^2.0.0
1761 silly packumentCache full:https://registry.npmjs.org/space-separated-tokens cache-miss
1762 http fetch GET 200 https://registry.npmjs.org/space-separated-tokens 44ms (cache miss)
1763 silly packumentCache full:https://registry.npmjs.org/space-separated-tokens set size:undefined disposed:false
1764 http fetch GET 200 https://registry.npmjs.org/hast-util-parse-selector 54ms (cache miss)
1765 silly packumentCache full:https://registry.npmjs.org/hast-util-parse-selector set size:undefined disposed:false
1766 http fetch GET 200 https://registry.npmjs.org/comma-separated-tokens 55ms (cache miss)
1767 silly packumentCache full:https://registry.npmjs.org/comma-separated-tokens set size:undefined disposed:false
1768 silly placeDep ROOT hast-util-is-element@3.0.0 OK for: hast-util-to-text@4.0.2 want: ^3.0.0
1769 silly placeDep ROOT unist-util-find-after@5.0.0 OK for: hast-util-to-text@4.0.2 want: ^5.0.0
1770 silly placeDep ROOT comma-separated-tokens@2.0.3 OK for: hastscript@9.0.1 want: ^2.0.0
1771 silly placeDep ROOT hast-util-parse-selector@4.0.0 OK for: hastscript@9.0.1 want: ^4.0.0
1772 silly placeDep ROOT space-separated-tokens@2.0.2 OK for: hastscript@9.0.1 want: ^2.0.0
1773 silly placeDep ROOT is-inside-container@1.0.0 OK for: is-wsl@3.1.1 want: ^1.0.0
1774 silly placeDep ROOT argparse@2.0.1 OK for: js-yaml@4.1.1 want: ^2.0.1
1775 silly placeDep ROOT detect-libc@2.1.2 OK for: lightningcss@1.32.0 want: ^2.0.3
1776 silly placeDep ROOT lightningcss-android-arm64@1.32.0 OK for: lightningcss@1.32.0 want: 1.32.0
1777 silly placeDep ROOT lightningcss-darwin-arm64@1.32.0 OK for: lightningcss@1.32.0 want: 1.32.0
1778 silly placeDep ROOT lightningcss-darwin-x64@1.32.0 OK for: lightningcss@1.32.0 want: 1.32.0
1779 silly placeDep ROOT lightningcss-freebsd-x64@1.32.0 OK for: lightningcss@1.32.0 want: 1.32.0
1780 silly placeDep ROOT lightningcss-linux-arm-gnueabihf@1.32.0 OK for: lightningcss@1.32.0 want: 1.32.0
1781 silly placeDep ROOT lightningcss-linux-arm64-gnu@1.32.0 OK for: lightningcss@1.32.0 want: 1.32.0
1782 silly placeDep ROOT lightningcss-linux-arm64-musl@1.32.0 OK for: lightningcss@1.32.0 want: 1.32.0
1783 silly placeDep ROOT lightningcss-linux-x64-gnu@1.32.0 OK for: lightningcss@1.32.0 want: 1.32.0
1784 silly placeDep ROOT lightningcss-linux-x64-musl@1.32.0 OK for: lightningcss@1.32.0 want: 1.32.0
1785 silly placeDep ROOT lightningcss-win32-arm64-msvc@1.32.0 OK for: lightningcss@1.32.0 want: 1.32.0
1786 silly placeDep ROOT lightningcss-win32-x64-msvc@1.32.0 OK for: lightningcss@1.32.0 want: 1.32.0
1787 silly placeDep ROOT @babel/parser@7.29.3 OK for: magicast@0.5.2 want: ^7.29.0
1788 silly placeDep ROOT @babel/types@7.29.0 OK for: magicast@0.5.2 want: ^7.29.0
1789 silly fetch manifest @babel/helper-string-parser@^7.27.1
1790 silly packumentCache full:https://registry.npmjs.org/@babel%2fhelper-string-parser cache-miss
1791 silly fetch manifest @babel/helper-validator-identifier@^7.28.5
1792 silly packumentCache full:https://registry.npmjs.org/@babel%2fhelper-validator-identifier cache-miss
1793 http fetch GET 200 https://registry.npmjs.org/@babel%2fhelper-string-parser 47ms (cache miss)
1794 silly packumentCache full:https://registry.npmjs.org/@babel%2fhelper-string-parser set size:undefined disposed:false
1795 http fetch GET 200 https://registry.npmjs.org/@babel%2fhelper-validator-identifier 67ms (cache miss)
1796 silly packumentCache full:https://registry.npmjs.org/@babel%2fhelper-validator-identifier set size:undefined disposed:false
1797 silly placeDep ROOT @babel/helper-string-parser@7.27.1 OK for: @babel/types@7.29.0 want: ^7.27.1
1798 silly placeDep ROOT @babel/helper-validator-identifier@7.28.5 OK for: @babel/types@7.29.0 want: ^7.28.5
1799 silly placeDep ROOT @types/mdast@4.0.4 OK for: mdast-util-definitions@6.0.0 want: ^4.0.0
1800 silly placeDep ROOT yocto-queue@1.2.2 OK for: p-limit@6.2.0 want: ^1.1.1
1801 silly placeDep ROOT eventemitter3@5.0.4 OK for: p-queue@8.1.1 want: ^5.0.1
1802 silly placeDep ROOT p-timeout@6.1.4 OK for: p-queue@8.1.1 want: ^6.1.2
1803 silly placeDep ROOT entities@6.0.1 OK for: parse5@7.3.0 want: ^6.0.0
1804 silly placeDep ROOT fsevents@2.3.2 OK for: playwright@1.59.1 want: 2.3.2
1805 silly placeDep ROOT playwright-core@1.59.1 OK for: playwright@1.59.1 want: 1.59.1
1806 silly placeDep ROOT kleur@3.0.3 OK for: prompts@2.4.2 want: ^3.0.3
1807 silly placeDep ROOT sisteransi@1.0.5 OK for: prompts@2.4.2 want: ^1.0.5
1808 silly placeDep ROOT rehype-parse@9.0.1 OK for: rehype@13.0.2 want: ^9.0.0
1809 silly placeDep ROOT hast-util-raw@9.1.0 OK for: rehype-raw@7.0.0 want: ^9.0.0
1810 silly fetch manifest @ungap/structured-clone@^1.0.0
1811 silly packumentCache full:https://registry.npmjs.org/@ungap%2fstructured-clone cache-miss
1812 silly fetch manifest hast-util-to-parse5@^8.0.0
1813 silly packumentCache full:https://registry.npmjs.org/hast-util-to-parse5 cache-miss
1814 silly fetch manifest html-void-elements@^3.0.0
1815 silly packumentCache full:https://registry.npmjs.org/html-void-elements cache-miss
1816 silly fetch manifest unist-util-position@^5.0.0
1817 silly packumentCache full:https://registry.npmjs.org/unist-util-position cache-miss
1818 silly fetch manifest zwitch@^2.0.0
1819 silly packumentCache full:https://registry.npmjs.org/zwitch cache-miss
1820 http fetch GET 200 https://registry.npmjs.org/unist-util-position 40ms (cache miss)
1821 silly packumentCache full:https://registry.npmjs.org/unist-util-position set size:undefined disposed:false
1822 http fetch GET 200 https://registry.npmjs.org/html-void-elements 44ms (cache miss)
1823 silly packumentCache full:https://registry.npmjs.org/html-void-elements set size:undefined disposed:false
1824 http fetch GET 200 https://registry.npmjs.org/zwitch 45ms (cache miss)
1825 silly packumentCache full:https://registry.npmjs.org/zwitch set size:undefined disposed:false
1826 http fetch GET 200 https://registry.npmjs.org/hast-util-to-parse5 58ms (cache miss)
1827 silly packumentCache full:https://registry.npmjs.org/hast-util-to-parse5 set size:undefined disposed:false
1828 http fetch GET 200 https://registry.npmjs.org/@ungap%2fstructured-clone 63ms (cache miss)
1829 silly packumentCache full:https://registry.npmjs.org/@ungap%2fstructured-clone set size:undefined disposed:false
1830 silly placeDep ROOT @ungap/structured-clone@1.3.1 OK for: hast-util-raw@9.1.0 want: ^1.0.0
1831 silly placeDep ROOT hast-util-to-parse5@8.0.1 OK for: hast-util-raw@9.1.0 want: ^8.0.0
1832 silly placeDep ROOT html-void-elements@3.0.0 OK for: hast-util-raw@9.1.0 want: ^3.0.0
1833 silly placeDep ROOT mdast-util-to-hast@13.2.1 OK for: hast-util-raw@9.1.0 want: ^13.0.0
1834 silly placeDep ROOT unist-util-position@5.0.0 OK for: hast-util-raw@9.1.0 want: ^5.0.0
1835 silly placeDep ROOT zwitch@2.0.4 OK for: hast-util-raw@9.1.0 want: ^2.0.0
1836 silly fetch manifest micromark-util-sanitize-uri@^2.0.0
1837 silly packumentCache full:https://registry.npmjs.org/micromark-util-sanitize-uri cache-miss
1838 silly fetch manifest trim-lines@^3.0.0
1839 silly packumentCache full:https://registry.npmjs.org/trim-lines cache-miss
1840 http fetch GET 200 https://registry.npmjs.org/trim-lines 52ms (cache miss)
1841 silly packumentCache full:https://registry.npmjs.org/trim-lines set size:undefined disposed:false
1842 http fetch GET 200 https://registry.npmjs.org/micromark-util-sanitize-uri 63ms (cache miss)
1843 silly packumentCache full:https://registry.npmjs.org/micromark-util-sanitize-uri set size:undefined disposed:false
1844 silly placeDep ROOT micromark-util-sanitize-uri@2.0.1 OK for: mdast-util-to-hast@13.2.1 want: ^2.0.0
1845 silly placeDep ROOT trim-lines@3.0.1 OK for: mdast-util-to-hast@13.2.1 want: ^3.0.0
1846 silly fetch manifest micromark-util-character@^2.0.0
1847 silly packumentCache full:https://registry.npmjs.org/micromark-util-character cache-miss
1848 silly fetch manifest micromark-util-encode@^2.0.0
1849 silly packumentCache full:https://registry.npmjs.org/micromark-util-encode cache-miss
1850 silly fetch manifest micromark-util-symbol@^2.0.0
1851 silly packumentCache full:https://registry.npmjs.org/micromark-util-symbol cache-miss
1852 http fetch GET 200 https://registry.npmjs.org/micromark-util-symbol 43ms (cache miss)
1853 silly packumentCache full:https://registry.npmjs.org/micromark-util-symbol set size:undefined disposed:false
1854 http fetch GET 200 https://registry.npmjs.org/micromark-util-character 45ms (cache miss)
1855 silly packumentCache full:https://registry.npmjs.org/micromark-util-character set size:undefined disposed:false
1856 http fetch GET 200 https://registry.npmjs.org/micromark-util-encode 46ms (cache miss)
1857 silly packumentCache full:https://registry.npmjs.org/micromark-util-encode set size:undefined disposed:false
1858 silly placeDep ROOT micromark-util-character@2.1.1 OK for: micromark-util-sanitize-uri@2.0.1 want: ^2.0.0
1859 silly placeDep ROOT micromark-util-encode@2.0.1 OK for: micromark-util-sanitize-uri@2.0.1 want: ^2.0.0
1860 silly placeDep ROOT micromark-util-symbol@2.0.1 OK for: micromark-util-sanitize-uri@2.0.1 want: ^2.0.0
1861 silly placeDep ROOT micromark-util-types@2.0.2 OK for: micromark-util-character@2.1.1 want: ^2.0.0
1862 silly placeDep ROOT hast-util-to-html@9.0.5 OK for: rehype-stringify@10.0.1 want: ^9.0.0
1863 silly fetch manifest ccount@^2.0.0
1864 silly packumentCache full:https://registry.npmjs.org/ccount cache-miss
1865 silly fetch manifest hast-util-whitespace@^3.0.0
1866 silly packumentCache full:https://registry.npmjs.org/hast-util-whitespace cache-miss
1867 silly fetch manifest stringify-entities@^4.0.0
1868 silly packumentCache full:https://registry.npmjs.org/stringify-entities cache-miss
1869 http fetch GET 200 https://registry.npmjs.org/ccount 42ms (cache miss)
1870 silly packumentCache full:https://registry.npmjs.org/ccount set size:undefined disposed:false
1871 http fetch GET 200 https://registry.npmjs.org/hast-util-whitespace 48ms (cache miss)
1872 silly packumentCache full:https://registry.npmjs.org/hast-util-whitespace set size:undefined disposed:false
1873 http fetch GET 200 https://registry.npmjs.org/stringify-entities 50ms (cache miss)
1874 silly packumentCache full:https://registry.npmjs.org/stringify-entities set size:undefined disposed:false
1875 silly placeDep ROOT ccount@2.0.1 OK for: hast-util-to-html@9.0.5 want: ^2.0.0
1876 silly placeDep ROOT hast-util-whitespace@3.0.0 OK for: hast-util-to-html@9.0.5 want: ^3.0.0
1877 silly placeDep ROOT stringify-entities@4.0.4 OK for: hast-util-to-html@9.0.5 want: ^4.0.0
1878 silly fetch manifest character-entities-html4@^2.0.0
1879 silly packumentCache full:https://registry.npmjs.org/character-entities-html4 cache-miss
1880 silly fetch manifest character-entities-legacy@^3.0.0
1881 silly packumentCache full:https://registry.npmjs.org/character-entities-legacy cache-miss
1882 http fetch GET 200 https://registry.npmjs.org/character-entities-html4 40ms (cache miss)
1883 silly packumentCache full:https://registry.npmjs.org/character-entities-html4 set size:undefined disposed:false
1884 http fetch GET 200 https://registry.npmjs.org/character-entities-legacy 44ms (cache miss)
1885 silly packumentCache full:https://registry.npmjs.org/character-entities-legacy set size:undefined disposed:false
1886 silly placeDep ROOT mdast-util-gfm@3.1.0 OK for: remark-gfm@4.0.1 want: ^3.0.0
1887 silly placeDep ROOT micromark-extension-gfm@3.0.0 OK for: remark-gfm@4.0.1 want: ^3.0.0
1888 silly placeDep ROOT remark-stringify@11.0.0 OK for: remark-gfm@4.0.1 want: ^11.0.0
1889 silly fetch manifest mdast-util-gfm-autolink-literal@^2.0.0
1890 silly packumentCache full:https://registry.npmjs.org/mdast-util-gfm-autolink-literal cache-miss
1891 silly fetch manifest mdast-util-gfm-footnote@^2.0.0
1892 silly packumentCache full:https://registry.npmjs.org/mdast-util-gfm-footnote cache-miss
1893 silly fetch manifest mdast-util-gfm-strikethrough@^2.0.0
1894 silly packumentCache full:https://registry.npmjs.org/mdast-util-gfm-strikethrough cache-miss
1895 silly fetch manifest mdast-util-gfm-table@^2.0.0
1896 silly packumentCache full:https://registry.npmjs.org/mdast-util-gfm-table cache-miss
1897 silly fetch manifest mdast-util-gfm-task-list-item@^2.0.0
1898 silly packumentCache full:https://registry.npmjs.org/mdast-util-gfm-task-list-item cache-miss
1899 silly fetch manifest mdast-util-to-markdown@^2.0.0
1900 silly packumentCache full:https://registry.npmjs.org/mdast-util-to-markdown cache-miss
1901 silly fetch manifest micromark-extension-gfm-autolink-literal@^2.0.0
1902 silly packumentCache full:https://registry.npmjs.org/micromark-extension-gfm-autolink-literal cache-miss
1903 silly fetch manifest micromark-extension-gfm-footnote@^2.0.0
1904 silly packumentCache full:https://registry.npmjs.org/micromark-extension-gfm-footnote cache-miss
1905 silly fetch manifest micromark-extension-gfm-strikethrough@^2.0.0
1906 silly packumentCache full:https://registry.npmjs.org/micromark-extension-gfm-strikethrough cache-miss
1907 silly fetch manifest micromark-extension-gfm-table@^2.0.0
1908 silly packumentCache full:https://registry.npmjs.org/micromark-extension-gfm-table cache-miss
1909 silly fetch manifest micromark-extension-gfm-tagfilter@^2.0.0
1910 silly packumentCache full:https://registry.npmjs.org/micromark-extension-gfm-tagfilter cache-miss
1911 silly fetch manifest micromark-extension-gfm-task-list-item@^2.0.0
1912 silly packumentCache full:https://registry.npmjs.org/micromark-extension-gfm-task-list-item cache-miss
1913 silly fetch manifest micromark-util-combine-extensions@^2.0.0
1914 silly packumentCache full:https://registry.npmjs.org/micromark-util-combine-extensions cache-miss
1915 silly fetch manifest mdast-util-to-markdown@^2.0.0
1916 silly packumentCache full:https://registry.npmjs.org/mdast-util-to-markdown cache-miss
1917 http fetch GET 200 https://registry.npmjs.org/micromark-util-combine-extensions 57ms (cache miss)
1918 silly packumentCache full:https://registry.npmjs.org/micromark-util-combine-extensions set size:undefined disposed:false
1919 http fetch GET 200 https://registry.npmjs.org/mdast-util-gfm-footnote 58ms (cache miss)
1920 silly packumentCache full:https://registry.npmjs.org/mdast-util-gfm-footnote set size:undefined disposed:false
1921 http fetch GET 200 https://registry.npmjs.org/mdast-util-gfm-strikethrough 59ms (cache miss)
1922 silly packumentCache full:https://registry.npmjs.org/mdast-util-gfm-strikethrough set size:undefined disposed:false
1923 http fetch GET 200 https://registry.npmjs.org/mdast-util-gfm-task-list-item 60ms (cache miss)
1924 silly packumentCache full:https://registry.npmjs.org/mdast-util-gfm-task-list-item set size:undefined disposed:false
1925 http fetch GET 200 https://registry.npmjs.org/micromark-extension-gfm-tagfilter 59ms (cache miss)
1926 silly packumentCache full:https://registry.npmjs.org/micromark-extension-gfm-tagfilter set size:undefined disposed:false
1927 http fetch GET 200 https://registry.npmjs.org/micromark-extension-gfm-footnote 60ms (cache miss)
1928 silly packumentCache full:https://registry.npmjs.org/micromark-extension-gfm-footnote set size:undefined disposed:false
1929 http fetch GET 200 https://registry.npmjs.org/micromark-extension-gfm-task-list-item 60ms (cache miss)
1930 silly packumentCache full:https://registry.npmjs.org/micromark-extension-gfm-task-list-item set size:undefined disposed:false
1931 http fetch GET 200 https://registry.npmjs.org/micromark-extension-gfm-autolink-literal 61ms (cache miss)
1932 silly packumentCache full:https://registry.npmjs.org/micromark-extension-gfm-autolink-literal set size:undefined disposed:false
1933 http fetch GET 200 https://registry.npmjs.org/micromark-extension-gfm-strikethrough 61ms (cache miss)
1934 silly packumentCache full:https://registry.npmjs.org/micromark-extension-gfm-strikethrough set size:undefined disposed:false
1935 http fetch GET 200 https://registry.npmjs.org/micromark-extension-gfm-table 62ms (cache miss)
1936 silly packumentCache full:https://registry.npmjs.org/micromark-extension-gfm-table set size:undefined disposed:false
1937 http fetch GET 200 https://registry.npmjs.org/mdast-util-to-markdown 64ms (cache miss)
1938 silly packumentCache full:https://registry.npmjs.org/mdast-util-to-markdown set size:undefined disposed:false
1939 http fetch GET 200 https://registry.npmjs.org/mdast-util-gfm-table 65ms (cache miss)
1940 silly packumentCache full:https://registry.npmjs.org/mdast-util-gfm-table set size:undefined disposed:false
1941 http fetch GET 200 https://registry.npmjs.org/mdast-util-to-markdown 65ms (cache miss)
1942 silly packumentCache full:https://registry.npmjs.org/mdast-util-to-markdown set size:undefined disposed:false
1943 http fetch GET 200 https://registry.npmjs.org/mdast-util-gfm-autolink-literal 85ms (cache miss)
1944 silly packumentCache full:https://registry.npmjs.org/mdast-util-gfm-autolink-literal set size:undefined disposed:false
1945 silly placeDep ROOT mdast-util-from-markdown@2.0.3 OK for: mdast-util-gfm@3.1.0 want: ^2.0.0
1946 silly placeDep ROOT mdast-util-gfm-autolink-literal@2.0.1 OK for: mdast-util-gfm@3.1.0 want: ^2.0.0
1947 silly placeDep ROOT mdast-util-gfm-footnote@2.1.0 OK for: mdast-util-gfm@3.1.0 want: ^2.0.0
1948 silly placeDep ROOT mdast-util-gfm-strikethrough@2.0.0 OK for: mdast-util-gfm@3.1.0 want: ^2.0.0
1949 silly placeDep ROOT mdast-util-gfm-table@2.0.0 OK for: mdast-util-gfm@3.1.0 want: ^2.0.0
1950 silly placeDep ROOT mdast-util-gfm-task-list-item@2.0.0 OK for: mdast-util-gfm@3.1.0 want: ^2.0.0
1951 silly placeDep ROOT mdast-util-to-markdown@2.1.2 OK for: mdast-util-gfm@3.1.0 want: ^2.0.0
1952 silly fetch manifest decode-named-character-reference@^1.0.0
1953 silly packumentCache full:https://registry.npmjs.org/decode-named-character-reference cache-miss
1954 silly fetch manifest mdast-util-to-string@^4.0.0
1955 silly packumentCache full:https://registry.npmjs.org/mdast-util-to-string cache-miss
1956 silly fetch manifest micromark@^4.0.0
1957 silly packumentCache full:https://registry.npmjs.org/micromark cache-miss
1958 silly fetch manifest micromark-util-decode-numeric-character-reference@^2.0.0
1959 silly packumentCache full:https://registry.npmjs.org/micromark-util-decode-numeric-character-reference cache-miss
1960 silly fetch manifest micromark-util-decode-string@^2.0.0
1961 silly packumentCache full:https://registry.npmjs.org/micromark-util-decode-string cache-miss
1962 silly fetch manifest micromark-util-normalize-identifier@^2.0.0
1963 silly packumentCache full:https://registry.npmjs.org/micromark-util-normalize-identifier cache-miss
1964 silly fetch manifest mdast-util-find-and-replace@^3.0.0
1965 silly packumentCache full:https://registry.npmjs.org/mdast-util-find-and-replace cache-miss
1966 silly fetch manifest micromark-util-normalize-identifier@^2.0.0
1967 silly packumentCache full:https://registry.npmjs.org/micromark-util-normalize-identifier cache-miss
1968 silly fetch manifest markdown-table@^3.0.0
1969 silly packumentCache full:https://registry.npmjs.org/markdown-table cache-miss
1970 silly fetch manifest longest-streak@^3.0.0
1971 silly packumentCache full:https://registry.npmjs.org/longest-streak cache-miss
1972 silly fetch manifest mdast-util-phrasing@^4.0.0
1973 silly packumentCache full:https://registry.npmjs.org/mdast-util-phrasing cache-miss
1974 silly fetch manifest mdast-util-to-string@^4.0.0
1975 silly packumentCache full:https://registry.npmjs.org/mdast-util-to-string cache-miss
1976 silly fetch manifest micromark-util-classify-character@^2.0.0
1977 silly packumentCache full:https://registry.npmjs.org/micromark-util-classify-character cache-miss
1978 silly fetch manifest micromark-util-decode-string@^2.0.0
1979 silly packumentCache full:https://registry.npmjs.org/micromark-util-decode-string cache-miss
1980 http fetch GET 200 https://registry.npmjs.org/longest-streak 38ms (cache miss)
1981 silly packumentCache full:https://registry.npmjs.org/longest-streak set size:undefined disposed:false
1982 http fetch GET 200 https://registry.npmjs.org/micromark-util-normalize-identifier 52ms (cache miss)
1983 silly packumentCache full:https://registry.npmjs.org/micromark-util-normalize-identifier set size:undefined disposed:false
1984 http fetch GET 200 https://registry.npmjs.org/micromark-util-classify-character 52ms (cache miss)
1985 silly packumentCache full:https://registry.npmjs.org/micromark-util-classify-character set size:undefined disposed:false
1986 http fetch GET 200 https://registry.npmjs.org/micromark-util-normalize-identifier 53ms (cache miss)
1987 silly packumentCache full:https://registry.npmjs.org/micromark-util-normalize-identifier set size:undefined disposed:false
1988 http fetch GET 200 https://registry.npmjs.org/markdown-table 53ms (cache miss)
1989 silly packumentCache full:https://registry.npmjs.org/markdown-table set size:undefined disposed:false
1990 http fetch GET 200 https://registry.npmjs.org/micromark-util-decode-numeric-character-reference 56ms (cache miss)
1991 silly packumentCache full:https://registry.npmjs.org/micromark-util-decode-numeric-character-reference set size:undefined disposed:false
1992 http fetch GET 200 https://registry.npmjs.org/mdast-util-to-string 56ms (cache miss)
1993 silly packumentCache full:https://registry.npmjs.org/mdast-util-to-string set size:undefined disposed:false
1994 http fetch GET 200 https://registry.npmjs.org/mdast-util-phrasing 56ms (cache miss)
1995 silly packumentCache full:https://registry.npmjs.org/mdast-util-phrasing set size:undefined disposed:false
1996 http fetch GET 200 https://registry.npmjs.org/mdast-util-to-string 58ms (cache miss)
1997 silly packumentCache full:https://registry.npmjs.org/mdast-util-to-string set size:undefined disposed:false
1998 http fetch GET 200 https://registry.npmjs.org/mdast-util-find-and-replace 58ms (cache miss)
1999 silly packumentCache full:https://registry.npmjs.org/mdast-util-find-and-replace set size:undefined disposed:false
2000 http fetch GET 200 https://registry.npmjs.org/micromark-util-decode-string 59ms (cache miss)
2001 silly packumentCache full:https://registry.npmjs.org/micromark-util-decode-string set size:undefined disposed:false
2002 http fetch GET 200 https://registry.npmjs.org/micromark 59ms (cache miss)
2003 silly packumentCache full:https://registry.npmjs.org/micromark set size:undefined disposed:false
2004 http fetch GET 200 https://registry.npmjs.org/micromark-util-decode-string 65ms (cache miss)
2005 silly packumentCache full:https://registry.npmjs.org/micromark-util-decode-string set size:undefined disposed:false
2006 http fetch GET 200 https://registry.npmjs.org/decode-named-character-reference 130ms (cache miss)
2007 silly packumentCache full:https://registry.npmjs.org/decode-named-character-reference set size:undefined disposed:false
2008 silly placeDep ROOT decode-named-character-reference@1.3.0 OK for: mdast-util-from-markdown@2.0.3 want: ^1.0.0
2009 silly placeDep ROOT mdast-util-to-string@4.0.0 OK for: mdast-util-from-markdown@2.0.3 want: ^4.0.0
2010 silly placeDep ROOT micromark@4.0.2 OK for: mdast-util-from-markdown@2.0.3 want: ^4.0.0
2011 silly placeDep ROOT micromark-util-decode-numeric-character-reference@2.0.2 OK for: mdast-util-from-markdown@2.0.3 want: ^2.0.0
2012 silly placeDep ROOT micromark-util-decode-string@2.0.1 OK for: mdast-util-from-markdown@2.0.3 want: ^2.0.0
2013 silly placeDep ROOT micromark-util-normalize-identifier@2.0.1 OK for: mdast-util-from-markdown@2.0.3 want: ^2.0.0
2014 silly placeDep ROOT unist-util-stringify-position@4.0.0 OK for: mdast-util-from-markdown@2.0.3 want: ^4.0.0
2015 silly fetch manifest character-entities@^2.0.0
2016 silly packumentCache full:https://registry.npmjs.org/character-entities cache-miss
2017 silly fetch manifest @types/debug@^4.0.0
2018 silly packumentCache full:https://registry.npmjs.org/@types%2fdebug cache-miss
2019 silly fetch manifest micromark-core-commonmark@^2.0.0
2020 silly packumentCache full:https://registry.npmjs.org/micromark-core-commonmark cache-miss
2021 silly fetch manifest micromark-factory-space@^2.0.0
2022 silly packumentCache full:https://registry.npmjs.org/micromark-factory-space cache-miss
2023 silly fetch manifest micromark-util-chunked@^2.0.0
2024 silly packumentCache full:https://registry.npmjs.org/micromark-util-chunked cache-miss
2025 silly fetch manifest micromark-util-resolve-all@^2.0.0
2026 silly packumentCache full:https://registry.npmjs.org/micromark-util-resolve-all cache-miss
2027 silly fetch manifest micromark-util-subtokenize@^2.0.0
2028 silly packumentCache full:https://registry.npmjs.org/micromark-util-subtokenize cache-miss
2029 http fetch GET 200 https://registry.npmjs.org/character-entities 46ms (cache miss)
2030 silly packumentCache full:https://registry.npmjs.org/character-entities set size:undefined disposed:false
2031 http fetch GET 200 https://registry.npmjs.org/micromark-util-chunked 64ms (cache miss)
2032 silly packumentCache full:https://registry.npmjs.org/micromark-util-chunked set size:undefined disposed:false
2033 http fetch GET 200 https://registry.npmjs.org/micromark-util-subtokenize 64ms (cache miss)
2034 silly packumentCache full:https://registry.npmjs.org/micromark-util-subtokenize set size:undefined disposed:false
2035 http fetch GET 200 https://registry.npmjs.org/micromark-factory-space 65ms (cache miss)
2036 silly packumentCache full:https://registry.npmjs.org/micromark-factory-space set size:undefined disposed:false
2037 http fetch GET 200 https://registry.npmjs.org/micromark-util-resolve-all 65ms (cache miss)
2038 silly packumentCache full:https://registry.npmjs.org/micromark-util-resolve-all set size:undefined disposed:false
2039 http fetch GET 200 https://registry.npmjs.org/micromark-core-commonmark 65ms (cache miss)
2040 silly packumentCache full:https://registry.npmjs.org/micromark-core-commonmark set size:undefined disposed:false
2041 http fetch GET 200 https://registry.npmjs.org/@types%2fdebug 81ms (cache miss)
2042 silly packumentCache full:https://registry.npmjs.org/@types%2fdebug set size:undefined disposed:false
2043 silly placeDep ROOT character-entities@2.0.2 OK for: decode-named-character-reference@1.3.0 want: ^2.0.0
2044 silly placeDep ROOT mdast-util-find-and-replace@3.0.2 OK for: mdast-util-gfm-autolink-literal@2.0.1 want: ^3.0.0
2045 silly fetch manifest escape-string-regexp@^5.0.0
2046 silly packumentCache full:https://registry.npmjs.org/escape-string-regexp cache-miss
2047 http fetch GET 200 https://registry.npmjs.org/escape-string-regexp 39ms (cache miss)
2048 silly packumentCache full:https://registry.npmjs.org/escape-string-regexp set size:undefined disposed:false
2049 silly placeDep ROOT escape-string-regexp@5.0.0 OK for: mdast-util-find-and-replace@3.0.2 want: ^5.0.0
2050 silly placeDep ROOT unist-util-is@6.0.1 OK for: mdast-util-find-and-replace@3.0.2 want: ^6.0.0
2051 silly placeDep ROOT markdown-table@3.0.4 OK for: mdast-util-gfm-table@2.0.0 want: ^3.0.0
2052 silly placeDep ROOT longest-streak@3.1.0 OK for: mdast-util-to-markdown@2.1.2 want: ^3.0.0
2053 silly placeDep ROOT mdast-util-phrasing@4.1.0 OK for: mdast-util-to-markdown@2.1.2 want: ^4.0.0
2054 silly placeDep ROOT micromark-util-classify-character@2.0.1 OK for: mdast-util-to-markdown@2.1.2 want: ^2.0.0
2055 silly placeDep ROOT @types/debug@4.1.13 OK for: micromark@4.0.2 want: ^4.0.0
2056 silly placeDep ROOT micromark-core-commonmark@2.0.3 OK for: micromark@4.0.2 want: ^2.0.0
2057 silly placeDep ROOT micromark-factory-space@2.0.1 OK for: micromark@4.0.2 want: ^2.0.0
2058 silly placeDep ROOT micromark-util-chunked@2.0.1 OK for: micromark@4.0.2 want: ^2.0.0
2059 silly placeDep ROOT micromark-util-combine-extensions@2.0.1 OK for: micromark@4.0.2 want: ^2.0.0
2060 silly placeDep ROOT micromark-util-resolve-all@2.0.1 OK for: micromark@4.0.2 want: ^2.0.0
2061 silly placeDep ROOT micromark-util-subtokenize@2.1.0 OK for: micromark@4.0.2 want: ^2.0.0
2062 silly fetch manifest @types/ms@*
2063 silly packumentCache full:https://registry.npmjs.org/@types%2fms cache-miss
2064 silly fetch manifest micromark-factory-destination@^2.0.0
2065 silly packumentCache full:https://registry.npmjs.org/micromark-factory-destination cache-miss
2066 silly fetch manifest micromark-factory-label@^2.0.0
2067 silly packumentCache full:https://registry.npmjs.org/micromark-factory-label cache-miss
2068 silly fetch manifest micromark-factory-title@^2.0.0
2069 silly packumentCache full:https://registry.npmjs.org/micromark-factory-title cache-miss
2070 silly fetch manifest micromark-factory-whitespace@^2.0.0
2071 silly packumentCache full:https://registry.npmjs.org/micromark-factory-whitespace cache-miss
2072 silly fetch manifest micromark-util-html-tag-name@^2.0.0
2073 silly packumentCache full:https://registry.npmjs.org/micromark-util-html-tag-name cache-miss
2074 http fetch GET 200 https://registry.npmjs.org/micromark-factory-destination 49ms (cache miss)
2075 silly packumentCache full:https://registry.npmjs.org/micromark-factory-destination set size:undefined disposed:false
2076 http fetch GET 200 https://registry.npmjs.org/micromark-factory-label 55ms (cache miss)
2077 silly packumentCache full:https://registry.npmjs.org/micromark-factory-label set size:undefined disposed:false
2078 http fetch GET 200 https://registry.npmjs.org/micromark-factory-whitespace 56ms (cache miss)
2079 silly packumentCache full:https://registry.npmjs.org/micromark-factory-whitespace set size:undefined disposed:false
2080 http fetch GET 200 https://registry.npmjs.org/@types%2fms 56ms (cache miss)
2081 silly packumentCache full:https://registry.npmjs.org/@types%2fms set size:undefined disposed:false
2082 http fetch GET 200 https://registry.npmjs.org/micromark-factory-title 57ms (cache miss)
2083 silly packumentCache full:https://registry.npmjs.org/micromark-factory-title set size:undefined disposed:false
2084 http fetch GET 200 https://registry.npmjs.org/micromark-util-html-tag-name 58ms (cache miss)
2085 silly packumentCache full:https://registry.npmjs.org/micromark-util-html-tag-name set size:undefined disposed:false
2086 silly placeDep ROOT @types/ms@2.1.0 OK for: @types/debug@4.1.13 want: *
2087 silly placeDep ROOT micromark-factory-destination@2.0.1 OK for: micromark-core-commonmark@2.0.3 want: ^2.0.0
2088 silly placeDep ROOT micromark-factory-label@2.0.1 OK for: micromark-core-commonmark@2.0.3 want: ^2.0.0
2089 silly placeDep ROOT micromark-factory-title@2.0.1 OK for: micromark-core-commonmark@2.0.3 want: ^2.0.0
2090 silly placeDep ROOT micromark-factory-whitespace@2.0.1 OK for: micromark-core-commonmark@2.0.3 want: ^2.0.0
2091 silly placeDep ROOT micromark-util-html-tag-name@2.0.1 OK for: micromark-core-commonmark@2.0.3 want: ^2.0.0
2092 silly placeDep ROOT micromark-extension-gfm-autolink-literal@2.1.0 OK for: micromark-extension-gfm@3.0.0 want: ^2.0.0
2093 silly placeDep ROOT micromark-extension-gfm-footnote@2.1.0 OK for: micromark-extension-gfm@3.0.0 want: ^2.0.0
2094 silly placeDep ROOT micromark-extension-gfm-strikethrough@2.1.0 OK for: micromark-extension-gfm@3.0.0 want: ^2.0.0
2095 silly placeDep ROOT micromark-extension-gfm-table@2.1.1 OK for: micromark-extension-gfm@3.0.0 want: ^2.0.0
2096 silly placeDep ROOT micromark-extension-gfm-tagfilter@2.0.0 OK for: micromark-extension-gfm@3.0.0 want: ^2.0.0
2097 silly placeDep ROOT micromark-extension-gfm-task-list-item@2.1.0 OK for: micromark-extension-gfm@3.0.0 want: ^2.0.0
2098 silly placeDep ROOT retext@9.0.0 OK for: remark-smartypants@3.0.2 want: ^9.0.0
2099 silly placeDep ROOT retext-smartypants@6.2.0 OK for: remark-smartypants@3.0.2 want: ^6.0.0
2100 silly fetch manifest @types/nlcst@^2.0.0
2101 silly packumentCache full:https://registry.npmjs.org/@types%2fnlcst cache-miss
2102 silly fetch manifest retext-latin@^4.0.0
2103 silly packumentCache full:https://registry.npmjs.org/retext-latin cache-miss
2104 silly fetch manifest retext-stringify@^4.0.0
2105 silly packumentCache full:https://registry.npmjs.org/retext-stringify cache-miss
2106 silly fetch manifest @types/nlcst@^2.0.0
2107 silly packumentCache full:https://registry.npmjs.org/@types%2fnlcst cache-miss
2108 silly fetch manifest nlcst-to-string@^4.0.0
2109 silly packumentCache full:https://registry.npmjs.org/nlcst-to-string cache-miss
2110 http fetch GET 200 https://registry.npmjs.org/retext-latin 39ms (cache miss)
2111 silly packumentCache full:https://registry.npmjs.org/retext-latin set size:undefined disposed:false
2112 http fetch GET 200 https://registry.npmjs.org/retext-stringify 48ms (cache miss)
2113 silly packumentCache full:https://registry.npmjs.org/retext-stringify set size:undefined disposed:false
2114 http fetch GET 200 https://registry.npmjs.org/@types%2fnlcst 54ms (cache miss)
2115 silly packumentCache full:https://registry.npmjs.org/@types%2fnlcst set size:undefined disposed:false
2116 http fetch GET 200 https://registry.npmjs.org/nlcst-to-string 83ms (cache miss)
2117 silly packumentCache full:https://registry.npmjs.org/nlcst-to-string set size:undefined disposed:false
2118 http fetch GET 200 https://registry.npmjs.org/@types%2fnlcst 96ms (cache miss)
2119 silly packumentCache full:https://registry.npmjs.org/@types%2fnlcst set size:undefined disposed:false
2120 silly placeDep ROOT @types/nlcst@2.0.3 OK for: retext@9.0.0 want: ^2.0.0
2121 silly placeDep ROOT retext-latin@4.0.0 OK for: retext@9.0.0 want: ^4.0.0
2122 silly placeDep ROOT retext-stringify@4.0.0 OK for: retext@9.0.0 want: ^4.0.0
2123 silly fetch manifest parse-latin@^7.0.0
2124 silly packumentCache full:https://registry.npmjs.org/parse-latin cache-miss
2125 http fetch GET 200 https://registry.npmjs.org/parse-latin 45ms (cache miss)
2126 silly packumentCache full:https://registry.npmjs.org/parse-latin set size:undefined disposed:false
2127 silly placeDep ROOT parse-latin@7.0.0 OK for: retext-latin@4.0.0 want: ^7.0.0
2128 silly fetch manifest unist-util-modify-children@^4.0.0
2129 silly packumentCache full:https://registry.npmjs.org/unist-util-modify-children cache-miss
2130 silly fetch manifest unist-util-visit-children@^3.0.0
2131 silly packumentCache full:https://registry.npmjs.org/unist-util-visit-children cache-miss
2132 http fetch GET 200 https://registry.npmjs.org/unist-util-visit-children 60ms (cache miss)
2133 silly packumentCache full:https://registry.npmjs.org/unist-util-visit-children set size:undefined disposed:false
2134 http fetch GET 200 https://registry.npmjs.org/unist-util-modify-children 72ms (cache miss)
2135 silly packumentCache full:https://registry.npmjs.org/unist-util-modify-children set size:undefined disposed:false
2136 silly placeDep ROOT nlcst-to-string@4.0.0 OK for: parse-latin@7.0.0 want: ^4.0.0
2137 silly placeDep ROOT unist-util-modify-children@4.0.0 OK for: parse-latin@7.0.0 want: ^4.0.0
2138 silly placeDep ROOT unist-util-visit-children@3.0.0 OK for: parse-latin@7.0.0 want: ^3.0.0
2139 silly fetch manifest array-iterate@^2.0.0
2140 silly packumentCache full:https://registry.npmjs.org/array-iterate cache-miss
2141 http fetch GET 200 https://registry.npmjs.org/array-iterate 40ms (cache miss)
2142 silly packumentCache full:https://registry.npmjs.org/array-iterate set size:undefined disposed:false
2143 silly placeDep ROOT @img/colour@1.1.0 OK for: sharp@0.34.5 want: ^1.0.0
2144 silly placeDep ROOT @img/sharp-darwin-arm64@0.34.5 OK for: sharp@0.34.5 want: 0.34.5
2145 silly placeDep ROOT @img/sharp-darwin-x64@0.34.5 OK for: sharp@0.34.5 want: 0.34.5
2146 silly placeDep ROOT @img/sharp-libvips-darwin-arm64@1.2.4 OK for: sharp@0.34.5 want: 1.2.4
2147 silly placeDep ROOT @img/sharp-libvips-darwin-x64@1.2.4 OK for: sharp@0.34.5 want: 1.2.4
2148 silly placeDep ROOT @img/sharp-libvips-linux-arm@1.2.4 OK for: sharp@0.34.5 want: 1.2.4
2149 silly placeDep ROOT @img/sharp-libvips-linux-arm64@1.2.4 OK for: sharp@0.34.5 want: 1.2.4
2150 silly placeDep ROOT @img/sharp-libvips-linux-ppc64@1.2.4 OK for: sharp@0.34.5 want: 1.2.4
2151 silly placeDep ROOT @img/sharp-libvips-linux-riscv64@1.2.4 OK for: sharp@0.34.5 want: 1.2.4
2152 silly placeDep ROOT @img/sharp-libvips-linux-s390x@1.2.4 OK for: sharp@0.34.5 want: 1.2.4
2153 silly placeDep ROOT @img/sharp-libvips-linux-x64@1.2.4 OK for: sharp@0.34.5 want: 1.2.4
2154 silly placeDep ROOT @img/sharp-libvips-linuxmusl-arm64@1.2.4 OK for: sharp@0.34.5 want: 1.2.4
2155 silly placeDep ROOT @img/sharp-libvips-linuxmusl-x64@1.2.4 OK for: sharp@0.34.5 want: 1.2.4
2156 silly placeDep ROOT @img/sharp-linux-arm@0.34.5 OK for: sharp@0.34.5 want: 0.34.5
2157 silly placeDep ROOT @img/sharp-linux-arm64@0.34.5 OK for: sharp@0.34.5 want: 0.34.5
2158 silly placeDep ROOT @img/sharp-linux-ppc64@0.34.5 OK for: sharp@0.34.5 want: 0.34.5
2159 silly placeDep ROOT @img/sharp-linux-riscv64@0.34.5 OK for: sharp@0.34.5 want: 0.34.5
2160 silly placeDep ROOT @img/sharp-linux-s390x@0.34.5 OK for: sharp@0.34.5 want: 0.34.5
2161 silly placeDep ROOT @img/sharp-linux-x64@0.34.5 OK for: sharp@0.34.5 want: 0.34.5
2162 silly placeDep ROOT @img/sharp-linuxmusl-arm64@0.34.5 OK for: sharp@0.34.5 want: 0.34.5
2163 silly placeDep ROOT @img/sharp-linuxmusl-x64@0.34.5 OK for: sharp@0.34.5 want: 0.34.5
2164 silly placeDep ROOT @img/sharp-wasm32@0.34.5 OK for: sharp@0.34.5 want: 0.34.5
2165 silly placeDep ROOT @img/sharp-win32-arm64@0.34.5 OK for: sharp@0.34.5 want: 0.34.5
2166 silly placeDep ROOT @img/sharp-win32-ia32@0.34.5 OK for: sharp@0.34.5 want: 0.34.5
2167 silly placeDep ROOT @img/sharp-win32-x64@0.34.5 OK for: sharp@0.34.5 want: 0.34.5
2168 silly fetch manifest @emnapi/runtime@^1.7.0
2169 silly packumentCache full:https://registry.npmjs.org/@emnapi%2fruntime cache-miss
2170 http fetch GET 200 https://registry.npmjs.org/@emnapi%2fruntime 52ms (cache revalidated)
2171 silly packumentCache full:https://registry.npmjs.org/@emnapi%2fruntime set size:108129 disposed:false
2172 silly placeDep ROOT @emnapi/runtime@1.10.0 OK for: @img/sharp-wasm32@0.34.5 want: ^1.7.0
2173 silly fetch manifest tslib@^2.4.0
2174 silly packumentCache full:https://registry.npmjs.org/tslib cache-miss
2175 http fetch GET 200 https://registry.npmjs.org/tslib 44ms (cache miss)
2176 silly packumentCache full:https://registry.npmjs.org/tslib set size:undefined disposed:false
2177 silly placeDep ROOT tslib@2.8.1 OK for: @emnapi/runtime@1.10.0 want: ^2.4.0
2178 silly placeDep ROOT @shikijs/core@3.23.0 OK for: shiki@3.23.0 want: 3.23.0
2179 silly placeDep ROOT @shikijs/engine-javascript@3.23.0 OK for: shiki@3.23.0 want: 3.23.0
2180 silly placeDep ROOT @shikijs/engine-oniguruma@3.23.0 OK for: shiki@3.23.0 want: 3.23.0
2181 silly placeDep ROOT @shikijs/langs@3.23.0 OK for: shiki@3.23.0 want: 3.23.0
2182 silly placeDep ROOT @shikijs/themes@3.23.0 OK for: shiki@3.23.0 want: 3.23.0
2183 silly placeDep ROOT @shikijs/types@3.23.0 OK for: shiki@3.23.0 want: 3.23.0
2184 silly placeDep ROOT @shikijs/vscode-textmate@10.0.2 OK for: shiki@3.23.0 want: ^10.0.2
2185 silly fetch manifest oniguruma-to-es@^4.3.4
2186 silly packumentCache full:https://registry.npmjs.org/oniguruma-to-es cache-miss
2187 http fetch GET 200 https://registry.npmjs.org/oniguruma-to-es 57ms (cache miss)
2188 silly packumentCache full:https://registry.npmjs.org/oniguruma-to-es set size:undefined disposed:false
2189 silly placeDep ROOT oniguruma-to-es@4.3.6 OK for: @shikijs/engine-javascript@3.23.0 want: ^4.3.4
2190 silly fetch manifest oniguruma-parser@^0.12.2
2191 silly packumentCache full:https://registry.npmjs.org/oniguruma-parser cache-miss
2192 silly fetch manifest regex@^6.1.0
2193 silly packumentCache full:https://registry.npmjs.org/regex cache-miss
2194 silly fetch manifest regex-recursion@^6.0.2
2195 silly packumentCache full:https://registry.npmjs.org/regex-recursion cache-miss
2196 http fetch GET 200 https://registry.npmjs.org/oniguruma-parser 42ms (cache miss)
2197 silly packumentCache full:https://registry.npmjs.org/oniguruma-parser set size:undefined disposed:false
2198 http fetch GET 200 https://registry.npmjs.org/regex 52ms (cache miss)
2199 silly packumentCache full:https://registry.npmjs.org/regex set size:undefined disposed:false
2200 http fetch GET 200 https://registry.npmjs.org/regex-recursion 54ms (cache miss)
2201 silly packumentCache full:https://registry.npmjs.org/regex-recursion set size:undefined disposed:false
2202 silly placeDep ROOT oniguruma-parser@0.12.2 OK for: oniguruma-to-es@4.3.6 want: ^0.12.2
2203 silly placeDep ROOT regex@6.1.0 OK for: oniguruma-to-es@4.3.6 want: ^6.1.0
2204 silly placeDep ROOT regex-recursion@6.0.2 OK for: oniguruma-to-es@4.3.6 want: ^6.0.2
2205 silly fetch manifest regex-utilities@^2.3.0
2206 silly packumentCache full:https://registry.npmjs.org/regex-utilities cache-miss
2207 silly fetch manifest regex-utilities@^2.3.0
2208 silly packumentCache full:https://registry.npmjs.org/regex-utilities cache-miss
2209 http fetch GET 200 https://registry.npmjs.org/regex-utilities 39ms (cache miss)
2210 silly packumentCache full:https://registry.npmjs.org/regex-utilities set size:undefined disposed:false
2211 http fetch GET 200 https://registry.npmjs.org/regex-utilities 48ms (cache miss)
2212 silly packumentCache full:https://registry.npmjs.org/regex-utilities set size:undefined disposed:false
2213 silly placeDep ROOT regex-utilities@2.3.0 OK for: regex@6.1.0 want: ^2.3.0
2214 silly placeDep ROOT @types/node@24.12.3 OK for: sitemap@9.0.1 want: ^24.9.2
2215 silly placeDep ROOT @types/sax@1.2.7 OK for: sitemap@9.0.1 want: ^1.2.1
2216 silly placeDep ROOT arg@5.0.2 OK for: sitemap@9.0.1 want: ^5.0.0
2217 silly placeDep ROOT sax@1.6.0 OK for: sitemap@9.0.1 want: ^1.4.1
2218 silly fetch manifest undici-types@~7.16.0
2219 silly packumentCache full:https://registry.npmjs.org/undici-types cache-miss
2220 http fetch GET 200 https://registry.npmjs.org/undici-types 41ms (cache miss)
2221 silly packumentCache full:https://registry.npmjs.org/undici-types set size:undefined disposed:false
2222 silly placeDep ROOT undici-types@7.16.0 OK for: @types/node@24.12.3 want: ~7.16.0
2223 silly placeDep ROOT emoji-regex@10.6.0 OK for: string-width@7.2.0 want: ^10.3.0
2224 silly placeDep ROOT get-east-asian-width@1.6.0 OK for: string-width@7.2.0 want: ^1.0.0
2225 silly placeDep ROOT strip-ansi@7.2.0 OK for: string-width@7.2.0 want: ^7.1.0
2226 silly fetch manifest ansi-regex@^6.2.2
2227 silly packumentCache full:https://registry.npmjs.org/ansi-regex cache-miss
2228 http fetch GET 200 https://registry.npmjs.org/ansi-regex 41ms (cache miss)
2229 silly packumentCache full:https://registry.npmjs.org/ansi-regex set size:undefined disposed:false
2230 silly placeDep ROOT character-entities-html4@2.1.0 OK for: stringify-entities@4.0.4 want: ^2.0.0
2231 silly placeDep ROOT character-entities-legacy@3.0.0 OK for: stringify-entities@4.0.4 want: ^3.0.0
2232 silly placeDep ROOT ansi-regex@6.2.2 OK for: strip-ansi@7.2.0 want: ^6.2.2
2233 silly placeDep ROOT commander@11.1.0 OK for: svgo@4.0.1 want: ^11.1.0
2234 silly placeDep ROOT css-select@5.2.2 OK for: svgo@4.0.1 want: ^5.1.0
2235 silly placeDep ROOT css-tree@3.2.1 OK for: svgo@4.0.1 want: ^3.0.1
2236 silly placeDep ROOT css-what@6.2.2 OK for: svgo@4.0.1 want: ^6.1.0
2237 silly placeDep ROOT csso@5.0.5 OK for: svgo@4.0.1 want: ^5.0.5
2238 silly placeDep ROOT picocolors@1.1.1 OK for: svgo@4.0.1 want: ^1.1.1
2239 silly fetch manifest boolbase@^1.0.0
2240 silly packumentCache full:https://registry.npmjs.org/boolbase cache-miss
2241 silly fetch manifest domutils@^3.0.1
2242 silly packumentCache full:https://registry.npmjs.org/domutils cache-miss
2243 silly fetch manifest nth-check@^2.0.1
2244 silly packumentCache full:https://registry.npmjs.org/nth-check cache-miss
2245 silly fetch manifest domhandler@^5.0.2
2246 silly packumentCache full:https://registry.npmjs.org/domhandler cache-miss
2247 silly fetch manifest mdn-data@2.27.1
2248 silly packumentCache full:https://registry.npmjs.org/mdn-data cache-miss
2249 silly fetch manifest css-tree@~2.2.0
2250 silly packumentCache full:https://registry.npmjs.org/css-tree cache-miss
2251 http cache https://registry.npmjs.org/css-tree 4ms (cache hit)
2252 silly packumentCache full:https://registry.npmjs.org/css-tree set size:229638 disposed:false
2253 http fetch GET 200 https://registry.npmjs.org/domhandler 40ms (cache miss)
2254 silly packumentCache full:https://registry.npmjs.org/domhandler set size:undefined disposed:false
2255 http fetch GET 200 https://registry.npmjs.org/domutils 45ms (cache miss)
2256 silly packumentCache full:https://registry.npmjs.org/domutils set size:undefined disposed:false
2257 http fetch GET 200 https://registry.npmjs.org/nth-check 46ms (cache miss)
2258 silly packumentCache full:https://registry.npmjs.org/nth-check set size:undefined disposed:false
2259 http fetch GET 200 https://registry.npmjs.org/mdn-data 53ms (cache miss)
2260 silly packumentCache full:https://registry.npmjs.org/mdn-data set size:undefined disposed:false
2261 http fetch GET 200 https://registry.npmjs.org/boolbase 56ms (cache miss)
2262 silly packumentCache full:https://registry.npmjs.org/boolbase set size:undefined disposed:false
2263 silly placeDep ROOT boolbase@1.0.0 OK for: css-select@5.2.2 want: ^1.0.0
2264 silly placeDep ROOT domhandler@5.0.3 OK for: css-select@5.2.2 want: ^5.0.2
2265 silly placeDep ROOT domutils@3.2.2 OK for: css-select@5.2.2 want: ^3.0.1
2266 silly placeDep ROOT nth-check@2.1.1 OK for: css-select@5.2.2 want: ^2.0.1
2267 silly fetch manifest domelementtype@^2.3.0
2268 silly packumentCache full:https://registry.npmjs.org/domelementtype cache-miss
2269 silly fetch manifest dom-serializer@^2.0.0
2270 silly packumentCache full:https://registry.npmjs.org/dom-serializer cache-miss
2271 silly fetch manifest domelementtype@^2.3.0
2272 silly packumentCache full:https://registry.npmjs.org/domelementtype cache-miss
2273 http fetch GET 200 https://registry.npmjs.org/domelementtype 38ms (cache miss)
2274 silly packumentCache full:https://registry.npmjs.org/domelementtype set size:undefined disposed:false
2275 http fetch GET 200 https://registry.npmjs.org/domelementtype 47ms (cache miss)
2276 silly packumentCache full:https://registry.npmjs.org/domelementtype set size:undefined disposed:false
2277 http fetch GET 200 https://registry.npmjs.org/dom-serializer 48ms (cache miss)
2278 silly packumentCache full:https://registry.npmjs.org/dom-serializer set size:undefined disposed:false
2279 silly placeDep ROOT mdn-data@2.27.1 OK for: css-tree@3.2.1 want: 2.27.1
2280 silly placeDep node_modules/csso css-tree@2.2.1 OK for: csso@5.0.5 want: ~2.2.0
2281 silly fetch manifest mdn-data@2.0.28
2282 silly packumentCache full:https://registry.npmjs.org/mdn-data cache-miss
2283 http cache https://registry.npmjs.org/mdn-data 4ms (cache hit)
2284 silly packumentCache full:https://registry.npmjs.org/mdn-data set size:175956 disposed:false
2285 silly placeDep ROOT domelementtype@2.3.0 OK for: domhandler@5.0.3 want: ^2.3.0
2286 silly placeDep ROOT dom-serializer@2.0.0 OK for: domutils@3.2.2 want: ^2.0.0
2287 silly fetch manifest entities@^4.2.0
2288 silly packumentCache full:https://registry.npmjs.org/entities cache-miss
2289 http cache https://registry.npmjs.org/entities 3ms (cache hit)
2290 silly packumentCache full:https://registry.npmjs.org/entities set size:101550 disposed:false
2291 silly placeDep node_modules/dom-serializer entities@4.5.0 OK for: dom-serializer@2.0.0 want: ^4.2.0
2292 silly placeDep ROOT fdir@6.5.0 OK for: tinyglobby@0.2.16 want: ^6.5.0
2293 silly placeDep ROOT bail@2.0.2 OK for: unified@11.0.5 want: ^2.0.0
2294 silly placeDep ROOT extend@3.0.2 OK for: unified@11.0.5 want: ^3.0.0
2295 silly placeDep ROOT is-plain-obj@4.1.0 OK for: unified@11.0.5 want: ^4.0.0
2296 silly placeDep ROOT trough@2.2.0 OK for: unified@11.0.5 want: ^2.0.0
2297 silly placeDep ROOT ofetch@1.5.1 OK for: unifont@0.7.4 want: ^1.5.1
2298 silly placeDep ROOT ohash@2.0.11 OK for: unifont@0.7.4 want: ^2.0.11
2299 silly fetch manifest ufo@^1.6.1
2300 silly packumentCache full:https://registry.npmjs.org/ufo cache-miss
2301 http cache https://registry.npmjs.org/ufo 3ms (cache hit)
2302 silly packumentCache full:https://registry.npmjs.org/ufo set size:169119 disposed:false
2303 silly placeDep ROOT destr@2.0.5 OK for: ofetch@1.5.1 want: ^2.0.5
2304 silly placeDep ROOT node-fetch-native@1.6.7 OK for: ofetch@1.5.1 want: ^1.6.7
2305 silly placeDep ROOT ufo@1.6.4 OK for: ofetch@1.5.1 want: ^1.6.1
2306 silly placeDep ROOT array-iterate@2.0.1 OK for: unist-util-modify-children@4.0.0 want: ^2.0.0
2307 silly placeDep ROOT anymatch@3.1.3 OK for: unstorage@1.17.5 want: ^3.1.3
2308 silly placeDep ROOT chokidar@5.0.0 OK for: unstorage@1.17.5 want: ^5.0.0
2309 silly placeDep ROOT h3@1.15.11 OK for: unstorage@1.17.5 want: ^1.15.10
2310 silly placeDep ROOT lru-cache@11.3.6 OK for: unstorage@1.17.5 want: ^11.2.7
2311 silly fetch manifest picomatch@^2.0.4
2312 silly packumentCache full:https://registry.npmjs.org/picomatch cache-hit
2313 silly fetch manifest normalize-path@^3.0.0
2314 silly packumentCache full:https://registry.npmjs.org/normalize-path cache-miss
2315 silly fetch manifest readdirp@^5.0.0
2316 silly packumentCache full:https://registry.npmjs.org/readdirp cache-miss
2317 silly fetch manifest defu@^6.1.6
2318 silly packumentCache full:https://registry.npmjs.org/defu cache-miss
2319 silly fetch manifest radix3@^1.1.2
2320 silly packumentCache full:https://registry.npmjs.org/radix3 cache-miss
2321 silly fetch manifest crossws@^0.3.5
2322 silly packumentCache full:https://registry.npmjs.org/crossws cache-miss
2323 silly fetch manifest uncrypto@^0.1.3
2324 silly packumentCache full:https://registry.npmjs.org/uncrypto cache-miss
2325 silly fetch manifest cookie-es@^1.2.3
2326 silly packumentCache full:https://registry.npmjs.org/cookie-es cache-miss
2327 silly fetch manifest iron-webcrypto@^1.2.1
2328 silly packumentCache full:https://registry.npmjs.org/iron-webcrypto cache-miss
2329 silly fetch manifest node-mock-http@^1.0.4
2330 silly packumentCache full:https://registry.npmjs.org/node-mock-http cache-miss
2331 http cache https://registry.npmjs.org/crossws 5ms (cache hit)
2332 silly packumentCache full:https://registry.npmjs.org/crossws set size:90765 disposed:false
2333 http fetch GET 200 https://registry.npmjs.org/radix3 39ms (cache miss)
2334 silly packumentCache full:https://registry.npmjs.org/radix3 set size:undefined disposed:false
2335 http fetch GET 200 https://registry.npmjs.org/uncrypto 49ms (cache miss)
2336 silly packumentCache full:https://registry.npmjs.org/uncrypto set size:undefined disposed:false
2337 http fetch GET 200 https://registry.npmjs.org/cookie-es 55ms (cache miss)
2338 silly packumentCache full:https://registry.npmjs.org/cookie-es set size:undefined disposed:false
2339 http fetch GET 200 https://registry.npmjs.org/iron-webcrypto 56ms (cache miss)
2340 silly packumentCache full:https://registry.npmjs.org/iron-webcrypto set size:undefined disposed:false
2341 http fetch GET 200 https://registry.npmjs.org/defu 57ms (cache miss)
2342 silly packumentCache full:https://registry.npmjs.org/defu set size:undefined disposed:false
2343 http fetch GET 200 https://registry.npmjs.org/readdirp 60ms (cache miss)
2344 silly packumentCache full:https://registry.npmjs.org/readdirp set size:undefined disposed:false
2345 http fetch GET 200 https://registry.npmjs.org/node-mock-http 62ms (cache miss)
2346 silly packumentCache full:https://registry.npmjs.org/node-mock-http set size:undefined disposed:false
2347 http fetch GET 200 https://registry.npmjs.org/normalize-path 90ms (cache miss)
2348 silly packumentCache full:https://registry.npmjs.org/normalize-path set size:undefined disposed:false
2349 silly placeDep ROOT normalize-path@3.0.0 OK for: anymatch@3.1.3 want: ^3.0.0
2350 silly placeDep node_modules/anymatch picomatch@2.3.2 OK for: anymatch@3.1.3 want: ^2.0.4
2351 silly placeDep ROOT readdirp@5.0.0 OK for: chokidar@5.0.0 want: ^5.0.0
2352 silly placeDep ROOT cookie-es@1.2.3 OK for: h3@1.15.11 want: ^1.2.3
2353 silly placeDep ROOT crossws@0.3.5 OK for: h3@1.15.11 want: ^0.3.5
2354 silly placeDep ROOT defu@6.1.7 OK for: h3@1.15.11 want: ^6.1.6
2355 silly placeDep ROOT iron-webcrypto@1.2.1 OK for: h3@1.15.11 want: ^1.2.1
2356 silly placeDep ROOT node-mock-http@1.0.4 OK for: h3@1.15.11 want: ^1.0.4
2357 silly placeDep ROOT radix3@1.1.2 OK for: h3@1.15.11 want: ^1.1.2
2358 silly placeDep ROOT uncrypto@0.1.3 OK for: h3@1.15.11 want: ^0.1.3
2359 silly placeDep node_modules/vite fsevents@2.3.3 OK for: vite@8.0.11 want: ~2.3.3
2360 silly placeDep ROOT postcss@8.5.14 OK for: vite@8.0.11 want: ^8.5.14
2361 silly placeDep ROOT rolldown@1.0.0-rc.18 OK for: vite@8.0.11 want: 1.0.0-rc.18
2362 silly fetch manifest nanoid@^3.3.11
2363 silly packumentCache full:https://registry.npmjs.org/nanoid cache-miss
2364 silly fetch manifest @oxc-project/types@=0.128.0
2365 silly packumentCache full:https://registry.npmjs.org/@oxc-project%2ftypes cache-miss
2366 silly fetch manifest @rolldown/pluginutils@1.0.0-rc.18
2367 silly packumentCache full:https://registry.npmjs.org/@rolldown%2fpluginutils cache-miss
2368 silly fetch manifest @rolldown/binding-darwin-x64@1.0.0-rc.18
2369 silly packumentCache full:https://registry.npmjs.org/@rolldown%2fbinding-darwin-x64 cache-miss
2370 silly fetch manifest @rolldown/binding-freebsd-x64@1.0.0-rc.18
2371 silly packumentCache full:https://registry.npmjs.org/@rolldown%2fbinding-freebsd-x64 cache-miss
2372 silly fetch manifest @rolldown/binding-wasm32-wasi@1.0.0-rc.18
2373 silly packumentCache full:https://registry.npmjs.org/@rolldown%2fbinding-wasm32-wasi cache-miss
2374 silly fetch manifest @rolldown/binding-darwin-arm64@1.0.0-rc.18
2375 silly packumentCache full:https://registry.npmjs.org/@rolldown%2fbinding-darwin-arm64 cache-miss
2376 silly fetch manifest @rolldown/binding-android-arm64@1.0.0-rc.18
2377 silly packumentCache full:https://registry.npmjs.org/@rolldown%2fbinding-android-arm64 cache-miss
2378 silly fetch manifest @rolldown/binding-linux-x64-gnu@1.0.0-rc.18
2379 silly packumentCache full:https://registry.npmjs.org/@rolldown%2fbinding-linux-x64-gnu cache-miss
2380 silly fetch manifest @rolldown/binding-linux-x64-musl@1.0.0-rc.18
2381 silly packumentCache full:https://registry.npmjs.org/@rolldown%2fbinding-linux-x64-musl cache-miss
2382 silly fetch manifest @rolldown/binding-win32-x64-msvc@1.0.0-rc.18
2383 silly packumentCache full:https://registry.npmjs.org/@rolldown%2fbinding-win32-x64-msvc cache-miss
2384 silly fetch manifest @rolldown/binding-linux-arm64-gnu@1.0.0-rc.18
2385 silly packumentCache full:https://registry.npmjs.org/@rolldown%2fbinding-linux-arm64-gnu cache-miss
2386 silly fetch manifest @rolldown/binding-linux-ppc64-gnu@1.0.0-rc.18
2387 silly packumentCache full:https://registry.npmjs.org/@rolldown%2fbinding-linux-ppc64-gnu cache-miss
2388 silly fetch manifest @rolldown/binding-linux-s390x-gnu@1.0.0-rc.18
2389 silly packumentCache full:https://registry.npmjs.org/@rolldown%2fbinding-linux-s390x-gnu cache-miss
2390 silly fetch manifest @rolldown/binding-linux-arm64-musl@1.0.0-rc.18
2391 silly packumentCache full:https://registry.npmjs.org/@rolldown%2fbinding-linux-arm64-musl cache-miss
2392 silly fetch manifest @rolldown/binding-win32-arm64-msvc@1.0.0-rc.18
2393 silly packumentCache full:https://registry.npmjs.org/@rolldown%2fbinding-win32-arm64-msvc cache-miss
2394 silly fetch manifest @rolldown/binding-openharmony-arm64@1.0.0-rc.18
2395 silly packumentCache full:https://registry.npmjs.org/@rolldown%2fbinding-openharmony-arm64 cache-miss
2396 silly fetch manifest @rolldown/binding-linux-arm-gnueabihf@1.0.0-rc.18
2397 silly packumentCache full:https://registry.npmjs.org/@rolldown%2fbinding-linux-arm-gnueabihf cache-miss
2398 http fetch GET 200 https://registry.npmjs.org/nanoid 52ms (cache miss)
2399 silly packumentCache full:https://registry.npmjs.org/nanoid set size:undefined disposed:false
2400 http fetch GET 200 https://registry.npmjs.org/@rolldown%2fbinding-android-arm64 57ms (cache miss)
2401 silly packumentCache full:https://registry.npmjs.org/@rolldown%2fbinding-android-arm64 set size:undefined disposed:false
2402 http fetch GET 200 https://registry.npmjs.org/@rolldown%2fpluginutils 64ms (cache miss)
2403 silly packumentCache full:https://registry.npmjs.org/@rolldown%2fpluginutils set size:undefined disposed:false
2404 http fetch GET 200 https://registry.npmjs.org/@oxc-project%2ftypes 66ms (cache miss)
2405 silly packumentCache full:https://registry.npmjs.org/@oxc-project%2ftypes set size:undefined disposed:false
2406 http fetch GET 200 https://registry.npmjs.org/@rolldown%2fbinding-linux-s390x-gnu 67ms (cache miss)
2407 silly packumentCache full:https://registry.npmjs.org/@rolldown%2fbinding-linux-s390x-gnu set size:undefined disposed:false
2408 http fetch GET 200 https://registry.npmjs.org/@rolldown%2fbinding-linux-ppc64-gnu 74ms (cache miss)
2409 silly packumentCache full:https://registry.npmjs.org/@rolldown%2fbinding-linux-ppc64-gnu set size:undefined disposed:false
2410 http fetch GET 200 https://registry.npmjs.org/@rolldown%2fbinding-freebsd-x64 102ms (cache miss)
2411 silly packumentCache full:https://registry.npmjs.org/@rolldown%2fbinding-freebsd-x64 set size:undefined disposed:false
2412 http fetch GET 200 https://registry.npmjs.org/@rolldown%2fbinding-openharmony-arm64 109ms (cache miss)
2413 silly packumentCache full:https://registry.npmjs.org/@rolldown%2fbinding-openharmony-arm64 set size:undefined disposed:false
2414 http fetch GET 200 https://registry.npmjs.org/@rolldown%2fbinding-linux-arm64-musl 119ms (cache miss)
2415 silly packumentCache full:https://registry.npmjs.org/@rolldown%2fbinding-linux-arm64-musl set size:undefined disposed:false
2416 http fetch GET 200 https://registry.npmjs.org/@rolldown%2fbinding-linux-arm64-gnu 131ms (cache miss)
2417 silly packumentCache full:https://registry.npmjs.org/@rolldown%2fbinding-linux-arm64-gnu set size:undefined disposed:false
2418 http fetch GET 200 https://registry.npmjs.org/@rolldown%2fbinding-linux-x64-gnu 137ms (cache miss)
2419 silly packumentCache full:https://registry.npmjs.org/@rolldown%2fbinding-linux-x64-gnu set size:undefined disposed:false
2420 http fetch GET 200 https://registry.npmjs.org/@rolldown%2fbinding-darwin-arm64 143ms (cache miss)
2421 silly packumentCache full:https://registry.npmjs.org/@rolldown%2fbinding-darwin-arm64 set size:undefined disposed:false
2422 http fetch GET 200 https://registry.npmjs.org/@rolldown%2fbinding-win32-x64-msvc 149ms (cache miss)
2423 silly packumentCache full:https://registry.npmjs.org/@rolldown%2fbinding-win32-x64-msvc set size:undefined disposed:false
2424 http fetch GET 200 https://registry.npmjs.org/@rolldown%2fbinding-wasm32-wasi 152ms (cache miss)
2425 silly packumentCache full:https://registry.npmjs.org/@rolldown%2fbinding-wasm32-wasi set size:undefined disposed:false
2426 http fetch GET 200 https://registry.npmjs.org/@rolldown%2fbinding-linux-x64-musl 156ms (cache miss)
2427 silly packumentCache full:https://registry.npmjs.org/@rolldown%2fbinding-linux-x64-musl set size:undefined disposed:false
2428 http fetch GET 200 https://registry.npmjs.org/@rolldown%2fbinding-win32-arm64-msvc 165ms (cache miss)
2429 silly packumentCache full:https://registry.npmjs.org/@rolldown%2fbinding-win32-arm64-msvc set size:undefined disposed:false
2430 http fetch GET 200 https://registry.npmjs.org/@rolldown%2fbinding-linux-arm-gnueabihf 169ms (cache miss)
2431 silly packumentCache full:https://registry.npmjs.org/@rolldown%2fbinding-linux-arm-gnueabihf set size:undefined disposed:false
2432 http fetch GET 200 https://registry.npmjs.org/@rolldown%2fbinding-darwin-x64 888ms (cache miss)
2433 silly packumentCache full:https://registry.npmjs.org/@rolldown%2fbinding-darwin-x64 set size:undefined disposed:false
2434 silly placeDep ROOT nanoid@3.3.12 OK for: postcss@8.5.14 want: ^3.3.11
2435 silly placeDep ROOT @oxc-project/types@0.128.0 OK for: rolldown@1.0.0-rc.18 want: =0.128.0
2436 silly placeDep ROOT @rolldown/binding-android-arm64@1.0.0-rc.18 OK for: rolldown@1.0.0-rc.18 want: 1.0.0-rc.18
2437 silly placeDep ROOT @rolldown/binding-darwin-arm64@1.0.0-rc.18 OK for: rolldown@1.0.0-rc.18 want: 1.0.0-rc.18
2438 silly placeDep ROOT @rolldown/binding-darwin-x64@1.0.0-rc.18 OK for: rolldown@1.0.0-rc.18 want: 1.0.0-rc.18
2439 silly placeDep ROOT @rolldown/binding-freebsd-x64@1.0.0-rc.18 OK for: rolldown@1.0.0-rc.18 want: 1.0.0-rc.18
2440 silly placeDep ROOT @rolldown/binding-linux-arm-gnueabihf@1.0.0-rc.18 OK for: rolldown@1.0.0-rc.18 want: 1.0.0-rc.18
2441 silly placeDep ROOT @rolldown/binding-linux-arm64-gnu@1.0.0-rc.18 OK for: rolldown@1.0.0-rc.18 want: 1.0.0-rc.18
2442 silly placeDep ROOT @rolldown/binding-linux-arm64-musl@1.0.0-rc.18 OK for: rolldown@1.0.0-rc.18 want: 1.0.0-rc.18
2443 silly placeDep ROOT @rolldown/binding-linux-ppc64-gnu@1.0.0-rc.18 OK for: rolldown@1.0.0-rc.18 want: 1.0.0-rc.18
2444 silly placeDep ROOT @rolldown/binding-linux-s390x-gnu@1.0.0-rc.18 OK for: rolldown@1.0.0-rc.18 want: 1.0.0-rc.18
2445 silly placeDep ROOT @rolldown/binding-linux-x64-gnu@1.0.0-rc.18 OK for: rolldown@1.0.0-rc.18 want: 1.0.0-rc.18
2446 silly placeDep ROOT @rolldown/binding-linux-x64-musl@1.0.0-rc.18 OK for: rolldown@1.0.0-rc.18 want: 1.0.0-rc.18
2447 silly placeDep ROOT @rolldown/binding-openharmony-arm64@1.0.0-rc.18 OK for: rolldown@1.0.0-rc.18 want: 1.0.0-rc.18
2448 silly placeDep ROOT @rolldown/binding-wasm32-wasi@1.0.0-rc.18 OK for: rolldown@1.0.0-rc.18 want: 1.0.0-rc.18
2449 silly placeDep ROOT @rolldown/binding-win32-arm64-msvc@1.0.0-rc.18 OK for: rolldown@1.0.0-rc.18 want: 1.0.0-rc.18
2450 silly placeDep ROOT @rolldown/binding-win32-x64-msvc@1.0.0-rc.18 OK for: rolldown@1.0.0-rc.18 want: 1.0.0-rc.18
2451 silly placeDep ROOT @rolldown/pluginutils@1.0.0-rc.18 OK for: rolldown@1.0.0-rc.18 want: 1.0.0-rc.18
2452 silly fetch manifest @emnapi/core@1.10.0
2453 silly packumentCache full:https://registry.npmjs.org/@emnapi%2fcore cache-miss
2454 silly fetch manifest @napi-rs/wasm-runtime@^1.1.4
2455 silly packumentCache full:https://registry.npmjs.org/@napi-rs%2fwasm-runtime cache-miss
2456 http fetch GET 200 https://registry.npmjs.org/@napi-rs%2fwasm-runtime 53ms (cache miss)
2457 silly packumentCache full:https://registry.npmjs.org/@napi-rs%2fwasm-runtime set size:undefined disposed:false
2458 http fetch GET 200 https://registry.npmjs.org/@emnapi%2fcore 138ms (cache revalidated)
2459 silly packumentCache full:https://registry.npmjs.org/@emnapi%2fcore set size:105841 disposed:false
2460 silly fetch manifest @emnapi/runtime@1.10.0
2461 silly packumentCache full:https://registry.npmjs.org/@emnapi%2fruntime cache-hit
2462 silly placeDep ROOT @emnapi/core@1.10.0 OK for: @rolldown/binding-wasm32-wasi@1.0.0-rc.18 want: 1.10.0
2463 silly placeDep ROOT @napi-rs/wasm-runtime@1.1.4 OK for: @rolldown/binding-wasm32-wasi@1.0.0-rc.18 want: ^1.1.4
2464 silly fetch manifest @emnapi/wasi-threads@1.2.1
2465 silly packumentCache full:https://registry.npmjs.org/@emnapi%2fwasi-threads cache-miss
2466 silly fetch manifest @tybys/wasm-util@^0.10.1
2467 silly packumentCache full:https://registry.npmjs.org/@tybys%2fwasm-util cache-miss
2468 http fetch GET 200 https://registry.npmjs.org/@tybys%2fwasm-util 52ms (cache miss)
2469 silly packumentCache full:https://registry.npmjs.org/@tybys%2fwasm-util set size:undefined disposed:false
2470 http fetch GET 200 https://registry.npmjs.org/@emnapi%2fwasi-threads 62ms (cache miss)
2471 silly packumentCache full:https://registry.npmjs.org/@emnapi%2fwasi-threads set size:undefined disposed:false
2472 silly placeDep ROOT @emnapi/wasi-threads@1.2.1 OK for: @emnapi/core@1.10.0 want: 1.2.1
2473 silly placeDep ROOT @tybys/wasm-util@0.10.2 OK for: @napi-rs/wasm-runtime@1.1.4 want: ^0.10.1
2474 silly placeDep ROOT ansi-styles@6.2.3 OK for: wrap-ansi@9.0.2 want: ^6.2.1
2475 silly placeDep ROOT yoctocolors@2.1.2 OK for: yocto-spinner@0.2.3 want: ^2.1.1
2476 silly placeDep node_modules/ansi-align emoji-regex@8.0.0 OK for: string-width@4.2.3 want: ^8.0.0
2477 silly placeDep ROOT is-fullwidth-code-point@3.0.0 OK for: string-width@4.2.3 want: ^3.0.0
2478 silly placeDep node_modules/ansi-align strip-ansi@6.0.1 OK for: string-width@4.2.3 want: ^6.0.1
2479 silly fetch manifest ansi-regex@^5.0.1
2480 silly packumentCache full:https://registry.npmjs.org/ansi-regex cache-miss
2481 http cache https://registry.npmjs.org/ansi-regex 2ms (cache hit)
2482 silly packumentCache full:https://registry.npmjs.org/ansi-regex set size:43572 disposed:false
2483 silly placeDep node_modules/ansi-align ansi-regex@5.0.1 OK for: strip-ansi@6.0.1 want: ^5.0.1
2484 silly placeDep node_modules/astro/node_modules/vite esbuild@0.25.12 OK for: vite@6.4.2 want: ^0.25.0
2485 silly placeDep node_modules/astro fsevents@2.3.3 OK for: vite@6.4.2 want: ~2.3.3
2486 silly placeDep ROOT rollup@4.60.3 OK for: vite@6.4.2 want: ^4.34.9
2487 silly fetch manifest @esbuild/aix-ppc64@0.25.12
2488 silly packumentCache full:https://registry.npmjs.org/@esbuild%2faix-ppc64 cache-miss
2489 silly fetch manifest @esbuild/linux-arm@0.25.12
2490 silly packumentCache full:https://registry.npmjs.org/@esbuild%2flinux-arm cache-miss
2491 silly fetch manifest @esbuild/linux-x64@0.25.12
2492 silly packumentCache full:https://registry.npmjs.org/@esbuild%2flinux-x64 cache-miss
2493 silly fetch manifest @esbuild/sunos-x64@0.25.12
2494 silly packumentCache full:https://registry.npmjs.org/@esbuild%2fsunos-x64 cache-miss
2495 silly fetch manifest @esbuild/win32-x64@0.25.12
2496 silly packumentCache full:https://registry.npmjs.org/@esbuild%2fwin32-x64 cache-miss
2497 silly fetch manifest @esbuild/darwin-x64@0.25.12
2498 silly packumentCache full:https://registry.npmjs.org/@esbuild%2fdarwin-x64 cache-miss
2499 silly fetch manifest @esbuild/linux-ia32@0.25.12
2500 silly packumentCache full:https://registry.npmjs.org/@esbuild%2flinux-ia32 cache-miss
2501 silly fetch manifest @esbuild/netbsd-x64@0.25.12
2502 silly packumentCache full:https://registry.npmjs.org/@esbuild%2fnetbsd-x64 cache-miss
2503 silly fetch manifest @esbuild/win32-ia32@0.25.12
2504 silly packumentCache full:https://registry.npmjs.org/@esbuild%2fwin32-ia32 cache-miss
2505 silly fetch manifest @esbuild/android-arm@0.25.12
2506 silly packumentCache full:https://registry.npmjs.org/@esbuild%2fandroid-arm cache-miss
2507 silly fetch manifest @esbuild/android-x64@0.25.12
2508 silly packumentCache full:https://registry.npmjs.org/@esbuild%2fandroid-x64 cache-miss
2509 silly fetch manifest @esbuild/freebsd-x64@0.25.12
2510 silly packumentCache full:https://registry.npmjs.org/@esbuild%2ffreebsd-x64 cache-miss
2511 silly fetch manifest @esbuild/linux-arm64@0.25.12
2512 silly packumentCache full:https://registry.npmjs.org/@esbuild%2flinux-arm64 cache-miss
2513 silly fetch manifest @esbuild/linux-ppc64@0.25.12
2514 silly packumentCache full:https://registry.npmjs.org/@esbuild%2flinux-ppc64 cache-miss
2515 silly fetch manifest @esbuild/linux-s390x@0.25.12
2516 silly packumentCache full:https://registry.npmjs.org/@esbuild%2flinux-s390x cache-miss
2517 silly fetch manifest @esbuild/openbsd-x64@0.25.12
2518 silly packumentCache full:https://registry.npmjs.org/@esbuild%2fopenbsd-x64 cache-miss
2519 silly fetch manifest @esbuild/win32-arm64@0.25.12
2520 silly packumentCache full:https://registry.npmjs.org/@esbuild%2fwin32-arm64 cache-miss
2521 silly fetch manifest @esbuild/darwin-arm64@0.25.12
2522 silly packumentCache full:https://registry.npmjs.org/@esbuild%2fdarwin-arm64 cache-miss
2523 silly fetch manifest @esbuild/netbsd-arm64@0.25.12
2524 silly packumentCache full:https://registry.npmjs.org/@esbuild%2fnetbsd-arm64 cache-miss
2525 http cache https://registry.npmjs.org/@esbuild%2faix-ppc64 15ms (cache hit)
2526 silly packumentCache full:https://registry.npmjs.org/@esbuild%2faix-ppc64 set size:64314 disposed:false
2527 silly fetch manifest @esbuild/android-arm64@0.25.12
2528 silly packumentCache full:https://registry.npmjs.org/@esbuild%2fandroid-arm64 cache-miss
2529 http cache https://registry.npmjs.org/@esbuild%2fwin32-x64 16ms (cache hit)
2530 silly packumentCache full:https://registry.npmjs.org/@esbuild%2fwin32-x64 set size:194073 disposed:false
2531 silly fetch manifest @esbuild/freebsd-arm64@0.25.12
2532 silly packumentCache full:https://registry.npmjs.org/@esbuild%2ffreebsd-arm64 cache-miss
2533 http cache https://registry.npmjs.org/@esbuild%2fdarwin-x64 17ms (cache hit)
2534 silly packumentCache full:https://registry.npmjs.org/@esbuild%2fdarwin-x64 set size:196195 disposed:false
2535 silly fetch manifest @esbuild/linux-loong64@0.25.12
2536 silly packumentCache full:https://registry.npmjs.org/@esbuild%2flinux-loong64 cache-miss
2537 http cache https://registry.npmjs.org/@esbuild%2flinux-arm 19ms (cache hit)
2538 silly packumentCache full:https://registry.npmjs.org/@esbuild%2flinux-arm set size:195140 disposed:false
2539 silly fetch manifest @esbuild/linux-riscv64@0.25.12
2540 silly packumentCache full:https://registry.npmjs.org/@esbuild%2flinux-riscv64 cache-miss
2541 http cache https://registry.npmjs.org/@esbuild%2fopenbsd-x64 18ms (cache hit)
2542 silly packumentCache full:https://registry.npmjs.org/@esbuild%2fopenbsd-x64 set size:197080 disposed:false
2543 silly fetch manifest @esbuild/openbsd-arm64@0.25.12
2544 silly packumentCache full:https://registry.npmjs.org/@esbuild%2fopenbsd-arm64 cache-miss
2545 http cache https://registry.npmjs.org/@esbuild%2fnetbsd-x64 20ms (cache hit)
2546 silly packumentCache full:https://registry.npmjs.org/@esbuild%2fnetbsd-x64 set size:193883 disposed:false
2547 silly fetch manifest @esbuild/linux-mips64el@0.25.12
2548 silly packumentCache full:https://registry.npmjs.org/@esbuild%2flinux-mips64el cache-miss
2549 http cache https://registry.npmjs.org/@esbuild%2ffreebsd-x64 21ms (cache hit)
2550 silly packumentCache full:https://registry.npmjs.org/@esbuild%2ffreebsd-x64 set size:197070 disposed:false
2551 silly fetch manifest @esbuild/openharmony-arm64@0.25.12
2552 silly packumentCache full:https://registry.npmjs.org/@esbuild%2fopenharmony-arm64 cache-miss
2553 http cache https://registry.npmjs.org/@esbuild%2fandroid-x64 22ms (cache hit)
2554 silly packumentCache full:https://registry.npmjs.org/@esbuild%2fandroid-x64 set size:195551 disposed:false
2555 silly fetch manifest @types/estree@1.0.8
2556 silly packumentCache full:https://registry.npmjs.org/@types%2festree cache-miss
2557 http cache https://registry.npmjs.org/@esbuild%2flinux-ia32 23ms (cache hit)
2558 silly packumentCache full:https://registry.npmjs.org/@esbuild%2flinux-ia32 set size:196150 disposed:false
2559 silly fetch manifest @rollup/rollup-darwin-arm64@4.60.3
2560 silly packumentCache full:https://registry.npmjs.org/@rollup%2frollup-darwin-arm64 cache-miss
2561 http cache https://registry.npmjs.org/@esbuild%2fsunos-x64 24ms (cache hit)
2562 silly packumentCache full:https://registry.npmjs.org/@esbuild%2fsunos-x64 set size:195721 disposed:false
2563 silly fetch manifest @rollup/rollup-android-arm64@4.60.3
2564 silly packumentCache full:https://registry.npmjs.org/@rollup%2frollup-android-arm64 cache-miss
2565 http cache https://registry.npmjs.org/@esbuild%2flinux-arm64 25ms (cache hit)
2566 silly packumentCache full:https://registry.npmjs.org/@esbuild%2flinux-arm64 set size:197274 disposed:false
2567 silly fetch manifest @rollup/rollup-win32-arm64-msvc@4.60.3
2568 silly packumentCache full:https://registry.npmjs.org/@rollup%2frollup-win32-arm64-msvc cache-miss
2569 http cache https://registry.npmjs.org/@esbuild%2flinux-ppc64 27ms (cache hit)
2570 silly packumentCache full:https://registry.npmjs.org/@esbuild%2flinux-ppc64 set size:199310 disposed:false
2571 silly fetch manifest @rollup/rollup-freebsd-arm64@4.60.3
2572 silly packumentCache full:https://registry.npmjs.org/@rollup%2frollup-freebsd-arm64 cache-miss
2573 http cache https://registry.npmjs.org/@esbuild%2flinux-x64 29ms (cache hit)
2574 silly packumentCache full:https://registry.npmjs.org/@esbuild%2flinux-x64 set size:195479 disposed:false
2575 silly fetch manifest @rollup/rollup-linux-arm64-gnu@4.60.3
2576 silly packumentCache full:https://registry.npmjs.org/@rollup%2frollup-linux-arm64-gnu cache-miss
2577 http cache https://registry.npmjs.org/@esbuild%2flinux-s390x 29ms (cache hit)
2578 silly packumentCache full:https://registry.npmjs.org/@esbuild%2flinux-s390x set size:198784 disposed:false
2579 silly fetch manifest @rollup/rollup-linux-arm64-musl@4.60.3
2580 silly packumentCache full:https://registry.npmjs.org/@rollup%2frollup-linux-arm64-musl cache-miss
2581 http cache https://registry.npmjs.org/@esbuild%2fdarwin-arm64 29ms (cache hit)
2582 silly packumentCache full:https://registry.npmjs.org/@esbuild%2fdarwin-arm64 set size:197958 disposed:false
2583 silly fetch manifest @rollup/rollup-android-arm-eabi@4.60.3
2584 silly packumentCache full:https://registry.npmjs.org/@rollup%2frollup-android-arm-eabi cache-miss
2585 http cache https://registry.npmjs.org/@esbuild%2fwin32-arm64 31ms (cache hit)
2586 silly packumentCache full:https://registry.npmjs.org/@esbuild%2fwin32-arm64 set size:197504 disposed:false
2587 silly fetch manifest @rollup/rollup-linux-arm-gnueabihf@4.60.3
2588 silly packumentCache full:https://registry.npmjs.org/@rollup%2frollup-linux-arm-gnueabihf cache-miss
2589 http cache https://registry.npmjs.org/@esbuild%2fandroid-arm 35ms (cache hit)
2590 silly packumentCache full:https://registry.npmjs.org/@esbuild%2fandroid-arm set size:221749 disposed:false
2591 silly fetch manifest @rollup/rollup-linux-arm-musleabihf@4.60.3
2592 silly packumentCache full:https://registry.npmjs.org/@rollup%2frollup-linux-arm-musleabihf cache-miss
2593 http cache https://registry.npmjs.org/@esbuild%2fnetbsd-arm64 35ms (cache hit)
2594 silly packumentCache full:https://registry.npmjs.org/@esbuild%2fnetbsd-arm64 set size:40794 disposed:false
2595 silly fetch manifest @rollup/rollup-win32-ia32-msvc@4.60.3
2596 silly packumentCache full:https://registry.npmjs.org/@rollup%2frollup-win32-ia32-msvc cache-miss
2597 http cache https://registry.npmjs.org/@esbuild%2fwin32-ia32 37ms (cache hit)
2598 silly packumentCache full:https://registry.npmjs.org/@esbuild%2fwin32-ia32 set size:196374 disposed:false
2599 silly fetch manifest @rollup/rollup-linux-loong64-gnu@4.60.3
2600 silly packumentCache full:https://registry.npmjs.org/@rollup%2frollup-linux-loong64-gnu cache-miss
2601 http cache https://registry.npmjs.org/@esbuild%2fandroid-arm64 29ms (cache hit)
2602 silly packumentCache full:https://registry.npmjs.org/@esbuild%2fandroid-arm64 set size:200684 disposed:false
2603 silly fetch manifest @rollup/rollup-linux-loong64-musl@4.60.3
2604 silly packumentCache full:https://registry.npmjs.org/@rollup%2frollup-linux-loong64-musl cache-miss
2605 http cache https://registry.npmjs.org/@esbuild%2ffreebsd-arm64 29ms (cache hit)
2606 silly packumentCache full:https://registry.npmjs.org/@esbuild%2ffreebsd-arm64 set size:198853 disposed:false
2607 silly fetch manifest @rollup/rollup-linux-riscv64-gnu@4.60.3
2608 silly packumentCache full:https://registry.npmjs.org/@rollup%2frollup-linux-riscv64-gnu cache-miss
2609 http cache https://registry.npmjs.org/@esbuild%2flinux-riscv64 28ms (cache hit)
2610 silly packumentCache full:https://registry.npmjs.org/@esbuild%2flinux-riscv64 set size:198981 disposed:false
2611 silly fetch manifest @rollup/rollup-linux-riscv64-musl@4.60.3
2612 silly packumentCache full:https://registry.npmjs.org/@rollup%2frollup-linux-riscv64-musl cache-miss
2613 http cache https://registry.npmjs.org/@esbuild%2flinux-loong64 30ms (cache hit)
2614 silly packumentCache full:https://registry.npmjs.org/@esbuild%2flinux-loong64 set size:252211 disposed:false
2615 silly fetch manifest @rollup/rollup-linux-ppc64-gnu@4.60.3
2616 silly packumentCache full:https://registry.npmjs.org/@rollup%2frollup-linux-ppc64-gnu cache-miss
2617 http cache https://registry.npmjs.org/@esbuild%2fopenharmony-arm64 27ms (cache hit)
2618 silly packumentCache full:https://registry.npmjs.org/@esbuild%2fopenharmony-arm64 set size:29494 disposed:false
2619 silly fetch manifest @rollup/rollup-linux-ppc64-musl@4.60.3
2620 silly packumentCache full:https://registry.npmjs.org/@rollup%2frollup-linux-ppc64-musl cache-miss
2621 http cache https://registry.npmjs.org/@esbuild%2fopenbsd-arm64 30ms (cache hit)
2622 silly packumentCache full:https://registry.npmjs.org/@esbuild%2fopenbsd-arm64 set size:46111 disposed:false
2623 silly fetch manifest @rollup/rollup-linux-s390x-gnu@4.60.3
2624 silly packumentCache full:https://registry.npmjs.org/@rollup%2frollup-linux-s390x-gnu cache-miss
2625 http cache https://registry.npmjs.org/@esbuild%2flinux-mips64el 30ms (cache hit)
2626 silly packumentCache full:https://registry.npmjs.org/@esbuild%2flinux-mips64el set size:201062 disposed:false
2627 silly fetch manifest @rollup/rollup-darwin-x64@4.60.3
2628 silly packumentCache full:https://registry.npmjs.org/@rollup%2frollup-darwin-x64 cache-miss
2629 http cache https://registry.npmjs.org/@types%2festree 30ms (cache hit)
2630 silly packumentCache full:https://registry.npmjs.org/@types%2festree set size:76072 disposed:false
2631 silly fetch manifest @rollup/rollup-win32-x64-gnu@4.60.3
2632 silly packumentCache full:https://registry.npmjs.org/@rollup%2frollup-win32-x64-gnu cache-miss
2633 http fetch GET 200 https://registry.npmjs.org/@rollup%2frollup-linux-arm-gnueabihf 56ms (cache miss)
2634 silly packumentCache full:https://registry.npmjs.org/@rollup%2frollup-linux-arm-gnueabihf set size:undefined disposed:false
2635 silly fetch manifest @rollup/rollup-win32-x64-msvc@4.60.3
2636 silly packumentCache full:https://registry.npmjs.org/@rollup%2frollup-win32-x64-msvc cache-miss
2637 http fetch GET 200 https://registry.npmjs.org/@rollup%2frollup-darwin-arm64 70ms (cache miss)
2638 silly packumentCache full:https://registry.npmjs.org/@rollup%2frollup-darwin-arm64 set size:undefined disposed:false
2639 silly fetch manifest @rollup/rollup-freebsd-x64@4.60.3
2640 silly packumentCache full:https://registry.npmjs.org/@rollup%2frollup-freebsd-x64 cache-miss
2641 http fetch GET 200 https://registry.npmjs.org/@rollup%2frollup-linux-arm-musleabihf 63ms (cache miss)
2642 silly packumentCache full:https://registry.npmjs.org/@rollup%2frollup-linux-arm-musleabihf set size:undefined disposed:false
2643 silly fetch manifest @rollup/rollup-linux-x64-gnu@4.60.3
2644 silly packumentCache full:https://registry.npmjs.org/@rollup%2frollup-linux-x64-gnu cache-miss
2645 http fetch GET 200 https://registry.npmjs.org/@rollup%2frollup-linux-loong64-musl 61ms (cache miss)
2646 silly packumentCache full:https://registry.npmjs.org/@rollup%2frollup-linux-loong64-musl set size:undefined disposed:false
2647 silly fetch manifest @rollup/rollup-linux-x64-musl@4.60.3
2648 silly packumentCache full:https://registry.npmjs.org/@rollup%2frollup-linux-x64-musl cache-miss
2649 http fetch GET 200 https://registry.npmjs.org/@rollup%2frollup-freebsd-arm64 81ms (cache miss)
2650 silly packumentCache full:https://registry.npmjs.org/@rollup%2frollup-freebsd-arm64 set size:undefined disposed:false
2651 silly fetch manifest @rollup/rollup-openbsd-x64@4.60.3
2652 silly packumentCache full:https://registry.npmjs.org/@rollup%2frollup-openbsd-x64 cache-miss
2653 http fetch GET 200 https://registry.npmjs.org/@rollup%2frollup-linux-arm64-gnu 83ms (cache miss)
2654 silly packumentCache full:https://registry.npmjs.org/@rollup%2frollup-linux-arm64-gnu set size:undefined disposed:false
2655 silly fetch manifest @rollup/rollup-openharmony-arm64@4.60.3
2656 silly packumentCache full:https://registry.npmjs.org/@rollup%2frollup-openharmony-arm64 cache-miss
2657 http fetch GET 200 https://registry.npmjs.org/@rollup%2frollup-win32-arm64-msvc 86ms (cache miss)
2658 silly packumentCache full:https://registry.npmjs.org/@rollup%2frollup-win32-arm64-msvc set size:undefined disposed:false
2659 http fetch GET 200 https://registry.npmjs.org/@rollup%2frollup-android-arm-eabi 83ms (cache miss)
2660 silly packumentCache full:https://registry.npmjs.org/@rollup%2frollup-android-arm-eabi set size:undefined disposed:false
2661 http fetch GET 200 https://registry.npmjs.org/@rollup%2frollup-android-arm64 93ms (cache miss)
2662 silly packumentCache full:https://registry.npmjs.org/@rollup%2frollup-android-arm64 set size:undefined disposed:false
2663 http fetch GET 200 https://registry.npmjs.org/@rollup%2frollup-linux-riscv64-musl 76ms (cache miss)
2664 silly packumentCache full:https://registry.npmjs.org/@rollup%2frollup-linux-riscv64-musl set size:undefined disposed:false
2665 http fetch GET 200 https://registry.npmjs.org/@rollup%2frollup-linux-ppc64-gnu 76ms (cache miss)
2666 silly packumentCache full:https://registry.npmjs.org/@rollup%2frollup-linux-ppc64-gnu set size:undefined disposed:false
2667 http fetch GET 200 https://registry.npmjs.org/@rollup%2frollup-linux-riscv64-gnu 79ms (cache miss)
2668 silly packumentCache full:https://registry.npmjs.org/@rollup%2frollup-linux-riscv64-gnu set size:undefined disposed:false
2669 http fetch GET 200 https://registry.npmjs.org/@rollup%2frollup-win32-ia32-msvc 90ms (cache miss)
2670 silly packumentCache full:https://registry.npmjs.org/@rollup%2frollup-win32-ia32-msvc set size:undefined disposed:false
2671 http fetch GET 200 https://registry.npmjs.org/@rollup%2frollup-linux-arm64-musl 99ms (cache miss)
2672 silly packumentCache full:https://registry.npmjs.org/@rollup%2frollup-linux-arm64-musl set size:undefined disposed:false
2673 http fetch GET 200 https://registry.npmjs.org/@rollup%2frollup-linux-loong64-gnu 95ms (cache miss)
2674 silly packumentCache full:https://registry.npmjs.org/@rollup%2frollup-linux-loong64-gnu set size:undefined disposed:false
2675 http fetch GET 200 https://registry.npmjs.org/@rollup%2frollup-linux-ppc64-musl 93ms (cache miss)
2676 silly packumentCache full:https://registry.npmjs.org/@rollup%2frollup-linux-ppc64-musl set size:undefined disposed:false
2677 http fetch GET 200 https://registry.npmjs.org/@rollup%2frollup-win32-x64-gnu 102ms (cache miss)
2678 silly packumentCache full:https://registry.npmjs.org/@rollup%2frollup-win32-x64-gnu set size:undefined disposed:false
2679 http fetch GET 200 https://registry.npmjs.org/@rollup%2frollup-darwin-x64 105ms (cache miss)
2680 silly packumentCache full:https://registry.npmjs.org/@rollup%2frollup-darwin-x64 set size:undefined disposed:false
2681 http fetch GET 200 https://registry.npmjs.org/@rollup%2frollup-linux-s390x-gnu 108ms (cache miss)
2682 silly packumentCache full:https://registry.npmjs.org/@rollup%2frollup-linux-s390x-gnu set size:undefined disposed:false
2683 http fetch GET 200 https://registry.npmjs.org/@rollup%2frollup-win32-x64-msvc 71ms (cache miss)
2684 silly packumentCache full:https://registry.npmjs.org/@rollup%2frollup-win32-x64-msvc set size:undefined disposed:false
2685 http fetch GET 200 https://registry.npmjs.org/@rollup%2frollup-freebsd-x64 69ms (cache miss)
2686 silly packumentCache full:https://registry.npmjs.org/@rollup%2frollup-freebsd-x64 set size:undefined disposed:false
2687 http fetch GET 200 https://registry.npmjs.org/@rollup%2frollup-openbsd-x64 62ms (cache miss)
2688 silly packumentCache full:https://registry.npmjs.org/@rollup%2frollup-openbsd-x64 set size:undefined disposed:false
2689 http fetch GET 200 https://registry.npmjs.org/@rollup%2frollup-linux-x64-musl 66ms (cache miss)
2690 silly packumentCache full:https://registry.npmjs.org/@rollup%2frollup-linux-x64-musl set size:undefined disposed:false
2691 http fetch GET 200 https://registry.npmjs.org/@rollup%2frollup-linux-x64-gnu 75ms (cache miss)
2692 silly packumentCache full:https://registry.npmjs.org/@rollup%2frollup-linux-x64-gnu set size:undefined disposed:false
2693 http fetch GET 200 https://registry.npmjs.org/@rollup%2frollup-openharmony-arm64 68ms (cache miss)
2694 silly packumentCache full:https://registry.npmjs.org/@rollup%2frollup-openharmony-arm64 set size:undefined disposed:false
2695 silly placeDep ROOT @rollup/rollup-android-arm-eabi@4.60.3 OK for: rollup@4.60.3 want: 4.60.3
2696 silly placeDep ROOT @rollup/rollup-android-arm64@4.60.3 OK for: rollup@4.60.3 want: 4.60.3
2697 silly placeDep ROOT @rollup/rollup-darwin-arm64@4.60.3 OK for: rollup@4.60.3 want: 4.60.3
2698 silly placeDep ROOT @rollup/rollup-darwin-x64@4.60.3 OK for: rollup@4.60.3 want: 4.60.3
2699 silly placeDep ROOT @rollup/rollup-freebsd-arm64@4.60.3 OK for: rollup@4.60.3 want: 4.60.3
2700 silly placeDep ROOT @rollup/rollup-freebsd-x64@4.60.3 OK for: rollup@4.60.3 want: 4.60.3
2701 silly placeDep ROOT @rollup/rollup-linux-arm-gnueabihf@4.60.3 OK for: rollup@4.60.3 want: 4.60.3
2702 silly placeDep ROOT @rollup/rollup-linux-arm-musleabihf@4.60.3 OK for: rollup@4.60.3 want: 4.60.3
2703 silly placeDep ROOT @rollup/rollup-linux-arm64-gnu@4.60.3 OK for: rollup@4.60.3 want: 4.60.3
2704 silly placeDep ROOT @rollup/rollup-linux-arm64-musl@4.60.3 OK for: rollup@4.60.3 want: 4.60.3
2705 silly placeDep ROOT @rollup/rollup-linux-loong64-gnu@4.60.3 OK for: rollup@4.60.3 want: 4.60.3
2706 silly placeDep ROOT @rollup/rollup-linux-loong64-musl@4.60.3 OK for: rollup@4.60.3 want: 4.60.3
2707 silly placeDep ROOT @rollup/rollup-linux-ppc64-gnu@4.60.3 OK for: rollup@4.60.3 want: 4.60.3
2708 silly placeDep ROOT @rollup/rollup-linux-ppc64-musl@4.60.3 OK for: rollup@4.60.3 want: 4.60.3
2709 silly placeDep ROOT @rollup/rollup-linux-riscv64-gnu@4.60.3 OK for: rollup@4.60.3 want: 4.60.3
2710 silly placeDep ROOT @rollup/rollup-linux-riscv64-musl@4.60.3 OK for: rollup@4.60.3 want: 4.60.3
2711 silly placeDep ROOT @rollup/rollup-linux-s390x-gnu@4.60.3 OK for: rollup@4.60.3 want: 4.60.3
2712 silly placeDep ROOT @rollup/rollup-linux-x64-gnu@4.60.3 OK for: rollup@4.60.3 want: 4.60.3
2713 silly placeDep ROOT @rollup/rollup-linux-x64-musl@4.60.3 OK for: rollup@4.60.3 want: 4.60.3
2714 silly placeDep ROOT @rollup/rollup-openbsd-x64@4.60.3 OK for: rollup@4.60.3 want: 4.60.3
2715 silly placeDep ROOT @rollup/rollup-openharmony-arm64@4.60.3 OK for: rollup@4.60.3 want: 4.60.3
2716 silly placeDep ROOT @rollup/rollup-win32-arm64-msvc@4.60.3 OK for: rollup@4.60.3 want: 4.60.3
2717 silly placeDep ROOT @rollup/rollup-win32-ia32-msvc@4.60.3 OK for: rollup@4.60.3 want: 4.60.3
2718 silly placeDep ROOT @rollup/rollup-win32-x64-gnu@4.60.3 OK for: rollup@4.60.3 want: 4.60.3
2719 silly placeDep ROOT @rollup/rollup-win32-x64-msvc@4.60.3 OK for: rollup@4.60.3 want: 4.60.3
2720 silly placeDep node_modules/rollup @types/estree@1.0.8 OK for: rollup@4.60.3 want: 1.0.8
2721 silly placeDep node_modules/csso mdn-data@2.0.28 OK for: css-tree@2.2.1 want: 2.0.28
2722 silly placeDep node_modules/astro @esbuild/aix-ppc64@0.25.12 OK for: esbuild@0.25.12 want: 0.25.12
2723 silly placeDep node_modules/astro @esbuild/android-arm@0.25.12 OK for: esbuild@0.25.12 want: 0.25.12
2724 silly placeDep node_modules/astro @esbuild/android-arm64@0.25.12 OK for: esbuild@0.25.12 want: 0.25.12
2725 silly placeDep node_modules/astro @esbuild/android-x64@0.25.12 OK for: esbuild@0.25.12 want: 0.25.12
2726 silly placeDep node_modules/astro @esbuild/darwin-arm64@0.25.12 OK for: esbuild@0.25.12 want: 0.25.12
2727 silly placeDep node_modules/astro @esbuild/darwin-x64@0.25.12 OK for: esbuild@0.25.12 want: 0.25.12
2728 silly placeDep node_modules/astro @esbuild/freebsd-arm64@0.25.12 OK for: esbuild@0.25.12 want: 0.25.12
2729 silly placeDep node_modules/astro @esbuild/freebsd-x64@0.25.12 OK for: esbuild@0.25.12 want: 0.25.12
2730 silly placeDep node_modules/astro @esbuild/linux-arm@0.25.12 OK for: esbuild@0.25.12 want: 0.25.12
2731 silly placeDep node_modules/astro @esbuild/linux-arm64@0.25.12 OK for: esbuild@0.25.12 want: 0.25.12
2732 silly placeDep node_modules/astro @esbuild/linux-ia32@0.25.12 OK for: esbuild@0.25.12 want: 0.25.12
2733 silly placeDep node_modules/astro @esbuild/linux-loong64@0.25.12 OK for: esbuild@0.25.12 want: 0.25.12
2734 silly placeDep node_modules/astro @esbuild/linux-mips64el@0.25.12 OK for: esbuild@0.25.12 want: 0.25.12
2735 silly placeDep node_modules/astro @esbuild/linux-ppc64@0.25.12 OK for: esbuild@0.25.12 want: 0.25.12
2736 silly placeDep node_modules/astro @esbuild/linux-riscv64@0.25.12 OK for: esbuild@0.25.12 want: 0.25.12
2737 silly placeDep node_modules/astro @esbuild/linux-s390x@0.25.12 OK for: esbuild@0.25.12 want: 0.25.12
2738 silly placeDep node_modules/astro @esbuild/linux-x64@0.25.12 OK for: esbuild@0.25.12 want: 0.25.12
2739 silly placeDep node_modules/astro @esbuild/netbsd-arm64@0.25.12 OK for: esbuild@0.25.12 want: 0.25.12
2740 silly placeDep node_modules/astro @esbuild/netbsd-x64@0.25.12 OK for: esbuild@0.25.12 want: 0.25.12
2741 silly placeDep node_modules/astro @esbuild/openbsd-arm64@0.25.12 OK for: esbuild@0.25.12 want: 0.25.12
2742 silly placeDep node_modules/astro @esbuild/openbsd-x64@0.25.12 OK for: esbuild@0.25.12 want: 0.25.12
2743 silly placeDep node_modules/astro @esbuild/openharmony-arm64@0.25.12 OK for: esbuild@0.25.12 want: 0.25.12
2744 silly placeDep node_modules/astro @esbuild/sunos-x64@0.25.12 OK for: esbuild@0.25.12 want: 0.25.12
2745 silly placeDep node_modules/astro @esbuild/win32-arm64@0.25.12 OK for: esbuild@0.25.12 want: 0.25.12
2746 silly placeDep node_modules/astro @esbuild/win32-ia32@0.25.12 OK for: esbuild@0.25.12 want: 0.25.12
2747 silly placeDep node_modules/astro @esbuild/win32-x64@0.25.12 OK for: esbuild@0.25.12 want: 0.25.12
2748 silly reify moves {}
2749 verbose reify failed optional dependency C:\Users\Risix\Desktop\Projects\RamirezLandscaping\tmp-lockcheck\node_modules\@tailwindcss\oxide-wasm32-wasi
2750 silly reify mark deleted [
2750 silly reify   'C:\\Users\\Risix\\Desktop\\Projects\\RamirezLandscaping\\tmp-lockcheck\\node_modules\\@tailwindcss\\oxide-wasm32-wasi'
2750 silly reify ]
2751 silly audit bulk request {
2751 silly audit   '@astrojs/sitemap': [ '3.7.2' ],
2751 silly audit   '@tailwindcss/vite': [ '4.3.0' ],
2751 silly audit   vite: [ '8.0.11', '6.4.2' ],
2751 silly audit   astro: [ '5.18.1' ],
2751 silly audit   playwright: [ '1.59.1' ],
2751 silly audit   tailwindcss: [ '4.3.0' ],
2751 silly audit   sitemap: [ '9.0.1' ],
2751 silly audit   'stream-replace-string': [ '2.0.0' ],
2751 silly audit   zod: [ '4.4.3', '3.25.76' ],
2751 silly audit   '@tailwindcss/node': [ '4.3.0' ],
2751 silly audit   '@tailwindcss/oxide': [ '4.3.0' ],
2751 silly audit   '@jridgewell/remapping': [ '2.3.5' ],
2751 silly audit   'enhanced-resolve': [ '5.21.2' ],
2751 silly audit   jiti: [ '2.7.0' ],
2751 silly audit   lightningcss: [ '1.32.0' ],
2751 silly audit   'magic-string': [ '0.30.21' ],
2751 silly audit   'source-map-js': [ '1.2.1' ],
2751 silly audit   '@jridgewell/gen-mapping': [ '0.3.13' ],
2751 silly audit   '@jridgewell/trace-mapping': [ '0.3.31' ],
2751 silly audit   '@jridgewell/sourcemap-codec': [ '1.5.5' ],
2751 silly audit   '@jridgewell/resolve-uri': [ '3.1.2' ],
2751 silly audit   '@tailwindcss/oxide-android-arm64': [ '4.3.0' ],
2751 silly audit   '@tailwindcss/oxide-darwin-arm64': [ '4.3.0' ],
2751 silly audit   '@tailwindcss/oxide-darwin-x64': [ '4.3.0' ],
2751 silly audit   '@tailwindcss/oxide-freebsd-x64': [ '4.3.0' ],
2751 silly audit   '@tailwindcss/oxide-linux-arm-gnueabihf': [ '4.3.0' ],
2751 silly audit   '@tailwindcss/oxide-linux-arm64-gnu': [ '4.3.0' ],
2751 silly audit   '@tailwindcss/oxide-linux-arm64-musl': [ '4.3.0' ],
2751 silly audit   '@tailwindcss/oxide-linux-x64-gnu': [ '4.3.0' ],
2751 silly audit   '@tailwindcss/oxide-linux-x64-musl': [ '4.3.0' ],
2751 silly audit   '@tailwindcss/oxide-win32-arm64-msvc': [ '4.3.0' ],
2751 silly audit   '@tailwindcss/oxide-win32-x64-msvc': [ '4.3.0' ],
2751 silly audit   '@astrojs/compiler': [ '2.13.1' ],
2751 silly audit   '@astrojs/internal-helpers': [ '0.7.6' ],
2751 silly audit   '@astrojs/markdown-remark': [ '6.3.11' ],
2751 silly audit   '@astrojs/telemetry': [ '3.3.0' ],
2751 silly audit   '@capsizecss/unpack': [ '4.0.0' ],
2751 silly audit   '@oslojs/encoding': [ '1.1.0' ],
2751 silly audit   '@rollup/pluginutils': [ '5.3.0' ],
2751 silly audit   acorn: [ '8.16.0' ],
2751 silly audit   'aria-query': [ '5.3.2' ],
2751 silly audit   'axobject-query': [ '4.1.0' ],
2751 silly audit   boxen: [ '8.0.1' ],
2751 silly audit   'ci-info': [ '4.4.0' ],
2751 silly audit   clsx: [ '2.1.1' ],
2751 silly audit   'common-ancestor-path': [ '1.0.1' ],
2751 silly audit   cookie: [ '1.1.1' ],
2751 silly audit   cssesc: [ '3.0.0' ],
2751 silly audit   debug: [ '4.4.3' ],
2751 silly audit   'deterministic-object-hash': [ '2.0.2' ],
2751 silly audit   devalue: [ '5.8.0' ],
2751 silly audit   diff: [ '8.0.4' ],
2751 silly audit   dlv: [ '1.1.3' ],
2751 silly audit   dset: [ '3.1.4' ],
2751 silly audit   'es-module-lexer': [ '1.7.0' ],
2751 silly audit   esbuild: [ '0.27.7', '0.25.12' ],
2751 silly audit   'estree-walker': [ '3.0.3', '2.0.2' ],
2751 silly audit   flattie: [ '1.1.1' ],
2751 silly audit   fontace: [ '0.4.1' ],
2751 silly audit   'github-slugger': [ '2.0.0' ],
2751 silly audit   'html-escaper': [ '3.0.3' ],
2751 silly audit   'http-cache-semantics': [ '4.2.0' ],
2751 silly audit   'import-meta-resolve': [ '4.2.0' ],
2751 silly audit   'js-yaml': [ '4.1.1' ],
2751 silly audit   magicast: [ '0.5.2' ],
2751 silly audit   mrmime: [ '2.0.1' ],
2751 silly audit   neotraverse: [ '0.6.18' ],
2751 silly audit   'p-limit': [ '6.2.0' ],
2751 silly audit   'p-queue': [ '8.1.1' ],
2751 silly audit   'package-manager-detector': [ '1.6.0' ],
2751 silly audit   piccolore: [ '0.1.3' ],
2751 silly audit   picomatch: [ '4.0.4', '2.3.2' ],
2751 silly audit   prompts: [ '2.4.2' ],
2751 silly audit   rehype: [ '13.0.2' ],
2751 silly audit   semver: [ '7.8.0' ],
2751 silly audit   sharp: [ '0.34.5' ],
2751 silly audit   shiki: [ '3.23.0' ],
2751 silly audit   'smol-toml': [ '1.6.1' ],
2751 silly audit   svgo: [ '4.0.1' ],
2751 silly audit   tinyexec: [ '1.1.2' ],
2751 silly audit   tinyglobby: [ '0.2.16' ],
2751 silly audit   tsconfck: [ '3.1.6' ],
2751 silly audit   ultrahtml: [ '1.6.0' ],
2751 silly audit   unifont: [ '0.7.4' ],
2751 silly audit   'unist-util-visit': [ '5.1.0' ],
2751 silly audit   unstorage: [ '1.17.5' ],
2751 silly audit   vfile: [ '6.0.3' ],
2751 silly audit   vitefu: [ '1.1.3' ],
2751 silly audit   'xxhash-wasm': [ '1.1.0' ],
2751 silly audit   'yargs-parser': [ '21.1.1' ],
2751 silly audit   'yocto-spinner': [ '0.2.3' ],
2751 silly audit   'zod-to-json-schema': [ '3.25.2' ],
2751 silly audit   'zod-to-ts': [ '1.2.0' ],
2751 silly audit   typescript: [ '5.9.3' ],
2751 silly audit   '@astrojs/prism': [ '3.3.0' ],
2751 silly audit   'hast-util-from-html': [ '2.0.3' ],
2751 silly audit   'hast-util-to-text': [ '4.0.2' ],
2751 silly audit   'mdast-util-definitions': [ '6.0.0' ],
2751 silly audit   'rehype-raw': [ '7.0.0' ],
2751 silly audit   'rehype-stringify': [ '10.0.1' ],
2751 silly audit   'remark-gfm': [ '4.0.1' ],
2751 silly audit   'remark-parse': [ '11.0.0' ],
2751 silly audit   'remark-rehype': [ '11.1.2' ],
2751 silly audit   'remark-smartypants': [ '3.0.2' ],
2751 silly audit   unified: [ '11.0.5' ],
2751 silly audit   'unist-util-remove-position': [ '5.0.0' ],
2751 silly audit   'unist-util-visit-parents': [ '6.0.2' ],
2751 silly audit   prismjs: [ '1.30.0' ],
2751 silly audit   'is-docker': [ '3.0.0' ],
2751 silly audit   'is-wsl': [ '3.1.1' ],
2751 silly audit   'which-pm-runs': [ '1.1.0' ],
2751 silly audit   fontkitten: [ '1.0.3' ],
2751 silly audit   '@types/estree': [ '1.0.9', '1.0.8' ],
2751 silly audit   'ansi-align': [ '3.0.1' ],
2751 silly audit   camelcase: [ '8.0.0' ],
2751 silly audit   chalk: [ '5.6.2' ],
2751 silly audit   'cli-boxes': [ '3.0.0' ],
2751 silly audit   'string-width': [ '7.2.0', '4.2.3' ],
2751 silly audit   'type-fest': [ '4.41.0' ],
2751 silly audit   'widest-line': [ '5.0.0' ],
2751 silly audit   'wrap-ansi': [ '9.0.2' ],
2751 silly audit   ms: [ '2.1.3' ],
2751 silly audit   'base-64': [ '1.0.0' ],
2751 silly audit   'graceful-fs': [ '4.2.11' ],
2751 silly audit   tapable: [ '2.3.3' ],
2751 silly audit   '@esbuild/aix-ppc64': [ '0.27.7', '0.25.12' ],
2751 silly audit   '@esbuild/android-arm': [ '0.27.7', '0.25.12' ],
2751 silly audit   '@esbuild/android-arm64': [ '0.27.7', '0.25.12' ],
2751 silly audit   '@esbuild/android-x64': [ '0.27.7', '0.25.12' ],
2751 silly audit   '@esbuild/darwin-arm64': [ '0.27.7', '0.25.12' ],
2751 silly audit   '@esbuild/darwin-x64': [ '0.27.7', '0.25.12' ],
2751 silly audit   '@esbuild/freebsd-arm64': [ '0.27.7', '0.25.12' ],
2751 silly audit   '@esbuild/freebsd-x64': [ '0.27.7', '0.25.12' ],
2751 silly audit   '@esbuild/linux-arm': [ '0.27.7', '0.25.12' ],
2751 silly audit   '@esbuild/linux-arm64': [ '0.27.7', '0.25.12' ],
2751 silly audit   '@esbuild/linux-ia32': [ '0.27.7', '0.25.12' ],
2751 silly audit   '@esbuild/linux-loong64': [ '0.27.7', '0.25.12' ],
2751 silly audit   '@esbuild/linux-mips64el': [ '0.27.7', '0.25.12' ],
2751 silly audit   '@esbuild/linux-ppc64': [ '0.27.7', '0.25.12' ],
2751 silly audit   '@esbuild/linux-riscv64': [ '0.27.7', '0.25.12' ],
2751 silly audit   '@esbuild/linux-s390x': [ '0.27.7', '0.25.12' ],
2751 silly audit   '@esbuild/linux-x64': [ '0.27.7', '0.25.12' ],
2751 silly audit   '@esbuild/netbsd-arm64': [ '0.27.7', '0.25.12' ],
2751 silly audit   '@esbuild/netbsd-x64': [ '0.27.7', '0.25.12' ],
2751 silly audit   '@esbuild/openbsd-arm64': [ '0.27.7', '0.25.12' ],
2751 silly audit   '@esbuild/openbsd-x64': [ '0.27.7', '0.25.12' ],
2751 silly audit   '@esbuild/openharmony-arm64': [ '0.27.7', '0.25.12' ],
2751 silly audit   '@esbuild/sunos-x64': [ '0.27.7', '0.25.12' ],
2751 silly audit   '@esbuild/win32-arm64': [ '0.27.7', '0.25.12' ],
2751 silly audit   '@esbuild/win32-ia32': [ '0.27.7', '0.25.12' ],
2751 silly audit   '@esbuild/win32-x64': [ '0.27.7', '0.25.12' ],
2751 silly audit   'tiny-inflate': [ '1.0.3' ],
2751 silly audit   '@types/hast': [ '3.0.4' ],
2751 silly audit   devlop: [ '1.1.0' ],
2751 silly audit   'hast-util-from-parse5': [ '8.0.3' ],
2751 silly audit   parse5: [ '7.3.0' ],
2751 silly audit   'vfile-message': [ '4.0.3' ],
2751 silly audit   '@types/unist': [ '3.0.3' ],
2751 silly audit   dequal: [ '2.0.3' ],
2751 silly audit   hastscript: [ '9.0.1' ],
2751 silly audit   'property-information': [ '7.1.0' ],
2751 silly audit   'vfile-location': [ '5.0.3' ],
2751 silly audit   'web-namespaces': [ '2.0.1' ],
2751 silly audit   'hast-util-is-element': [ '3.0.0' ],
2751 silly audit   'unist-util-find-after': [ '5.0.0' ],
2751 silly audit   'comma-separated-tokens': [ '2.0.3' ],
2751 silly audit   'hast-util-parse-selector': [ '4.0.0' ],
2751 silly audit   'space-separated-tokens': [ '2.0.2' ],
2751 silly audit   'is-inside-container': [ '1.0.0' ],
2751 silly audit   argparse: [ '2.0.1' ],
2751 silly audit   'detect-libc': [ '2.1.2' ],
2751 silly audit   'lightningcss-android-arm64': [ '1.32.0' ],
2751 silly audit   'lightningcss-darwin-arm64': [ '1.32.0' ],
2751 silly audit   'lightningcss-darwin-x64': [ '1.32.0' ],
2751 silly audit   'lightningcss-freebsd-x64': [ '1.32.0' ],
2751 silly audit   'lightningcss-linux-arm-gnueabihf': [ '1.32.0' ],
2751 silly audit   'lightningcss-linux-arm64-gnu': [ '1.32.0' ],
2751 silly audit   'lightningcss-linux-arm64-musl': [ '1.32.0' ],
2751 silly audit   'lightningcss-linux-x64-gnu': [ '1.32.0' ],
2751 silly audit   'lightningcss-linux-x64-musl': [ '1.32.0' ],
2751 silly audit   'lightningcss-win32-arm64-msvc': [ '1.32.0' ],
2751 silly audit   'lightningcss-win32-x64-msvc': [ '1.32.0' ],
2751 silly audit   '@babel/parser': [ '7.29.3' ],
2751 silly audit   '@babel/types': [ '7.29.0' ],
2751 silly audit   '@babel/helper-string-parser': [ '7.27.1' ],
2751 silly audit   '@babel/helper-validator-identifier': [ '7.28.5' ],
2751 silly audit   '@types/mdast': [ '4.0.4' ],
2751 silly audit   'yocto-queue': [ '1.2.2' ],
2751 silly audit   eventemitter3: [ '5.0.4' ],
2751 silly audit   'p-timeout': [ '6.1.4' ],
2751 silly audit   entities: [ '6.0.1', '4.5.0' ],
2751 silly audit   fsevents: [ '2.3.2', '2.3.3' ],
2751 silly audit   'playwright-core': [ '1.59.1' ],
2751 silly audit   kleur: [ '3.0.3' ],
2751 silly audit   sisteransi: [ '1.0.5' ],
2751 silly audit   'rehype-parse': [ '9.0.1' ],
2751 silly audit   'hast-util-raw': [ '9.1.0' ],
2751 silly audit   '@ungap/structured-clone': [ '1.3.1' ],
2751 silly audit   'hast-util-to-parse5': [ '8.0.1' ],
2751 silly audit   'html-void-elements': [ '3.0.0' ],
2751 silly audit   'mdast-util-to-hast': [ '13.2.1' ],
2751 silly audit   'unist-util-position': [ '5.0.0' ],
2751 silly audit   zwitch: [ '2.0.4' ],
2751 silly audit   'micromark-util-sanitize-uri': [ '2.0.1' ],
2751 silly audit   'trim-lines': [ '3.0.1' ],
2751 silly audit   'micromark-util-character': [ '2.1.1' ],
2751 silly audit   'micromark-util-encode': [ '2.0.1' ],
2751 silly audit   'micromark-util-symbol': [ '2.0.1' ],
2751 silly audit   'micromark-util-types': [ '2.0.2' ],
2751 silly audit   'hast-util-to-html': [ '9.0.5' ],
2751 silly audit   ccount: [ '2.0.1' ],
2751 silly audit   'hast-util-whitespace': [ '3.0.0' ],
2751 silly audit   'stringify-entities': [ '4.0.4' ],
2751 silly audit   'mdast-util-gfm': [ '3.1.0' ],
2751 silly audit   'micromark-extension-gfm': [ '3.0.0' ],
2751 silly audit   'remark-stringify': [ '11.0.0' ],
2751 silly audit   'mdast-util-from-markdown': [ '2.0.3' ],
2751 silly audit   'mdast-util-gfm-autolink-literal': [ '2.0.1' ],
2751 silly audit   'mdast-util-gfm-footnote': [ '2.1.0' ],
2751 silly audit   'mdast-util-gfm-strikethrough': [ '2.0.0' ],
2751 silly audit   'mdast-util-gfm-table': [ '2.0.0' ],
2751 silly audit   'mdast-util-gfm-task-list-item': [ '2.0.0' ],
2751 silly audit   'mdast-util-to-markdown': [ '2.1.2' ],
2751 silly audit   'decode-named-character-reference': [ '1.3.0' ],
2751 silly audit   'mdast-util-to-string': [ '4.0.0' ],
2751 silly audit   micromark: [ '4.0.2' ],
2751 silly audit   'micromark-util-decode-numeric-character-reference': [ '2.0.2' ],
2751 silly audit   'micromark-util-decode-string': [ '2.0.1' ],
2751 silly audit   'micromark-util-normalize-identifier': [ '2.0.1' ],
2751 silly audit   'unist-util-stringify-position': [ '4.0.0' ],
2751 silly audit   'character-entities': [ '2.0.2' ],
2751 silly audit   'mdast-util-find-and-replace': [ '3.0.2' ],
2751 silly audit   'escape-string-regexp': [ '5.0.0' ],
2751 silly audit   'unist-util-is': [ '6.0.1' ],
2751 silly audit   'markdown-table': [ '3.0.4' ],
2751 silly audit   'longest-streak': [ '3.1.0' ],
2751 silly audit   'mdast-util-phrasing': [ '4.1.0' ],
2751 silly audit   'micromark-util-classify-character': [ '2.0.1' ],
2751 silly audit   '@types/debug': [ '4.1.13' ],
2751 silly audit   'micromark-core-commonmark': [ '2.0.3' ],
2751 silly audit   'micromark-factory-space': [ '2.0.1' ],
2751 silly audit   'micromark-util-chunked': [ '2.0.1' ],
2751 silly audit   'micromark-util-combine-extensions': [ '2.0.1' ],
2751 silly audit   'micromark-util-resolve-all': [ '2.0.1' ],
2751 silly audit   'micromark-util-subtokenize': [ '2.1.0' ],
2751 silly audit   '@types/ms': [ '2.1.0' ],
2751 silly audit   'micromark-factory-destination': [ '2.0.1' ],
2751 silly audit   'micromark-factory-label': [ '2.0.1' ],
2751 silly audit   'micromark-factory-title': [ '2.0.1' ],
2751 silly audit   'micromark-factory-whitespace': [ '2.0.1' ],
2751 silly audit   'micromark-util-html-tag-name': [ '2.0.1' ],
2751 silly audit   'micromark-extension-gfm-autolink-literal': [ '2.1.0' ],
2751 silly audit   'micromark-extension-gfm-footnote': [ '2.1.0' ],
2751 silly audit   'micromark-extension-gfm-strikethrough': [ '2.1.0' ],
2751 silly audit   'micromark-extension-gfm-table': [ '2.1.1' ],
2751 silly audit   'micromark-extension-gfm-tagfilter': [ '2.0.0' ],
2751 silly audit   'micromark-extension-gfm-task-list-item': [ '2.1.0' ],
2751 silly audit   retext: [ '9.0.0' ],
2751 silly audit   'retext-smartypants': [ '6.2.0' ],
2751 silly audit   '@types/nlcst': [ '2.0.3' ],
2751 silly audit   'retext-latin': [ '4.0.0' ],
2751 silly audit   'retext-stringify': [ '4.0.0' ],
2751 silly audit   'parse-latin': [ '7.0.0' ],
2751 silly audit   'nlcst-to-string': [ '4.0.0' ],
2751 silly audit   'unist-util-modify-children': [ '4.0.0' ],
2751 silly audit   'unist-util-visit-children': [ '3.0.0' ],
2751 silly audit   '@img/colour': [ '1.1.0' ],
2751 silly audit   '@img/sharp-darwin-arm64': [ '0.34.5' ],
2751 silly audit   '@img/sharp-darwin-x64': [ '0.34.5' ],
2751 silly audit   '@img/sharp-libvips-darwin-arm64': [ '1.2.4' ],
2751 silly audit   '@img/sharp-libvips-darwin-x64': [ '1.2.4' ],
2751 silly audit   '@img/sharp-libvips-linux-arm': [ '1.2.4' ],
2751 silly audit   '@img/sharp-libvips-linux-arm64': [ '1.2.4' ],
2751 silly audit   '@img/sharp-libvips-linux-ppc64': [ '1.2.4' ],
2751 silly audit   '@img/sharp-libvips-linux-riscv64': [ '1.2.4' ],
2751 silly audit   '@img/sharp-libvips-linux-s390x': [ '1.2.4' ],
2751 silly audit   '@img/sharp-libvips-linux-x64': [ '1.2.4' ],
2751 silly audit   '@img/sharp-libvips-linuxmusl-arm64': [ '1.2.4' ],
2751 silly audit   '@img/sharp-libvips-linuxmusl-x64': [ '1.2.4' ],
2751 silly audit   '@img/sharp-linux-arm': [ '0.34.5' ],
2751 silly audit   '@img/sharp-linux-arm64': [ '0.34.5' ],
2751 silly audit   '@img/sharp-linux-ppc64': [ '0.34.5' ],
2751 silly audit   '@img/sharp-linux-riscv64': [ '0.34.5' ],
2751 silly audit   '@img/sharp-linux-s390x': [ '0.34.5' ],
2751 silly audit   '@img/sharp-linux-x64': [ '0.34.5' ],
2751 silly audit   '@img/sharp-linuxmusl-arm64': [ '0.34.5' ],
2751 silly audit   '@img/sharp-linuxmusl-x64': [ '0.34.5' ],
2751 silly audit   '@img/sharp-wasm32': [ '0.34.5' ],
2751 silly audit   '@img/sharp-win32-arm64': [ '0.34.5' ],
2751 silly audit   '@img/sharp-win32-ia32': [ '0.34.5' ],
2751 silly audit   '@img/sharp-win32-x64': [ '0.34.5' ],
2751 silly audit   '@emnapi/runtime': [ '1.10.0' ],
2751 silly audit   tslib: [ '2.8.1' ],
2751 silly audit   '@shikijs/core': [ '3.23.0' ],
2751 silly audit   '@shikijs/engine-javascript': [ '3.23.0' ],
2751 silly audit   '@shikijs/engine-oniguruma': [ '3.23.0' ],
2751 silly audit   '@shikijs/langs': [ '3.23.0' ],
2751 silly audit   '@shikijs/themes': [ '3.23.0' ],
2751 silly audit   '@shikijs/types': [ '3.23.0' ],
2751 silly audit   '@shikijs/vscode-textmate': [ '10.0.2' ],
2751 silly audit   'oniguruma-to-es': [ '4.3.6' ],
2751 silly audit   'oniguruma-parser': [ '0.12.2' ],
2751 silly audit   regex: [ '6.1.0' ],
2751 silly audit   'regex-recursion': [ '6.0.2' ],
2751 silly audit   'regex-utilities': [ '2.3.0' ],
2751 silly audit   '@types/node': [ '24.12.3' ],
2751 silly audit   '@types/sax': [ '1.2.7' ],
2751 silly audit   arg: [ '5.0.2' ],
2751 silly audit   sax: [ '1.6.0' ],
2751 silly audit   'undici-types': [ '7.16.0' ],
2751 silly audit   'emoji-regex': [ '10.6.0', '8.0.0' ],
2751 silly audit   'get-east-asian-width': [ '1.6.0' ],
2751 silly audit   'strip-ansi': [ '7.2.0', '6.0.1' ],
2751 silly audit   'character-entities-html4': [ '2.1.0' ],
2751 silly audit   'character-entities-legacy': [ '3.0.0' ],
2751 silly audit   'ansi-regex': [ '6.2.2', '5.0.1' ],
2751 silly audit   commander: [ '11.1.0' ],
2751 silly audit   'css-select': [ '5.2.2' ],
2751 silly audit   'css-tree': [ '3.2.1', '2.2.1' ],
2751 silly audit   'css-what': [ '6.2.2' ],
2751 silly audit   csso: [ '5.0.5' ],
2751 silly audit   picocolors: [ '1.1.1' ],
2751 silly audit   boolbase: [ '1.0.0' ],
2751 silly audit   domhandler: [ '5.0.3' ],
2751 silly audit   domutils: [ '3.2.2' ],
2751 silly audit   'nth-check': [ '2.1.1' ],
2751 silly audit   'mdn-data': [ '2.27.1', '2.0.28' ],
2751 silly audit   domelementtype: [ '2.3.0' ],
2751 silly audit   'dom-serializer': [ '2.0.0' ],
2751 silly audit   fdir: [ '6.5.0' ],
2751 silly audit   bail: [ '2.0.2' ],
2751 silly audit   extend: [ '3.0.2' ],
2751 silly audit   'is-plain-obj': [ '4.1.0' ],
2751 silly audit   trough: [ '2.2.0' ],
2751 silly audit   ofetch: [ '1.5.1' ],
2751 silly audit   ohash: [ '2.0.11' ],
2751 silly audit   destr: [ '2.0.5' ],
2751 silly audit   'node-fetch-native': [ '1.6.7' ],
2751 silly audit   ufo: [ '1.6.4' ],
2751 silly audit   'array-iterate': [ '2.0.1' ],
2751 silly audit   anymatch: [ '3.1.3' ],
2751 silly audit   chokidar: [ '5.0.0' ],
2751 silly audit   h3: [ '1.15.11' ],
2751 silly audit   'lru-cache': [ '11.3.6' ],
2751 silly audit   'normalize-path': [ '3.0.0' ],
2751 silly audit   readdirp: [ '5.0.0' ],
2751 silly audit   'cookie-es': [ '1.2.3' ],
2751 silly audit   crossws: [ '0.3.5' ],
2751 silly audit   defu: [ '6.1.7' ],
2751 silly audit   'iron-webcrypto': [ '1.2.1' ],
2751 silly audit   'node-mock-http': [ '1.0.4' ],
2751 silly audit   radix3: [ '1.1.2' ],
2751 silly audit   uncrypto: [ '0.1.3' ],
2751 silly audit   postcss: [ '8.5.14' ],
2751 silly audit   rolldown: [ '1.0.0-rc.18' ],
2751 silly audit   nanoid: [ '3.3.12' ],
2751 silly audit   '@oxc-project/types': [ '0.128.0' ],
2751 silly audit   '@rolldown/binding-android-arm64': [ '1.0.0-rc.18' ],
2751 silly audit   '@rolldown/binding-darwin-arm64': [ '1.0.0-rc.18' ],
2751 silly audit   '@rolldown/binding-darwin-x64': [ '1.0.0-rc.18' ],
2751 silly audit   '@rolldown/binding-freebsd-x64': [ '1.0.0-rc.18' ],
2751 silly audit   '@rolldown/binding-linux-arm-gnueabihf': [ '1.0.0-rc.18' ],
2751 silly audit   '@rolldown/binding-linux-arm64-gnu': [ '1.0.0-rc.18' ],
2751 silly audit   '@rolldown/binding-linux-arm64-musl': [ '1.0.0-rc.18' ],
2751 silly audit   '@rolldown/binding-linux-ppc64-gnu': [ '1.0.0-rc.18' ],
2751 silly audit   '@rolldown/binding-linux-s390x-gnu': [ '1.0.0-rc.18' ],
2751 silly audit   '@rolldown/binding-linux-x64-gnu': [ '1.0.0-rc.18' ],
2751 silly audit   '@rolldown/binding-linux-x64-musl': [ '1.0.0-rc.18' ],
2751 silly audit   '@rolldown/binding-openharmony-arm64': [ '1.0.0-rc.18' ],
2751 silly audit   '@rolldown/binding-wasm32-wasi': [ '1.0.0-rc.18' ],
2751 silly audit   '@rolldown/binding-win32-arm64-msvc': [ '1.0.0-rc.18' ],
2751 silly audit   '@rolldown/binding-win32-x64-msvc': [ '1.0.0-rc.18' ],
2751 silly audit   '@rolldown/pluginutils': [ '1.0.0-rc.18' ],
2751 silly audit   '@emnapi/core': [ '1.10.0' ],
2751 silly audit   '@napi-rs/wasm-runtime': [ '1.1.4' ],
2751 silly audit   '@emnapi/wasi-threads': [ '1.2.1' ],
2751 silly audit   '@tybys/wasm-util': [ '0.10.2' ],
2751 silly audit   'ansi-styles': [ '6.2.3' ],
2751 silly audit   yoctocolors: [ '2.1.2' ],
2751 silly audit   'is-fullwidth-code-point': [ '3.0.0' ],
2751 silly audit   rollup: [ '4.60.3' ],
2751 silly audit   '@rollup/rollup-android-arm-eabi': [ '4.60.3' ],
2751 silly audit   '@rollup/rollup-android-arm64': [ '4.60.3' ],
2751 silly audit   '@rollup/rollup-darwin-arm64': [ '4.60.3' ],
2751 silly audit   '@rollup/rollup-darwin-x64': [ '4.60.3' ],
2751 silly audit   '@rollup/rollup-freebsd-arm64': [ '4.60.3' ],
2751 silly audit   '@rollup/rollup-freebsd-x64': [ '4.60.3' ],
2751 silly audit   '@rollup/rollup-linux-arm-gnueabihf': [ '4.60.3' ],
2751 silly audit   '@rollup/rollup-linux-arm-musleabihf': [ '4.60.3' ],
2751 silly audit   '@rollup/rollup-linux-arm64-gnu': [ '4.60.3' ],
2751 silly audit   '@rollup/rollup-linux-arm64-musl': [ '4.60.3' ],
2751 silly audit   '@rollup/rollup-linux-loong64-gnu': [ '4.60.3' ],
2751 silly audit   '@rollup/rollup-linux-loong64-musl': [ '4.60.3' ],
2751 silly audit   '@rollup/rollup-linux-ppc64-gnu': [ '4.60.3' ],
2751 silly audit   '@rollup/rollup-linux-ppc64-musl': [ '4.60.3' ],
2751 silly audit   '@rollup/rollup-linux-riscv64-gnu': [ '4.60.3' ],
2751 silly audit   '@rollup/rollup-linux-riscv64-musl': [ '4.60.3' ],
2751 silly audit   '@rollup/rollup-linux-s390x-gnu': [ '4.60.3' ],
2751 silly audit   '@rollup/rollup-linux-x64-gnu': [ '4.60.3' ],
2751 silly audit   '@rollup/rollup-linux-x64-musl': [ '4.60.3' ],
2751 silly audit   '@rollup/rollup-openbsd-x64': [ '4.60.3' ],
2751 silly audit   '@rollup/rollup-openharmony-arm64': [ '4.60.3' ],
2751 silly audit   '@rollup/rollup-win32-arm64-msvc': [ '4.60.3' ],
2751 silly audit   '@rollup/rollup-win32-ia32-msvc': [ '4.60.3' ],
2751 silly audit   '@rollup/rollup-win32-x64-gnu': [ '4.60.3' ],
2751 silly audit   '@rollup/rollup-win32-x64-msvc': [ '4.60.3' ],
2751 silly audit   '@tailwindcss/oxide-wasm32-wasi': [ '4.3.0' ]
2751 silly audit }
2752 verbose reify failed optional dependency C:\Users\Risix\Desktop\Projects\RamirezLandscaping\tmp-lockcheck\node_modules\@rollup\rollup-win32-ia32-msvc
2753 silly reify mark deleted [
2753 silly reify   'C:\\Users\\Risix\\Desktop\\Projects\\RamirezLandscaping\\tmp-lockcheck\\node_modules\\@rollup\\rollup-win32-ia32-msvc'
2753 silly reify ]
2754 verbose reify failed optional dependency C:\Users\Risix\Desktop\Projects\RamirezLandscaping\tmp-lockcheck\node_modules\@rollup\rollup-win32-arm64-msvc
2755 silly reify mark deleted [
2755 silly reify   'C:\\Users\\Risix\\Desktop\\Projects\\RamirezLandscaping\\tmp-lockcheck\\node_modules\\@rollup\\rollup-win32-arm64-msvc'
2755 silly reify ]
2756 verbose reify failed optional dependency C:\Users\Risix\Desktop\Projects\RamirezLandscaping\tmp-lockcheck\node_modules\@rollup\rollup-openharmony-arm64
2757 silly reify mark deleted [
2757 silly reify   'C:\\Users\\Risix\\Desktop\\Projects\\RamirezLandscaping\\tmp-lockcheck\\node_modules\\@rollup\\rollup-openharmony-arm64'
2757 silly reify ]
2758 verbose reify failed optional dependency C:\Users\Risix\Desktop\Projects\RamirezLandscaping\tmp-lockcheck\node_modules\@rollup\rollup-openbsd-x64
2759 silly reify mark deleted [
2759 silly reify   'C:\\Users\\Risix\\Desktop\\Projects\\RamirezLandscaping\\tmp-lockcheck\\node_modules\\@rollup\\rollup-openbsd-x64'
2759 silly reify ]
2760 verbose reify failed optional dependency C:\Users\Risix\Desktop\Projects\RamirezLandscaping\tmp-lockcheck\node_modules\@rollup\rollup-linux-x64-musl
2761 silly reify mark deleted [
2761 silly reify   'C:\\Users\\Risix\\Desktop\\Projects\\RamirezLandscaping\\tmp-lockcheck\\node_modules\\@rollup\\rollup-linux-x64-musl'
2761 silly reify ]
2762 verbose reify failed optional dependency C:\Users\Risix\Desktop\Projects\RamirezLandscaping\tmp-lockcheck\node_modules\@rollup\rollup-linux-x64-gnu
2763 silly reify mark deleted [
2763 silly reify   'C:\\Users\\Risix\\Desktop\\Projects\\RamirezLandscaping\\tmp-lockcheck\\node_modules\\@rollup\\rollup-linux-x64-gnu'
2763 silly reify ]
2764 verbose reify failed optional dependency C:\Users\Risix\Desktop\Projects\RamirezLandscaping\tmp-lockcheck\node_modules\@rollup\rollup-linux-s390x-gnu
2765 silly reify mark deleted [
2765 silly reify   'C:\\Users\\Risix\\Desktop\\Projects\\RamirezLandscaping\\tmp-lockcheck\\node_modules\\@rollup\\rollup-linux-s390x-gnu'
2765 silly reify ]
2766 verbose reify failed optional dependency C:\Users\Risix\Desktop\Projects\RamirezLandscaping\tmp-lockcheck\node_modules\@rollup\rollup-linux-riscv64-musl
2767 silly reify mark deleted [
2767 silly reify   'C:\\Users\\Risix\\Desktop\\Projects\\RamirezLandscaping\\tmp-lockcheck\\node_modules\\@rollup\\rollup-linux-riscv64-musl'
2767 silly reify ]
2768 verbose reify failed optional dependency C:\Users\Risix\Desktop\Projects\RamirezLandscaping\tmp-lockcheck\node_modules\@rollup\rollup-linux-riscv64-gnu
2769 silly reify mark deleted [
2769 silly reify   'C:\\Users\\Risix\\Desktop\\Projects\\RamirezLandscaping\\tmp-lockcheck\\node_modules\\@rollup\\rollup-linux-riscv64-gnu'
2769 silly reify ]
2770 verbose reify failed optional dependency C:\Users\Risix\Desktop\Projects\RamirezLandscaping\tmp-lockcheck\node_modules\@rollup\rollup-linux-ppc64-musl
2771 silly reify mark deleted [
2771 silly reify   'C:\\Users\\Risix\\Desktop\\Projects\\RamirezLandscaping\\tmp-lockcheck\\node_modules\\@rollup\\rollup-linux-ppc64-musl'
2771 silly reify ]
2772 verbose reify failed optional dependency C:\Users\Risix\Desktop\Projects\RamirezLandscaping\tmp-lockcheck\node_modules\@rollup\rollup-linux-ppc64-gnu
2773 silly reify mark deleted [
2773 silly reify   'C:\\Users\\Risix\\Desktop\\Projects\\RamirezLandscaping\\tmp-lockcheck\\node_modules\\@rollup\\rollup-linux-ppc64-gnu'
2773 silly reify ]
2774 verbose reify failed optional dependency C:\Users\Risix\Desktop\Projects\RamirezLandscaping\tmp-lockcheck\node_modules\@rollup\rollup-linux-loong64-musl
2775 silly reify mark deleted [
2775 silly reify   'C:\\Users\\Risix\\Desktop\\Projects\\RamirezLandscaping\\tmp-lockcheck\\node_modules\\@rollup\\rollup-linux-loong64-musl'
2775 silly reify ]
2776 verbose reify failed optional dependency C:\Users\Risix\Desktop\Projects\RamirezLandscaping\tmp-lockcheck\node_modules\@rollup\rollup-linux-loong64-gnu
2777 silly reify mark deleted [
2777 silly reify   'C:\\Users\\Risix\\Desktop\\Projects\\RamirezLandscaping\\tmp-lockcheck\\node_modules\\@rollup\\rollup-linux-loong64-gnu'
2777 silly reify ]
2778 verbose reify failed optional dependency C:\Users\Risix\Desktop\Projects\RamirezLandscaping\tmp-lockcheck\node_modules\@rollup\rollup-linux-arm64-musl
2779 silly reify mark deleted [
2779 silly reify   'C:\\Users\\Risix\\Desktop\\Projects\\RamirezLandscaping\\tmp-lockcheck\\node_modules\\@rollup\\rollup-linux-arm64-musl'
2779 silly reify ]
2780 verbose reify failed optional dependency C:\Users\Risix\Desktop\Projects\RamirezLandscaping\tmp-lockcheck\node_modules\@rollup\rollup-linux-arm64-gnu
2781 silly reify mark deleted [
2781 silly reify   'C:\\Users\\Risix\\Desktop\\Projects\\RamirezLandscaping\\tmp-lockcheck\\node_modules\\@rollup\\rollup-linux-arm64-gnu'
2781 silly reify ]
2782 verbose reify failed optional dependency C:\Users\Risix\Desktop\Projects\RamirezLandscaping\tmp-lockcheck\node_modules\@rollup\rollup-linux-arm-musleabihf
2783 silly reify mark deleted [
2783 silly reify   'C:\\Users\\Risix\\Desktop\\Projects\\RamirezLandscaping\\tmp-lockcheck\\node_modules\\@rollup\\rollup-linux-arm-musleabihf'
2783 silly reify ]
2784 verbose reify failed optional dependency C:\Users\Risix\Desktop\Projects\RamirezLandscaping\tmp-lockcheck\node_modules\@rollup\rollup-linux-arm-gnueabihf
2785 silly reify mark deleted [
2785 silly reify   'C:\\Users\\Risix\\Desktop\\Projects\\RamirezLandscaping\\tmp-lockcheck\\node_modules\\@rollup\\rollup-linux-arm-gnueabihf'
2785 silly reify ]
2786 verbose reify failed optional dependency C:\Users\Risix\Desktop\Projects\RamirezLandscaping\tmp-lockcheck\node_modules\@rollup\rollup-freebsd-x64
2787 silly reify mark deleted [
2787 silly reify   'C:\\Users\\Risix\\Desktop\\Projects\\RamirezLandscaping\\tmp-lockcheck\\node_modules\\@rollup\\rollup-freebsd-x64'
2787 silly reify ]
2788 verbose reify failed optional dependency C:\Users\Risix\Desktop\Projects\RamirezLandscaping\tmp-lockcheck\node_modules\@rollup\rollup-freebsd-arm64
2789 silly reify mark deleted [
2789 silly reify   'C:\\Users\\Risix\\Desktop\\Projects\\RamirezLandscaping\\tmp-lockcheck\\node_modules\\@rollup\\rollup-freebsd-arm64'
2789 silly reify ]
2790 verbose reify failed optional dependency C:\Users\Risix\Desktop\Projects\RamirezLandscaping\tmp-lockcheck\node_modules\@rollup\rollup-darwin-x64
2791 silly reify mark deleted [
2791 silly reify   'C:\\Users\\Risix\\Desktop\\Projects\\RamirezLandscaping\\tmp-lockcheck\\node_modules\\@rollup\\rollup-darwin-x64'
2791 silly reify ]
2792 verbose reify failed optional dependency C:\Users\Risix\Desktop\Projects\RamirezLandscaping\tmp-lockcheck\node_modules\@rollup\rollup-darwin-arm64
2793 silly reify mark deleted [
2793 silly reify   'C:\\Users\\Risix\\Desktop\\Projects\\RamirezLandscaping\\tmp-lockcheck\\node_modules\\@rollup\\rollup-darwin-arm64'
2793 silly reify ]
2794 verbose reify failed optional dependency C:\Users\Risix\Desktop\Projects\RamirezLandscaping\tmp-lockcheck\node_modules\@rollup\rollup-android-arm64
2795 silly reify mark deleted [
2795 silly reify   'C:\\Users\\Risix\\Desktop\\Projects\\RamirezLandscaping\\tmp-lockcheck\\node_modules\\@rollup\\rollup-android-arm64'
2795 silly reify ]
2796 verbose reify failed optional dependency C:\Users\Risix\Desktop\Projects\RamirezLandscaping\tmp-lockcheck\node_modules\@rollup\rollup-android-arm-eabi
2797 silly reify mark deleted [
2797 silly reify   'C:\\Users\\Risix\\Desktop\\Projects\\RamirezLandscaping\\tmp-lockcheck\\node_modules\\@rollup\\rollup-android-arm-eabi'
2797 silly reify ]
2798 verbose reify failed optional dependency C:\Users\Risix\Desktop\Projects\RamirezLandscaping\tmp-lockcheck\node_modules\@rolldown\binding-win32-arm64-msvc
2799 silly reify mark deleted [
2799 silly reify   'C:\\Users\\Risix\\Desktop\\Projects\\RamirezLandscaping\\tmp-lockcheck\\node_modules\\@rolldown\\binding-win32-arm64-msvc'
2799 silly reify ]
2800 verbose reify failed optional dependency C:\Users\Risix\Desktop\Projects\RamirezLandscaping\tmp-lockcheck\node_modules\@rolldown\binding-wasm32-wasi
2801 silly reify mark deleted [
2801 silly reify   'C:\\Users\\Risix\\Desktop\\Projects\\RamirezLandscaping\\tmp-lockcheck\\node_modules\\@rolldown\\binding-wasm32-wasi'
2801 silly reify ]
2802 verbose reify failed optional dependency C:\Users\Risix\Desktop\Projects\RamirezLandscaping\tmp-lockcheck\node_modules\@rolldown\binding-openharmony-arm64
2803 silly reify mark deleted [
2803 silly reify   'C:\\Users\\Risix\\Desktop\\Projects\\RamirezLandscaping\\tmp-lockcheck\\node_modules\\@rolldown\\binding-openharmony-arm64'
2803 silly reify ]
2804 verbose reify failed optional dependency C:\Users\Risix\Desktop\Projects\RamirezLandscaping\tmp-lockcheck\node_modules\@rolldown\binding-linux-x64-musl
2805 silly reify mark deleted [
2805 silly reify   'C:\\Users\\Risix\\Desktop\\Projects\\RamirezLandscaping\\tmp-lockcheck\\node_modules\\@rolldown\\binding-linux-x64-musl'
2805 silly reify ]
2806 verbose reify failed optional dependency C:\Users\Risix\Desktop\Projects\RamirezLandscaping\tmp-lockcheck\node_modules\@rolldown\binding-linux-x64-gnu
2807 silly reify mark deleted [
2807 silly reify   'C:\\Users\\Risix\\Desktop\\Projects\\RamirezLandscaping\\tmp-lockcheck\\node_modules\\@rolldown\\binding-linux-x64-gnu'
2807 silly reify ]
2808 verbose reify failed optional dependency C:\Users\Risix\Desktop\Projects\RamirezLandscaping\tmp-lockcheck\node_modules\@rolldown\binding-linux-s390x-gnu
2809 silly reify mark deleted [
2809 silly reify   'C:\\Users\\Risix\\Desktop\\Projects\\RamirezLandscaping\\tmp-lockcheck\\node_modules\\@rolldown\\binding-linux-s390x-gnu'
2809 silly reify ]
2810 verbose reify failed optional dependency C:\Users\Risix\Desktop\Projects\RamirezLandscaping\tmp-lockcheck\node_modules\@rolldown\binding-linux-ppc64-gnu
2811 silly reify mark deleted [
2811 silly reify   'C:\\Users\\Risix\\Desktop\\Projects\\RamirezLandscaping\\tmp-lockcheck\\node_modules\\@rolldown\\binding-linux-ppc64-gnu'
2811 silly reify ]
2812 verbose reify failed optional dependency C:\Users\Risix\Desktop\Projects\RamirezLandscaping\tmp-lockcheck\node_modules\@rolldown\binding-linux-arm64-musl
2813 silly reify mark deleted [
2813 silly reify   'C:\\Users\\Risix\\Desktop\\Projects\\RamirezLandscaping\\tmp-lockcheck\\node_modules\\@rolldown\\binding-linux-arm64-musl'
2813 silly reify ]
2814 verbose reify failed optional dependency C:\Users\Risix\Desktop\Projects\RamirezLandscaping\tmp-lockcheck\node_modules\@rolldown\binding-linux-arm64-gnu
2815 silly reify mark deleted [
2815 silly reify   'C:\\Users\\Risix\\Desktop\\Projects\\RamirezLandscaping\\tmp-lockcheck\\node_modules\\@rolldown\\binding-linux-arm64-gnu'
2815 silly reify ]
2816 verbose reify failed optional dependency C:\Users\Risix\Desktop\Projects\RamirezLandscaping\tmp-lockcheck\node_modules\@rolldown\binding-linux-arm-gnueabihf
2817 silly reify mark deleted [
2817 silly reify   'C:\\Users\\Risix\\Desktop\\Projects\\RamirezLandscaping\\tmp-lockcheck\\node_modules\\@rolldown\\binding-linux-arm-gnueabihf'
2817 silly reify ]
2818 verbose reify failed optional dependency C:\Users\Risix\Desktop\Projects\RamirezLandscaping\tmp-lockcheck\node_modules\@rolldown\binding-freebsd-x64
2819 silly reify mark deleted [
2819 silly reify   'C:\\Users\\Risix\\Desktop\\Projects\\RamirezLandscaping\\tmp-lockcheck\\node_modules\\@rolldown\\binding-freebsd-x64'
2819 silly reify ]
2820 verbose reify failed optional dependency C:\Users\Risix\Desktop\Projects\RamirezLandscaping\tmp-lockcheck\node_modules\@rolldown\binding-darwin-x64
2821 silly reify mark deleted [
2821 silly reify   'C:\\Users\\Risix\\Desktop\\Projects\\RamirezLandscaping\\tmp-lockcheck\\node_modules\\@rolldown\\binding-darwin-x64'
2821 silly reify ]
2822 verbose reify failed optional dependency C:\Users\Risix\Desktop\Projects\RamirezLandscaping\tmp-lockcheck\node_modules\@rolldown\binding-darwin-arm64
2823 silly reify mark deleted [
2823 silly reify   'C:\\Users\\Risix\\Desktop\\Projects\\RamirezLandscaping\\tmp-lockcheck\\node_modules\\@rolldown\\binding-darwin-arm64'
2823 silly reify ]
2824 verbose reify failed optional dependency C:\Users\Risix\Desktop\Projects\RamirezLandscaping\tmp-lockcheck\node_modules\@rolldown\binding-android-arm64
2825 silly reify mark deleted [
2825 silly reify   'C:\\Users\\Risix\\Desktop\\Projects\\RamirezLandscaping\\tmp-lockcheck\\node_modules\\@rolldown\\binding-android-arm64'
2825 silly reify ]
2826 verbose reify failed optional dependency C:\Users\Risix\Desktop\Projects\RamirezLandscaping\tmp-lockcheck\node_modules\@img\sharp-win32-ia32
2827 silly reify mark deleted [
2827 silly reify   'C:\\Users\\Risix\\Desktop\\Projects\\RamirezLandscaping\\tmp-lockcheck\\node_modules\\@img\\sharp-win32-ia32'
2827 silly reify ]
2828 verbose reify failed optional dependency C:\Users\Risix\Desktop\Projects\RamirezLandscaping\tmp-lockcheck\node_modules\@img\sharp-win32-arm64
2829 silly reify mark deleted [
2829 silly reify   'C:\\Users\\Risix\\Desktop\\Projects\\RamirezLandscaping\\tmp-lockcheck\\node_modules\\@img\\sharp-win32-arm64'
2829 silly reify ]
2830 verbose reify failed optional dependency C:\Users\Risix\Desktop\Projects\RamirezLandscaping\tmp-lockcheck\node_modules\@img\sharp-wasm32
2831 silly reify mark deleted [
2831 silly reify   'C:\\Users\\Risix\\Desktop\\Projects\\RamirezLandscaping\\tmp-lockcheck\\node_modules\\@img\\sharp-wasm32'
2831 silly reify ]
2832 verbose reify failed optional dependency C:\Users\Risix\Desktop\Projects\RamirezLandscaping\tmp-lockcheck\node_modules\@img\sharp-linuxmusl-x64
2833 silly reify mark deleted [
2833 silly reify   'C:\\Users\\Risix\\Desktop\\Projects\\RamirezLandscaping\\tmp-lockcheck\\node_modules\\@img\\sharp-linuxmusl-x64'
2833 silly reify ]
2834 verbose reify failed optional dependency C:\Users\Risix\Desktop\Projects\RamirezLandscaping\tmp-lockcheck\node_modules\@img\sharp-linuxmusl-arm64
2835 silly reify mark deleted [
2835 silly reify   'C:\\Users\\Risix\\Desktop\\Projects\\RamirezLandscaping\\tmp-lockcheck\\node_modules\\@img\\sharp-linuxmusl-arm64'
2835 silly reify ]
2836 verbose reify failed optional dependency C:\Users\Risix\Desktop\Projects\RamirezLandscaping\tmp-lockcheck\node_modules\@img\sharp-linux-x64
2837 silly reify mark deleted [
2837 silly reify   'C:\\Users\\Risix\\Desktop\\Projects\\RamirezLandscaping\\tmp-lockcheck\\node_modules\\@img\\sharp-linux-x64'
2837 silly reify ]
2838 verbose reify failed optional dependency C:\Users\Risix\Desktop\Projects\RamirezLandscaping\tmp-lockcheck\node_modules\@img\sharp-linux-s390x
2839 silly reify mark deleted [
2839 silly reify   'C:\\Users\\Risix\\Desktop\\Projects\\RamirezLandscaping\\tmp-lockcheck\\node_modules\\@img\\sharp-linux-s390x'
2839 silly reify ]
2840 verbose reify failed optional dependency C:\Users\Risix\Desktop\Projects\RamirezLandscaping\tmp-lockcheck\node_modules\@img\sharp-linux-riscv64
2841 silly reify mark deleted [
2841 silly reify   'C:\\Users\\Risix\\Desktop\\Projects\\RamirezLandscaping\\tmp-lockcheck\\node_modules\\@img\\sharp-linux-riscv64'
2841 silly reify ]
2842 verbose reify failed optional dependency C:\Users\Risix\Desktop\Projects\RamirezLandscaping\tmp-lockcheck\node_modules\@img\sharp-linux-ppc64
2843 silly reify mark deleted [
2843 silly reify   'C:\\Users\\Risix\\Desktop\\Projects\\RamirezLandscaping\\tmp-lockcheck\\node_modules\\@img\\sharp-linux-ppc64'
2843 silly reify ]
2844 verbose reify failed optional dependency C:\Users\Risix\Desktop\Projects\RamirezLandscaping\tmp-lockcheck\node_modules\@img\sharp-linux-arm64
2845 silly reify mark deleted [
2845 silly reify   'C:\\Users\\Risix\\Desktop\\Projects\\RamirezLandscaping\\tmp-lockcheck\\node_modules\\@img\\sharp-linux-arm64'
2845 silly reify ]
2846 verbose reify failed optional dependency C:\Users\Risix\Desktop\Projects\RamirezLandscaping\tmp-lockcheck\node_modules\@img\sharp-linux-arm
2847 silly reify mark deleted [
2847 silly reify   'C:\\Users\\Risix\\Desktop\\Projects\\RamirezLandscaping\\tmp-lockcheck\\node_modules\\@img\\sharp-linux-arm'
2847 silly reify ]
2848 verbose reify failed optional dependency C:\Users\Risix\Desktop\Projects\RamirezLandscaping\tmp-lockcheck\node_modules\@img\sharp-libvips-linuxmusl-x64
2849 silly reify mark deleted [
2849 silly reify   'C:\\Users\\Risix\\Desktop\\Projects\\RamirezLandscaping\\tmp-lockcheck\\node_modules\\@img\\sharp-libvips-linuxmusl-x64'
2849 silly reify ]
2850 verbose reify failed optional dependency C:\Users\Risix\Desktop\Projects\RamirezLandscaping\tmp-lockcheck\node_modules\@img\sharp-libvips-linuxmusl-arm64
2851 silly reify mark deleted [
2851 silly reify   'C:\\Users\\Risix\\Desktop\\Projects\\RamirezLandscaping\\tmp-lockcheck\\node_modules\\@img\\sharp-libvips-linuxmusl-arm64'
2851 silly reify ]
2852 verbose reify failed optional dependency C:\Users\Risix\Desktop\Projects\RamirezLandscaping\tmp-lockcheck\node_modules\@img\sharp-libvips-linux-x64
2853 silly reify mark deleted [
2853 silly reify   'C:\\Users\\Risix\\Desktop\\Projects\\RamirezLandscaping\\tmp-lockcheck\\node_modules\\@img\\sharp-libvips-linux-x64'
2853 silly reify ]
2854 verbose reify failed optional dependency C:\Users\Risix\Desktop\Projects\RamirezLandscaping\tmp-lockcheck\node_modules\@img\sharp-libvips-linux-s390x
2855 silly reify mark deleted [
2855 silly reify   'C:\\Users\\Risix\\Desktop\\Projects\\RamirezLandscaping\\tmp-lockcheck\\node_modules\\@img\\sharp-libvips-linux-s390x'
2855 silly reify ]
2856 verbose reify failed optional dependency C:\Users\Risix\Desktop\Projects\RamirezLandscaping\tmp-lockcheck\node_modules\@img\sharp-libvips-linux-riscv64
2857 silly reify mark deleted [
2857 silly reify   'C:\\Users\\Risix\\Desktop\\Projects\\RamirezLandscaping\\tmp-lockcheck\\node_modules\\@img\\sharp-libvips-linux-riscv64'
2857 silly reify ]
2858 verbose reify failed optional dependency C:\Users\Risix\Desktop\Projects\RamirezLandscaping\tmp-lockcheck\node_modules\@img\sharp-libvips-linux-ppc64
2859 silly reify mark deleted [
2859 silly reify   'C:\\Users\\Risix\\Desktop\\Projects\\RamirezLandscaping\\tmp-lockcheck\\node_modules\\@img\\sharp-libvips-linux-ppc64'
2859 silly reify ]
2860 verbose reify failed optional dependency C:\Users\Risix\Desktop\Projects\RamirezLandscaping\tmp-lockcheck\node_modules\@img\sharp-libvips-linux-arm64
2861 silly reify mark deleted [
2861 silly reify   'C:\\Users\\Risix\\Desktop\\Projects\\RamirezLandscaping\\tmp-lockcheck\\node_modules\\@img\\sharp-libvips-linux-arm64'
2861 silly reify ]
2862 verbose reify failed optional dependency C:\Users\Risix\Desktop\Projects\RamirezLandscaping\tmp-lockcheck\node_modules\@img\sharp-libvips-linux-arm
2863 silly reify mark deleted [
2863 silly reify   'C:\\Users\\Risix\\Desktop\\Projects\\RamirezLandscaping\\tmp-lockcheck\\node_modules\\@img\\sharp-libvips-linux-arm'
2863 silly reify ]
2864 verbose reify failed optional dependency C:\Users\Risix\Desktop\Projects\RamirezLandscaping\tmp-lockcheck\node_modules\@img\sharp-libvips-darwin-x64
2865 silly reify mark deleted [
2865 silly reify   'C:\\Users\\Risix\\Desktop\\Projects\\RamirezLandscaping\\tmp-lockcheck\\node_modules\\@img\\sharp-libvips-darwin-x64'
2865 silly reify ]
2866 verbose reify failed optional dependency C:\Users\Risix\Desktop\Projects\RamirezLandscaping\tmp-lockcheck\node_modules\@img\sharp-libvips-darwin-arm64
2867 silly reify mark deleted [
2867 silly reify   'C:\\Users\\Risix\\Desktop\\Projects\\RamirezLandscaping\\tmp-lockcheck\\node_modules\\@img\\sharp-libvips-darwin-arm64'
2867 silly reify ]
2868 verbose reify failed optional dependency C:\Users\Risix\Desktop\Projects\RamirezLandscaping\tmp-lockcheck\node_modules\@img\sharp-darwin-x64
2869 silly reify mark deleted [
2869 silly reify   'C:\\Users\\Risix\\Desktop\\Projects\\RamirezLandscaping\\tmp-lockcheck\\node_modules\\@img\\sharp-darwin-x64'
2869 silly reify ]
2870 verbose reify failed optional dependency C:\Users\Risix\Desktop\Projects\RamirezLandscaping\tmp-lockcheck\node_modules\@img\sharp-darwin-arm64
2871 silly reify mark deleted [
2871 silly reify   'C:\\Users\\Risix\\Desktop\\Projects\\RamirezLandscaping\\tmp-lockcheck\\node_modules\\@img\\sharp-darwin-arm64'
2871 silly reify ]
2872 verbose reify failed optional dependency C:\Users\Risix\Desktop\Projects\RamirezLandscaping\tmp-lockcheck\node_modules\fsevents
2873 silly reify mark deleted [
2873 silly reify   'C:\\Users\\Risix\\Desktop\\Projects\\RamirezLandscaping\\tmp-lockcheck\\node_modules\\fsevents'
2873 silly reify ]
2874 verbose reify failed optional dependency C:\Users\Risix\Desktop\Projects\RamirezLandscaping\tmp-lockcheck\node_modules\lightningcss-win32-arm64-msvc
2875 silly reify mark deleted [
2875 silly reify   'C:\\Users\\Risix\\Desktop\\Projects\\RamirezLandscaping\\tmp-lockcheck\\node_modules\\lightningcss-win32-arm64-msvc'
2875 silly reify ]
2876 verbose reify failed optional dependency C:\Users\Risix\Desktop\Projects\RamirezLandscaping\tmp-lockcheck\node_modules\lightningcss-linux-x64-musl
2877 silly reify mark deleted [
2877 silly reify   'C:\\Users\\Risix\\Desktop\\Projects\\RamirezLandscaping\\tmp-lockcheck\\node_modules\\lightningcss-linux-x64-musl'
2877 silly reify ]
2878 verbose reify failed optional dependency C:\Users\Risix\Desktop\Projects\RamirezLandscaping\tmp-lockcheck\node_modules\lightningcss-linux-x64-gnu
2879 silly reify mark deleted [
2879 silly reify   'C:\\Users\\Risix\\Desktop\\Projects\\RamirezLandscaping\\tmp-lockcheck\\node_modules\\lightningcss-linux-x64-gnu'
2879 silly reify ]
2880 verbose reify failed optional dependency C:\Users\Risix\Desktop\Projects\RamirezLandscaping\tmp-lockcheck\node_modules\lightningcss-linux-arm64-musl
2881 silly reify mark deleted [
2881 silly reify   'C:\\Users\\Risix\\Desktop\\Projects\\RamirezLandscaping\\tmp-lockcheck\\node_modules\\lightningcss-linux-arm64-musl'
2881 silly reify ]
2882 verbose reify failed optional dependency C:\Users\Risix\Desktop\Projects\RamirezLandscaping\tmp-lockcheck\node_modules\lightningcss-linux-arm64-gnu
2883 silly reify mark deleted [
2883 silly reify   'C:\\Users\\Risix\\Desktop\\Projects\\RamirezLandscaping\\tmp-lockcheck\\node_modules\\lightningcss-linux-arm64-gnu'
2883 silly reify ]
2884 verbose reify failed optional dependency C:\Users\Risix\Desktop\Projects\RamirezLandscaping\tmp-lockcheck\node_modules\lightningcss-linux-arm-gnueabihf
2885 silly reify mark deleted [
2885 silly reify   'C:\\Users\\Risix\\Desktop\\Projects\\RamirezLandscaping\\tmp-lockcheck\\node_modules\\lightningcss-linux-arm-gnueabihf'
2885 silly reify ]
2886 verbose reify failed optional dependency C:\Users\Risix\Desktop\Projects\RamirezLandscaping\tmp-lockcheck\node_modules\lightningcss-freebsd-x64
2887 silly reify mark deleted [
2887 silly reify   'C:\\Users\\Risix\\Desktop\\Projects\\RamirezLandscaping\\tmp-lockcheck\\node_modules\\lightningcss-freebsd-x64'
2887 silly reify ]
2888 verbose reify failed optional dependency C:\Users\Risix\Desktop\Projects\RamirezLandscaping\tmp-lockcheck\node_modules\lightningcss-darwin-x64
2889 silly reify mark deleted [
2889 silly reify   'C:\\Users\\Risix\\Desktop\\Projects\\RamirezLandscaping\\tmp-lockcheck\\node_modules\\lightningcss-darwin-x64'
2889 silly reify ]
2890 verbose reify failed optional dependency C:\Users\Risix\Desktop\Projects\RamirezLandscaping\tmp-lockcheck\node_modules\lightningcss-darwin-arm64
2891 silly reify mark deleted [
2891 silly reify   'C:\\Users\\Risix\\Desktop\\Projects\\RamirezLandscaping\\tmp-lockcheck\\node_modules\\lightningcss-darwin-arm64'
2891 silly reify ]
2892 verbose reify failed optional dependency C:\Users\Risix\Desktop\Projects\RamirezLandscaping\tmp-lockcheck\node_modules\lightningcss-android-arm64
2893 silly reify mark deleted [
2893 silly reify   'C:\\Users\\Risix\\Desktop\\Projects\\RamirezLandscaping\\tmp-lockcheck\\node_modules\\lightningcss-android-arm64'
2893 silly reify ]
2894 verbose reify failed optional dependency C:\Users\Risix\Desktop\Projects\RamirezLandscaping\tmp-lockcheck\node_modules\@esbuild\win32-ia32
2895 silly reify mark deleted [
2895 silly reify   'C:\\Users\\Risix\\Desktop\\Projects\\RamirezLandscaping\\tmp-lockcheck\\node_modules\\@esbuild\\win32-ia32'
2895 silly reify ]
2896 verbose reify failed optional dependency C:\Users\Risix\Desktop\Projects\RamirezLandscaping\tmp-lockcheck\node_modules\@esbuild\win32-arm64
2897 silly reify mark deleted [
2897 silly reify   'C:\\Users\\Risix\\Desktop\\Projects\\RamirezLandscaping\\tmp-lockcheck\\node_modules\\@esbuild\\win32-arm64'
2897 silly reify ]
2898 verbose reify failed optional dependency C:\Users\Risix\Desktop\Projects\RamirezLandscaping\tmp-lockcheck\node_modules\@esbuild\sunos-x64
2899 silly reify mark deleted [
2899 silly reify   'C:\\Users\\Risix\\Desktop\\Projects\\RamirezLandscaping\\tmp-lockcheck\\node_modules\\@esbuild\\sunos-x64'
2899 silly reify ]
2900 verbose reify failed optional dependency C:\Users\Risix\Desktop\Projects\RamirezLandscaping\tmp-lockcheck\node_modules\@esbuild\openharmony-arm64
2901 silly reify mark deleted [
2901 silly reify   'C:\\Users\\Risix\\Desktop\\Projects\\RamirezLandscaping\\tmp-lockcheck\\node_modules\\@esbuild\\openharmony-arm64'
2901 silly reify ]
2902 verbose reify failed optional dependency C:\Users\Risix\Desktop\Projects\RamirezLandscaping\tmp-lockcheck\node_modules\@esbuild\openbsd-x64
2903 silly reify mark deleted [
2903 silly reify   'C:\\Users\\Risix\\Desktop\\Projects\\RamirezLandscaping\\tmp-lockcheck\\node_modules\\@esbuild\\openbsd-x64'
2903 silly reify ]
2904 verbose reify failed optional dependency C:\Users\Risix\Desktop\Projects\RamirezLandscaping\tmp-lockcheck\node_modules\@esbuild\openbsd-arm64
2905 silly reify mark deleted [
2905 silly reify   'C:\\Users\\Risix\\Desktop\\Projects\\RamirezLandscaping\\tmp-lockcheck\\node_modules\\@esbuild\\openbsd-arm64'
2905 silly reify ]
2906 verbose reify failed optional dependency C:\Users\Risix\Desktop\Projects\RamirezLandscaping\tmp-lockcheck\node_modules\@esbuild\netbsd-x64
2907 silly reify mark deleted [
2907 silly reify   'C:\\Users\\Risix\\Desktop\\Projects\\RamirezLandscaping\\tmp-lockcheck\\node_modules\\@esbuild\\netbsd-x64'
2907 silly reify ]
2908 verbose reify failed optional dependency C:\Users\Risix\Desktop\Projects\RamirezLandscaping\tmp-lockcheck\node_modules\@esbuild\netbsd-arm64
2909 silly reify mark deleted [
2909 silly reify   'C:\\Users\\Risix\\Desktop\\Projects\\RamirezLandscaping\\tmp-lockcheck\\node_modules\\@esbuild\\netbsd-arm64'
2909 silly reify ]
2910 verbose reify failed optional dependency C:\Users\Risix\Desktop\Projects\RamirezLandscaping\tmp-lockcheck\node_modules\@esbuild\linux-x64
2911 silly reify mark deleted [
2911 silly reify   'C:\\Users\\Risix\\Desktop\\Projects\\RamirezLandscaping\\tmp-lockcheck\\node_modules\\@esbuild\\linux-x64'
2911 silly reify ]
2912 verbose reify failed optional dependency C:\Users\Risix\Desktop\Projects\RamirezLandscaping\tmp-lockcheck\node_modules\@esbuild\linux-s390x
2913 silly reify mark deleted [
2913 silly reify   'C:\\Users\\Risix\\Desktop\\Projects\\RamirezLandscaping\\tmp-lockcheck\\node_modules\\@esbuild\\linux-s390x'
2913 silly reify ]
2914 verbose reify failed optional dependency C:\Users\Risix\Desktop\Projects\RamirezLandscaping\tmp-lockcheck\node_modules\@esbuild\linux-riscv64
2915 silly reify mark deleted [
2915 silly reify   'C:\\Users\\Risix\\Desktop\\Projects\\RamirezLandscaping\\tmp-lockcheck\\node_modules\\@esbuild\\linux-riscv64'
2915 silly reify ]
2916 verbose reify failed optional dependency C:\Users\Risix\Desktop\Projects\RamirezLandscaping\tmp-lockcheck\node_modules\@esbuild\linux-ppc64
2917 silly reify mark deleted [
2917 silly reify   'C:\\Users\\Risix\\Desktop\\Projects\\RamirezLandscaping\\tmp-lockcheck\\node_modules\\@esbuild\\linux-ppc64'
2917 silly reify ]
2918 verbose reify failed optional dependency C:\Users\Risix\Desktop\Projects\RamirezLandscaping\tmp-lockcheck\node_modules\@esbuild\linux-mips64el
2919 silly reify mark deleted [
2919 silly reify   'C:\\Users\\Risix\\Desktop\\Projects\\RamirezLandscaping\\tmp-lockcheck\\node_modules\\@esbuild\\linux-mips64el'
2919 silly reify ]
2920 verbose reify failed optional dependency C:\Users\Risix\Desktop\Projects\RamirezLandscaping\tmp-lockcheck\node_modules\@esbuild\linux-loong64
2921 silly reify mark deleted [
2921 silly reify   'C:\\Users\\Risix\\Desktop\\Projects\\RamirezLandscaping\\tmp-lockcheck\\node_modules\\@esbuild\\linux-loong64'
2921 silly reify ]
2922 verbose reify failed optional dependency C:\Users\Risix\Desktop\Projects\RamirezLandscaping\tmp-lockcheck\node_modules\@esbuild\linux-ia32
2923 silly reify mark deleted [
2923 silly reify   'C:\\Users\\Risix\\Desktop\\Projects\\RamirezLandscaping\\tmp-lockcheck\\node_modules\\@esbuild\\linux-ia32'
2923 silly reify ]
2924 verbose reify failed optional dependency C:\Users\Risix\Desktop\Projects\RamirezLandscaping\tmp-lockcheck\node_modules\@esbuild\linux-arm64
2925 silly reify mark deleted [
2925 silly reify   'C:\\Users\\Risix\\Desktop\\Projects\\RamirezLandscaping\\tmp-lockcheck\\node_modules\\@esbuild\\linux-arm64'
2925 silly reify ]
2926 verbose reify failed optional dependency C:\Users\Risix\Desktop\Projects\RamirezLandscaping\tmp-lockcheck\node_modules\@esbuild\linux-arm
2927 silly reify mark deleted [
2927 silly reify   'C:\\Users\\Risix\\Desktop\\Projects\\RamirezLandscaping\\tmp-lockcheck\\node_modules\\@esbuild\\linux-arm'
2927 silly reify ]
2928 verbose reify failed optional dependency C:\Users\Risix\Desktop\Projects\RamirezLandscaping\tmp-lockcheck\node_modules\@esbuild\freebsd-x64
2929 silly reify mark deleted [
2929 silly reify   'C:\\Users\\Risix\\Desktop\\Projects\\RamirezLandscaping\\tmp-lockcheck\\node_modules\\@esbuild\\freebsd-x64'
2929 silly reify ]
2930 verbose reify failed optional dependency C:\Users\Risix\Desktop\Projects\RamirezLandscaping\tmp-lockcheck\node_modules\@esbuild\freebsd-arm64
2931 silly reify mark deleted [
2931 silly reify   'C:\\Users\\Risix\\Desktop\\Projects\\RamirezLandscaping\\tmp-lockcheck\\node_modules\\@esbuild\\freebsd-arm64'
2931 silly reify ]
2932 verbose reify failed optional dependency C:\Users\Risix\Desktop\Projects\RamirezLandscaping\tmp-lockcheck\node_modules\@esbuild\darwin-x64
2933 silly reify mark deleted [
2933 silly reify   'C:\\Users\\Risix\\Desktop\\Projects\\RamirezLandscaping\\tmp-lockcheck\\node_modules\\@esbuild\\darwin-x64'
2933 silly reify ]
2934 verbose reify failed optional dependency C:\Users\Risix\Desktop\Projects\RamirezLandscaping\tmp-lockcheck\node_modules\@esbuild\darwin-arm64
2935 silly reify mark deleted [
2935 silly reify   'C:\\Users\\Risix\\Desktop\\Projects\\RamirezLandscaping\\tmp-lockcheck\\node_modules\\@esbuild\\darwin-arm64'
2935 silly reify ]
2936 verbose reify failed optional dependency C:\Users\Risix\Desktop\Projects\RamirezLandscaping\tmp-lockcheck\node_modules\@esbuild\android-x64
2937 silly reify mark deleted [
2937 silly reify   'C:\\Users\\Risix\\Desktop\\Projects\\RamirezLandscaping\\tmp-lockcheck\\node_modules\\@esbuild\\android-x64'
2937 silly reify ]
2938 verbose reify failed optional dependency C:\Users\Risix\Desktop\Projects\RamirezLandscaping\tmp-lockcheck\node_modules\@esbuild\android-arm64
2939 silly reify mark deleted [
2939 silly reify   'C:\\Users\\Risix\\Desktop\\Projects\\RamirezLandscaping\\tmp-lockcheck\\node_modules\\@esbuild\\android-arm64'
2939 silly reify ]
2940 verbose reify failed optional dependency C:\Users\Risix\Desktop\Projects\RamirezLandscaping\tmp-lockcheck\node_modules\@esbuild\android-arm
2941 silly reify mark deleted [
2941 silly reify   'C:\\Users\\Risix\\Desktop\\Projects\\RamirezLandscaping\\tmp-lockcheck\\node_modules\\@esbuild\\android-arm'
2941 silly reify ]
2942 verbose reify failed optional dependency C:\Users\Risix\Desktop\Projects\RamirezLandscaping\tmp-lockcheck\node_modules\@esbuild\aix-ppc64
2943 silly reify mark deleted [
2943 silly reify   'C:\\Users\\Risix\\Desktop\\Projects\\RamirezLandscaping\\tmp-lockcheck\\node_modules\\@esbuild\\aix-ppc64'
2943 silly reify ]
2944 verbose reify failed optional dependency C:\Users\Risix\Desktop\Projects\RamirezLandscaping\tmp-lockcheck\node_modules\@tailwindcss\oxide-win32-arm64-msvc
2945 silly reify mark deleted [
2945 silly reify   'C:\\Users\\Risix\\Desktop\\Projects\\RamirezLandscaping\\tmp-lockcheck\\node_modules\\@tailwindcss\\oxide-win32-arm64-msvc'
2945 silly reify ]
2946 verbose reify failed optional dependency C:\Users\Risix\Desktop\Projects\RamirezLandscaping\tmp-lockcheck\node_modules\@tailwindcss\oxide-linux-x64-musl
2947 silly reify mark deleted [
2947 silly reify   'C:\\Users\\Risix\\Desktop\\Projects\\RamirezLandscaping\\tmp-lockcheck\\node_modules\\@tailwindcss\\oxide-linux-x64-musl'
2947 silly reify ]
2948 verbose reify failed optional dependency C:\Users\Risix\Desktop\Projects\RamirezLandscaping\tmp-lockcheck\node_modules\@tailwindcss\oxide-linux-x64-gnu
2949 silly reify mark deleted [
2949 silly reify   'C:\\Users\\Risix\\Desktop\\Projects\\RamirezLandscaping\\tmp-lockcheck\\node_modules\\@tailwindcss\\oxide-linux-x64-gnu'
2949 silly reify ]
2950 verbose reify failed optional dependency C:\Users\Risix\Desktop\Projects\RamirezLandscaping\tmp-lockcheck\node_modules\@tailwindcss\oxide-linux-arm64-musl
2951 silly reify mark deleted [
2951 silly reify   'C:\\Users\\Risix\\Desktop\\Projects\\RamirezLandscaping\\tmp-lockcheck\\node_modules\\@tailwindcss\\oxide-linux-arm64-musl'
2951 silly reify ]
2952 verbose reify failed optional dependency C:\Users\Risix\Desktop\Projects\RamirezLandscaping\tmp-lockcheck\node_modules\@tailwindcss\oxide-linux-arm64-gnu
2953 silly reify mark deleted [
2953 silly reify   'C:\\Users\\Risix\\Desktop\\Projects\\RamirezLandscaping\\tmp-lockcheck\\node_modules\\@tailwindcss\\oxide-linux-arm64-gnu'
2953 silly reify ]
2954 verbose reify failed optional dependency C:\Users\Risix\Desktop\Projects\RamirezLandscaping\tmp-lockcheck\node_modules\@tailwindcss\oxide-linux-arm-gnueabihf
2955 silly reify mark deleted [
2955 silly reify   'C:\\Users\\Risix\\Desktop\\Projects\\RamirezLandscaping\\tmp-lockcheck\\node_modules\\@tailwindcss\\oxide-linux-arm-gnueabihf'
2955 silly reify ]
2956 verbose reify failed optional dependency C:\Users\Risix\Desktop\Projects\RamirezLandscaping\tmp-lockcheck\node_modules\@tailwindcss\oxide-freebsd-x64
2957 silly reify mark deleted [
2957 silly reify   'C:\\Users\\Risix\\Desktop\\Projects\\RamirezLandscaping\\tmp-lockcheck\\node_modules\\@tailwindcss\\oxide-freebsd-x64'
2957 silly reify ]
2958 verbose reify failed optional dependency C:\Users\Risix\Desktop\Projects\RamirezLandscaping\tmp-lockcheck\node_modules\@tailwindcss\oxide-darwin-x64
2959 silly reify mark deleted [
2959 silly reify   'C:\\Users\\Risix\\Desktop\\Projects\\RamirezLandscaping\\tmp-lockcheck\\node_modules\\@tailwindcss\\oxide-darwin-x64'
2959 silly reify ]
2960 verbose reify failed optional dependency C:\Users\Risix\Desktop\Projects\RamirezLandscaping\tmp-lockcheck\node_modules\@tailwindcss\oxide-darwin-arm64
2961 silly reify mark deleted [
2961 silly reify   'C:\\Users\\Risix\\Desktop\\Projects\\RamirezLandscaping\\tmp-lockcheck\\node_modules\\@tailwindcss\\oxide-darwin-arm64'
2961 silly reify ]
2962 verbose reify failed optional dependency C:\Users\Risix\Desktop\Projects\RamirezLandscaping\tmp-lockcheck\node_modules\@tailwindcss\oxide-android-arm64
2963 silly reify mark deleted [
2963 silly reify   'C:\\Users\\Risix\\Desktop\\Projects\\RamirezLandscaping\\tmp-lockcheck\\node_modules\\@tailwindcss\\oxide-android-arm64'
2963 silly reify ]
2964 verbose reify failed optional dependency C:\Users\Risix\Desktop\Projects\RamirezLandscaping\tmp-lockcheck\node_modules\astro\node_modules\@esbuild\win32-ia32
2965 silly reify mark deleted [
2965 silly reify   'C:\\Users\\Risix\\Desktop\\Projects\\RamirezLandscaping\\tmp-lockcheck\\node_modules\\astro\\node_modules\\@esbuild\\win32-ia32'
2965 silly reify ]
2966 verbose reify failed optional dependency C:\Users\Risix\Desktop\Projects\RamirezLandscaping\tmp-lockcheck\node_modules\astro\node_modules\@esbuild\win32-arm64
2967 silly reify mark deleted [
2967 silly reify   'C:\\Users\\Risix\\Desktop\\Projects\\RamirezLandscaping\\tmp-lockcheck\\node_modules\\astro\\node_modules\\@esbuild\\win32-arm64'
2967 silly reify ]
2968 verbose reify failed optional dependency C:\Users\Risix\Desktop\Projects\RamirezLandscaping\tmp-lockcheck\node_modules\astro\node_modules\@esbuild\sunos-x64
2969 silly reify mark deleted [
2969 silly reify   'C:\\Users\\Risix\\Desktop\\Projects\\RamirezLandscaping\\tmp-lockcheck\\node_modules\\astro\\node_modules\\@esbuild\\sunos-x64'
2969 silly reify ]
2970 verbose reify failed optional dependency C:\Users\Risix\Desktop\Projects\RamirezLandscaping\tmp-lockcheck\node_modules\astro\node_modules\@esbuild\openharmony-arm64
2971 silly reify mark deleted [
2971 silly reify   'C:\\Users\\Risix\\Desktop\\Projects\\RamirezLandscaping\\tmp-lockcheck\\node_modules\\astro\\node_modules\\@esbuild\\openharmony-arm64'
2971 silly reify ]
2972 verbose reify failed optional dependency C:\Users\Risix\Desktop\Projects\RamirezLandscaping\tmp-lockcheck\node_modules\astro\node_modules\@esbuild\openbsd-x64
2973 silly reify mark deleted [
2973 silly reify   'C:\\Users\\Risix\\Desktop\\Projects\\RamirezLandscaping\\tmp-lockcheck\\node_modules\\astro\\node_modules\\@esbuild\\openbsd-x64'
2973 silly reify ]
2974 verbose reify failed optional dependency C:\Users\Risix\Desktop\Projects\RamirezLandscaping\tmp-lockcheck\node_modules\astro\node_modules\@esbuild\openbsd-arm64
2975 silly reify mark deleted [
2975 silly reify   'C:\\Users\\Risix\\Desktop\\Projects\\RamirezLandscaping\\tmp-lockcheck\\node_modules\\astro\\node_modules\\@esbuild\\openbsd-arm64'
2975 silly reify ]
2976 verbose reify failed optional dependency C:\Users\Risix\Desktop\Projects\RamirezLandscaping\tmp-lockcheck\node_modules\astro\node_modules\@esbuild\netbsd-x64
2977 silly reify mark deleted [
2977 silly reify   'C:\\Users\\Risix\\Desktop\\Projects\\RamirezLandscaping\\tmp-lockcheck\\node_modules\\astro\\node_modules\\@esbuild\\netbsd-x64'
2977 silly reify ]
2978 verbose reify failed optional dependency C:\Users\Risix\Desktop\Projects\RamirezLandscaping\tmp-lockcheck\node_modules\astro\node_modules\@esbuild\netbsd-arm64
2979 silly reify mark deleted [
2979 silly reify   'C:\\Users\\Risix\\Desktop\\Projects\\RamirezLandscaping\\tmp-lockcheck\\node_modules\\astro\\node_modules\\@esbuild\\netbsd-arm64'
2979 silly reify ]
2980 verbose reify failed optional dependency C:\Users\Risix\Desktop\Projects\RamirezLandscaping\tmp-lockcheck\node_modules\astro\node_modules\@esbuild\linux-x64
2981 silly reify mark deleted [
2981 silly reify   'C:\\Users\\Risix\\Desktop\\Projects\\RamirezLandscaping\\tmp-lockcheck\\node_modules\\astro\\node_modules\\@esbuild\\linux-x64'
2981 silly reify ]
2982 verbose reify failed optional dependency C:\Users\Risix\Desktop\Projects\RamirezLandscaping\tmp-lockcheck\node_modules\astro\node_modules\@esbuild\linux-s390x
2983 silly reify mark deleted [
2983 silly reify   'C:\\Users\\Risix\\Desktop\\Projects\\RamirezLandscaping\\tmp-lockcheck\\node_modules\\astro\\node_modules\\@esbuild\\linux-s390x'
2983 silly reify ]
2984 verbose reify failed optional dependency C:\Users\Risix\Desktop\Projects\RamirezLandscaping\tmp-lockcheck\node_modules\astro\node_modules\@esbuild\linux-riscv64
2985 silly reify mark deleted [
2985 silly reify   'C:\\Users\\Risix\\Desktop\\Projects\\RamirezLandscaping\\tmp-lockcheck\\node_modules\\astro\\node_modules\\@esbuild\\linux-riscv64'
2985 silly reify ]
2986 verbose reify failed optional dependency C:\Users\Risix\Desktop\Projects\RamirezLandscaping\tmp-lockcheck\node_modules\astro\node_modules\@esbuild\linux-ppc64
2987 silly reify mark deleted [
2987 silly reify   'C:\\Users\\Risix\\Desktop\\Projects\\RamirezLandscaping\\tmp-lockcheck\\node_modules\\astro\\node_modules\\@esbuild\\linux-ppc64'
2987 silly reify ]
2988 verbose reify failed optional dependency C:\Users\Risix\Desktop\Projects\RamirezLandscaping\tmp-lockcheck\node_modules\astro\node_modules\@esbuild\linux-mips64el
2989 silly reify mark deleted [
2989 silly reify   'C:\\Users\\Risix\\Desktop\\Projects\\RamirezLandscaping\\tmp-lockcheck\\node_modules\\astro\\node_modules\\@esbuild\\linux-mips64el'
2989 silly reify ]
2990 verbose reify failed optional dependency C:\Users\Risix\Desktop\Projects\RamirezLandscaping\tmp-lockcheck\node_modules\astro\node_modules\@esbuild\linux-loong64
2991 silly reify mark deleted [
2991 silly reify   'C:\\Users\\Risix\\Desktop\\Projects\\RamirezLandscaping\\tmp-lockcheck\\node_modules\\astro\\node_modules\\@esbuild\\linux-loong64'
2991 silly reify ]
2992 verbose reify failed optional dependency C:\Users\Risix\Desktop\Projects\RamirezLandscaping\tmp-lockcheck\node_modules\astro\node_modules\@esbuild\linux-ia32
2993 silly reify mark deleted [
2993 silly reify   'C:\\Users\\Risix\\Desktop\\Projects\\RamirezLandscaping\\tmp-lockcheck\\node_modules\\astro\\node_modules\\@esbuild\\linux-ia32'
2993 silly reify ]
2994 verbose reify failed optional dependency C:\Users\Risix\Desktop\Projects\RamirezLandscaping\tmp-lockcheck\node_modules\astro\node_modules\@esbuild\linux-arm64
2995 silly reify mark deleted [
2995 silly reify   'C:\\Users\\Risix\\Desktop\\Projects\\RamirezLandscaping\\tmp-lockcheck\\node_modules\\astro\\node_modules\\@esbuild\\linux-arm64'
2995 silly reify ]
2996 verbose reify failed optional dependency C:\Users\Risix\Desktop\Projects\RamirezLandscaping\tmp-lockcheck\node_modules\astro\node_modules\@esbuild\linux-arm
2997 silly reify mark deleted [
2997 silly reify   'C:\\Users\\Risix\\Desktop\\Projects\\RamirezLandscaping\\tmp-lockcheck\\node_modules\\astro\\node_modules\\@esbuild\\linux-arm'
2997 silly reify ]
2998 verbose reify failed optional dependency C:\Users\Risix\Desktop\Projects\RamirezLandscaping\tmp-lockcheck\node_modules\astro\node_modules\@esbuild\freebsd-x64
2999 silly reify mark deleted [
2999 silly reify   'C:\\Users\\Risix\\Desktop\\Projects\\RamirezLandscaping\\tmp-lockcheck\\node_modules\\astro\\node_modules\\@esbuild\\freebsd-x64'
2999 silly reify ]
3000 verbose reify failed optional dependency C:\Users\Risix\Desktop\Projects\RamirezLandscaping\tmp-lockcheck\node_modules\astro\node_modules\@esbuild\freebsd-arm64
3001 silly reify mark deleted [
3001 silly reify   'C:\\Users\\Risix\\Desktop\\Projects\\RamirezLandscaping\\tmp-lockcheck\\node_modules\\astro\\node_modules\\@esbuild\\freebsd-arm64'
3001 silly reify ]
3002 verbose reify failed optional dependency C:\Users\Risix\Desktop\Projects\RamirezLandscaping\tmp-lockcheck\node_modules\astro\node_modules\@esbuild\darwin-x64
3003 silly reify mark deleted [
3003 silly reify   'C:\\Users\\Risix\\Desktop\\Projects\\RamirezLandscaping\\tmp-lockcheck\\node_modules\\astro\\node_modules\\@esbuild\\darwin-x64'
3003 silly reify ]
3004 verbose reify failed optional dependency C:\Users\Risix\Desktop\Projects\RamirezLandscaping\tmp-lockcheck\node_modules\astro\node_modules\@esbuild\darwin-arm64
3005 silly reify mark deleted [
3005 silly reify   'C:\\Users\\Risix\\Desktop\\Projects\\RamirezLandscaping\\tmp-lockcheck\\node_modules\\astro\\node_modules\\@esbuild\\darwin-arm64'
3005 silly reify ]
3006 verbose reify failed optional dependency C:\Users\Risix\Desktop\Projects\RamirezLandscaping\tmp-lockcheck\node_modules\astro\node_modules\@esbuild\android-x64
3007 silly reify mark deleted [
3007 silly reify   'C:\\Users\\Risix\\Desktop\\Projects\\RamirezLandscaping\\tmp-lockcheck\\node_modules\\astro\\node_modules\\@esbuild\\android-x64'
3007 silly reify ]
3008 verbose reify failed optional dependency C:\Users\Risix\Desktop\Projects\RamirezLandscaping\tmp-lockcheck\node_modules\astro\node_modules\@esbuild\android-arm64
3009 silly reify mark deleted [
3009 silly reify   'C:\\Users\\Risix\\Desktop\\Projects\\RamirezLandscaping\\tmp-lockcheck\\node_modules\\astro\\node_modules\\@esbuild\\android-arm64'
3009 silly reify ]
3010 verbose reify failed optional dependency C:\Users\Risix\Desktop\Projects\RamirezLandscaping\tmp-lockcheck\node_modules\astro\node_modules\@esbuild\android-arm
3011 silly reify mark deleted [
3011 silly reify   'C:\\Users\\Risix\\Desktop\\Projects\\RamirezLandscaping\\tmp-lockcheck\\node_modules\\astro\\node_modules\\@esbuild\\android-arm'
3011 silly reify ]
3012 verbose reify failed optional dependency C:\Users\Risix\Desktop\Projects\RamirezLandscaping\tmp-lockcheck\node_modules\astro\node_modules\@esbuild\aix-ppc64
3013 silly reify mark deleted [
3013 silly reify   'C:\\Users\\Risix\\Desktop\\Projects\\RamirezLandscaping\\tmp-lockcheck\\node_modules\\astro\\node_modules\\@esbuild\\aix-ppc64'
3013 silly reify ]
3014 verbose reify failed optional dependency C:\Users\Risix\Desktop\Projects\RamirezLandscaping\tmp-lockcheck\node_modules\astro\node_modules\fsevents
3015 silly reify mark deleted [
3015 silly reify   'C:\\Users\\Risix\\Desktop\\Projects\\RamirezLandscaping\\tmp-lockcheck\\node_modules\\astro\\node_modules\\fsevents'
3015 silly reify ]
3016 verbose reify failed optional dependency C:\Users\Risix\Desktop\Projects\RamirezLandscaping\tmp-lockcheck\node_modules\vite\node_modules\fsevents
3017 silly reify mark deleted [
3017 silly reify   'C:\\Users\\Risix\\Desktop\\Projects\\RamirezLandscaping\\tmp-lockcheck\\node_modules\\vite\\node_modules\\fsevents'
3017 silly reify ]
3018 http cache @rollup/rollup-win32-x64-msvc@https://registry.npmjs.org/@rollup/rollup-win32-x64-msvc/-/rollup-win32-x64-msvc-4.60.3.tgz 1ms (cache hit)
3019 http cache @rollup/rollup-win32-x64-gnu@https://registry.npmjs.org/@rollup/rollup-win32-x64-gnu/-/rollup-win32-x64-gnu-4.60.3.tgz 0ms (cache hit)
3020 http cache yoctocolors@https://registry.npmjs.org/yoctocolors/-/yoctocolors-2.1.2.tgz 0ms (cache hit)
3021 http cache is-fullwidth-code-point@https://registry.npmjs.org/is-fullwidth-code-point/-/is-fullwidth-code-point-3.0.0.tgz 0ms (cache hit)
3022 http cache @tybys/wasm-util@https://registry.npmjs.org/@tybys/wasm-util/-/wasm-util-0.10.2.tgz 0ms (cache hit)
3023 http cache ansi-styles@https://registry.npmjs.org/ansi-styles/-/ansi-styles-6.2.3.tgz 0ms (cache hit)
3024 http cache @emnapi/wasi-threads@https://registry.npmjs.org/@emnapi/wasi-threads/-/wasi-threads-1.2.1.tgz 0ms (cache hit)
3025 http cache rollup@https://registry.npmjs.org/rollup/-/rollup-4.60.3.tgz 0ms (cache hit)
3026 http cache @emnapi/core@https://registry.npmjs.org/@emnapi/core/-/core-1.10.0.tgz 0ms (cache hit)
3027 http cache @oxc-project/types@https://registry.npmjs.org/@oxc-project/types/-/types-0.128.0.tgz 0ms (cache hit)
3028 http cache nanoid@https://registry.npmjs.org/nanoid/-/nanoid-3.3.12.tgz 0ms (cache hit)
3029 http cache @napi-rs/wasm-runtime@https://registry.npmjs.org/@napi-rs/wasm-runtime/-/wasm-runtime-1.1.4.tgz 0ms (cache hit)
3030 http cache @rolldown/binding-win32-x64-msvc@https://registry.npmjs.org/@rolldown/binding-win32-x64-msvc/-/binding-win32-x64-msvc-1.0.0-rc.18.tgz 0ms (cache hit)
3031 http cache rolldown@https://registry.npmjs.org/rolldown/-/rolldown-1.0.0-rc.18.tgz 0ms (cache hit)
3032 http cache @rolldown/pluginutils@https://registry.npmjs.org/@rolldown/pluginutils/-/pluginutils-1.0.0-rc.18.tgz 0ms (cache hit)
3033 http cache radix3@https://registry.npmjs.org/radix3/-/radix3-1.1.2.tgz 0ms (cache hit)
3034 http cache postcss@https://registry.npmjs.org/postcss/-/postcss-8.5.14.tgz 0ms (cache hit)
3035 http cache node-mock-http@https://registry.npmjs.org/node-mock-http/-/node-mock-http-1.0.4.tgz 0ms (cache hit)
3036 http cache iron-webcrypto@https://registry.npmjs.org/iron-webcrypto/-/iron-webcrypto-1.2.1.tgz 0ms (cache hit)
3037 http cache uncrypto@https://registry.npmjs.org/uncrypto/-/uncrypto-0.1.3.tgz 0ms (cache hit)
3038 http cache cookie-es@https://registry.npmjs.org/cookie-es/-/cookie-es-1.2.3.tgz 0ms (cache hit)
3039 http cache crossws@https://registry.npmjs.org/crossws/-/crossws-0.3.5.tgz 0ms (cache hit)
3040 http cache readdirp@https://registry.npmjs.org/readdirp/-/readdirp-5.0.0.tgz 0ms (cache hit)
3041 http cache defu@https://registry.npmjs.org/defu/-/defu-6.1.7.tgz 0ms (cache hit)
3042 http cache lru-cache@https://registry.npmjs.org/lru-cache/-/lru-cache-11.3.6.tgz 0ms (cache hit)
3043 http cache h3@https://registry.npmjs.org/h3/-/h3-1.15.11.tgz 0ms (cache hit)
3044 http cache normalize-path@https://registry.npmjs.org/normalize-path/-/normalize-path-3.0.0.tgz 1ms (cache hit)
3045 http cache anymatch@https://registry.npmjs.org/anymatch/-/anymatch-3.1.3.tgz 0ms (cache hit)
3046 http cache array-iterate@https://registry.npmjs.org/array-iterate/-/array-iterate-2.0.1.tgz 0ms (cache hit)
3047 http cache chokidar@https://registry.npmjs.org/chokidar/-/chokidar-5.0.0.tgz 0ms (cache hit)
3048 http cache node-fetch-native@https://registry.npmjs.org/node-fetch-native/-/node-fetch-native-1.6.7.tgz 0ms (cache hit)
3049 http cache ufo@https://registry.npmjs.org/ufo/-/ufo-1.6.4.tgz 0ms (cache hit)
3050 http cache destr@https://registry.npmjs.org/destr/-/destr-2.0.5.tgz 0ms (cache hit)
3051 http cache ofetch@https://registry.npmjs.org/ofetch/-/ofetch-1.5.1.tgz 0ms (cache hit)
3052 http cache ohash@https://registry.npmjs.org/ohash/-/ohash-2.0.11.tgz 0ms (cache hit)
3053 http cache is-plain-obj@https://registry.npmjs.org/is-plain-obj/-/is-plain-obj-4.1.0.tgz 0ms (cache hit)
3054 http cache trough@https://registry.npmjs.org/trough/-/trough-2.2.0.tgz 0ms (cache hit)
3055 http cache fdir@https://registry.npmjs.org/fdir/-/fdir-6.5.0.tgz 0ms (cache hit)
3056 http cache domelementtype@https://registry.npmjs.org/domelementtype/-/domelementtype-2.3.0.tgz 0ms (cache hit)
3057 http cache extend@https://registry.npmjs.org/extend/-/extend-3.0.2.tgz 0ms (cache hit)
3058 http cache dom-serializer@https://registry.npmjs.org/dom-serializer/-/dom-serializer-2.0.0.tgz 0ms (cache hit)
3059 http cache bail@https://registry.npmjs.org/bail/-/bail-2.0.2.tgz 0ms (cache hit)
3060 http cache nth-check@https://registry.npmjs.org/nth-check/-/nth-check-2.1.1.tgz 0ms (cache hit)
3061 http cache domutils@https://registry.npmjs.org/domutils/-/domutils-3.2.2.tgz 0ms (cache hit)
3062 http cache domhandler@https://registry.npmjs.org/domhandler/-/domhandler-5.0.3.tgz 0ms (cache hit)
3063 http cache mdn-data@https://registry.npmjs.org/mdn-data/-/mdn-data-2.27.1.tgz 0ms (cache hit)
3064 http cache picocolors@https://registry.npmjs.org/picocolors/-/picocolors-1.1.1.tgz 0ms (cache hit)
3065 http cache css-what@https://registry.npmjs.org/css-what/-/css-what-6.2.2.tgz 0ms (cache hit)
3066 http cache boolbase@https://registry.npmjs.org/boolbase/-/boolbase-1.0.0.tgz 0ms (cache hit)
3067 http cache css-tree@https://registry.npmjs.org/css-tree/-/css-tree-3.2.1.tgz 0ms (cache hit)
3068 http cache css-select@https://registry.npmjs.org/css-select/-/css-select-5.2.2.tgz 0ms (cache hit)
3069 http cache csso@https://registry.npmjs.org/csso/-/csso-5.0.5.tgz 0ms (cache hit)
3070 http cache ansi-regex@https://registry.npmjs.org/ansi-regex/-/ansi-regex-6.2.2.tgz 0ms (cache hit)
3071 http cache character-entities-legacy@https://registry.npmjs.org/character-entities-legacy/-/character-entities-legacy-3.0.0.tgz 0ms (cache hit)
3072 http cache commander@https://registry.npmjs.org/commander/-/commander-11.1.0.tgz 0ms (cache hit)
3073 http cache strip-ansi@https://registry.npmjs.org/strip-ansi/-/strip-ansi-7.2.0.tgz 0ms (cache hit)
3074 http cache emoji-regex@https://registry.npmjs.org/emoji-regex/-/emoji-regex-10.6.0.tgz 0ms (cache hit)
3075 http cache character-entities-html4@https://registry.npmjs.org/character-entities-html4/-/character-entities-html4-2.1.0.tgz 0ms (cache hit)
3076 http cache undici-types@https://registry.npmjs.org/undici-types/-/undici-types-7.16.0.tgz 0ms (cache hit)
3077 http cache @types/sax@https://registry.npmjs.org/@types/sax/-/sax-1.2.7.tgz 0ms (cache hit)
3078 http cache get-east-asian-width@https://registry.npmjs.org/get-east-asian-width/-/get-east-asian-width-1.6.0.tgz 0ms (cache hit)
3079 http cache arg@https://registry.npmjs.org/arg/-/arg-5.0.2.tgz 0ms (cache hit)
3080 http cache @types/node@https://registry.npmjs.org/@types/node/-/node-24.12.3.tgz 0ms (cache hit)
3081 http cache sax@https://registry.npmjs.org/sax/-/sax-1.6.0.tgz 0ms (cache hit)
3082 http cache regex-utilities@https://registry.npmjs.org/regex-utilities/-/regex-utilities-2.3.0.tgz 0ms (cache hit)
3083 http cache regex@https://registry.npmjs.org/regex/-/regex-6.1.0.tgz 0ms (cache hit)
3084 http cache regex-recursion@https://registry.npmjs.org/regex-recursion/-/regex-recursion-6.0.2.tgz 0ms (cache hit)
3085 http cache oniguruma-parser@https://registry.npmjs.org/oniguruma-parser/-/oniguruma-parser-0.12.2.tgz 0ms (cache hit)
3086 http cache @shikijs/vscode-textmate@https://registry.npmjs.org/@shikijs/vscode-textmate/-/vscode-textmate-10.0.2.tgz 0ms (cache hit)
3087 http cache oniguruma-to-es@https://registry.npmjs.org/oniguruma-to-es/-/oniguruma-to-es-4.3.6.tgz 0ms (cache hit)
3088 http cache @shikijs/types@https://registry.npmjs.org/@shikijs/types/-/types-3.23.0.tgz 0ms (cache hit)
3089 http cache @shikijs/themes@https://registry.npmjs.org/@shikijs/themes/-/themes-3.23.0.tgz 0ms (cache hit)
3090 http cache @shikijs/langs@https://registry.npmjs.org/@shikijs/langs/-/langs-3.23.0.tgz 0ms (cache hit)
3091 http cache @shikijs/engine-oniguruma@https://registry.npmjs.org/@shikijs/engine-oniguruma/-/engine-oniguruma-3.23.0.tgz 0ms (cache hit)
3092 http cache tslib@https://registry.npmjs.org/tslib/-/tslib-2.8.1.tgz 0ms (cache hit)
3093 http cache @emnapi/runtime@https://registry.npmjs.org/@emnapi/runtime/-/runtime-1.10.0.tgz 0ms (cache hit)
3094 http cache @shikijs/core@https://registry.npmjs.org/@shikijs/core/-/core-3.23.0.tgz 0ms (cache hit)
3095 http cache @shikijs/engine-javascript@https://registry.npmjs.org/@shikijs/engine-javascript/-/engine-javascript-3.23.0.tgz 0ms (cache hit)
3096 http cache unist-util-modify-children@https://registry.npmjs.org/unist-util-modify-children/-/unist-util-modify-children-4.0.0.tgz 0ms (cache hit)
3097 http cache nlcst-to-string@https://registry.npmjs.org/nlcst-to-string/-/nlcst-to-string-4.0.0.tgz 0ms (cache hit)
3098 http cache @img/sharp-win32-x64@https://registry.npmjs.org/@img/sharp-win32-x64/-/sharp-win32-x64-0.34.5.tgz 0ms (cache hit)
3099 http cache @img/colour@https://registry.npmjs.org/@img/colour/-/colour-1.1.0.tgz 0ms (cache hit)
3100 http cache unist-util-visit-children@https://registry.npmjs.org/unist-util-visit-children/-/unist-util-visit-children-3.0.0.tgz 0ms (cache hit)
3101 http cache parse-latin@https://registry.npmjs.org/parse-latin/-/parse-latin-7.0.0.tgz 0ms (cache hit)
3102 http cache retext-stringify@https://registry.npmjs.org/retext-stringify/-/retext-stringify-4.0.0.tgz 0ms (cache hit)
3103 http cache retext-latin@https://registry.npmjs.org/retext-latin/-/retext-latin-4.0.0.tgz 0ms (cache hit)
3104 http cache @types/nlcst@https://registry.npmjs.org/@types/nlcst/-/nlcst-2.0.3.tgz 0ms (cache hit)
3105 http cache retext-smartypants@https://registry.npmjs.org/retext-smartypants/-/retext-smartypants-6.2.0.tgz 0ms (cache hit)
3106 http cache retext@https://registry.npmjs.org/retext/-/retext-9.0.0.tgz 0ms (cache hit)
3107 http cache micromark-extension-gfm-tagfilter@https://registry.npmjs.org/micromark-extension-gfm-tagfilter/-/micromark-extension-gfm-tagfilter-2.0.0.tgz 0ms (cache hit)
3108 http cache micromark-extension-gfm-task-list-item@https://registry.npmjs.org/micromark-extension-gfm-task-list-item/-/micromark-extension-gfm-task-list-item-2.1.0.tgz 0ms (cache hit)
3109 http cache micromark-extension-gfm-table@https://registry.npmjs.org/micromark-extension-gfm-table/-/micromark-extension-gfm-table-2.1.1.tgz 0ms (cache hit)
3110 http cache micromark-extension-gfm-strikethrough@https://registry.npmjs.org/micromark-extension-gfm-strikethrough/-/micromark-extension-gfm-strikethrough-2.1.0.tgz 0ms (cache hit)
3111 http cache micromark-extension-gfm-footnote@https://registry.npmjs.org/micromark-extension-gfm-footnote/-/micromark-extension-gfm-footnote-2.1.0.tgz 0ms (cache hit)
3112 http cache micromark-util-html-tag-name@https://registry.npmjs.org/micromark-util-html-tag-name/-/micromark-util-html-tag-name-2.0.1.tgz 0ms (cache hit)
3113 http cache micromark-factory-whitespace@https://registry.npmjs.org/micromark-factory-whitespace/-/micromark-factory-whitespace-2.0.1.tgz 0ms (cache hit)
3114 http cache micromark-extension-gfm-autolink-literal@https://registry.npmjs.org/micromark-extension-gfm-autolink-literal/-/micromark-extension-gfm-autolink-literal-2.1.0.tgz 0ms (cache hit)
3115 http cache @types/ms@https://registry.npmjs.org/@types/ms/-/ms-2.1.0.tgz 0ms (cache hit)
3116 http cache micromark-factory-title@https://registry.npmjs.org/micromark-factory-title/-/micromark-factory-title-2.0.1.tgz 0ms (cache hit)
3117 http cache micromark-factory-label@https://registry.npmjs.org/micromark-factory-label/-/micromark-factory-label-2.0.1.tgz 0ms (cache hit)
3118 http cache micromark-factory-destination@https://registry.npmjs.org/micromark-factory-destination/-/micromark-factory-destination-2.0.1.tgz 0ms (cache hit)
3119 http cache micromark-util-resolve-all@https://registry.npmjs.org/micromark-util-resolve-all/-/micromark-util-resolve-all-2.0.1.tgz 0ms (cache hit)
3120 http cache micromark-util-subtokenize@https://registry.npmjs.org/micromark-util-subtokenize/-/micromark-util-subtokenize-2.1.0.tgz 0ms (cache hit)
3121 http cache @types/debug@https://registry.npmjs.org/@types/debug/-/debug-4.1.13.tgz 0ms (cache hit)
3122 http cache micromark-util-combine-extensions@https://registry.npmjs.org/micromark-util-combine-extensions/-/micromark-util-combine-extensions-2.0.1.tgz 0ms (cache hit)
3123 http cache micromark-factory-space@https://registry.npmjs.org/micromark-factory-space/-/micromark-factory-space-2.0.1.tgz 0ms (cache hit)
3124 http cache micromark-util-chunked@https://registry.npmjs.org/micromark-util-chunked/-/micromark-util-chunked-2.0.1.tgz 0ms (cache hit)
3125 http cache micromark-util-classify-character@https://registry.npmjs.org/micromark-util-classify-character/-/micromark-util-classify-character-2.0.1.tgz 0ms (cache hit)
3126 http cache mdast-util-phrasing@https://registry.npmjs.org/mdast-util-phrasing/-/mdast-util-phrasing-4.1.0.tgz 0ms (cache hit)
3127 http cache micromark-core-commonmark@https://registry.npmjs.org/micromark-core-commonmark/-/micromark-core-commonmark-2.0.3.tgz 0ms (cache hit)
3128 http cache markdown-table@https://registry.npmjs.org/markdown-table/-/markdown-table-3.0.4.tgz 0ms (cache hit)
3129 http cache unist-util-is@https://registry.npmjs.org/unist-util-is/-/unist-util-is-6.0.1.tgz 0ms (cache hit)
3130 http cache longest-streak@https://registry.npmjs.org/longest-streak/-/longest-streak-3.1.0.tgz 0ms (cache hit)
3131 http cache character-entities@https://registry.npmjs.org/character-entities/-/character-entities-2.0.2.tgz 0ms (cache hit)
3132 http cache mdast-util-find-and-replace@https://registry.npmjs.org/mdast-util-find-and-replace/-/mdast-util-find-and-replace-3.0.2.tgz 0ms (cache hit)
3133 http cache unist-util-stringify-position@https://registry.npmjs.org/unist-util-stringify-position/-/unist-util-stringify-position-4.0.0.tgz 0ms (cache hit)
3134 http cache micromark-util-normalize-identifier@https://registry.npmjs.org/micromark-util-normalize-identifier/-/micromark-util-normalize-identifier-2.0.1.tgz 0ms (cache hit)
3135 http cache escape-string-regexp@https://registry.npmjs.org/escape-string-regexp/-/escape-string-regexp-5.0.0.tgz 0ms (cache hit)
3136 http cache micromark-util-decode-numeric-character-reference@https://registry.npmjs.org/micromark-util-decode-numeric-character-reference/-/micromark-util-decode-numeric-character-reference-2.0.2.tgz 0ms (cache hit)
3137 http cache micromark@https://registry.npmjs.org/micromark/-/micromark-4.0.2.tgz 0ms (cache hit)
3138 http cache micromark-util-decode-string@https://registry.npmjs.org/micromark-util-decode-string/-/micromark-util-decode-string-2.0.1.tgz 0ms (cache hit)
3139 http cache mdast-util-to-markdown@https://registry.npmjs.org/mdast-util-to-markdown/-/mdast-util-to-markdown-2.1.2.tgz 0ms (cache hit)
3140 http cache mdast-util-gfm-task-list-item@https://registry.npmjs.org/mdast-util-gfm-task-list-item/-/mdast-util-gfm-task-list-item-2.0.0.tgz 0ms (cache hit)
3141 http cache mdast-util-to-string@https://registry.npmjs.org/mdast-util-to-string/-/mdast-util-to-string-4.0.0.tgz 0ms (cache hit)
3142 http cache mdast-util-gfm-table@https://registry.npmjs.org/mdast-util-gfm-table/-/mdast-util-gfm-table-2.0.0.tgz 0ms (cache hit)
3143 http cache mdast-util-gfm-strikethrough@https://registry.npmjs.org/mdast-util-gfm-strikethrough/-/mdast-util-gfm-strikethrough-2.0.0.tgz 0ms (cache hit)
3144 http cache decode-named-character-reference@https://registry.npmjs.org/decode-named-character-reference/-/decode-named-character-reference-1.3.0.tgz 0ms (cache hit)
3145 http cache mdast-util-gfm-footnote@https://registry.npmjs.org/mdast-util-gfm-footnote/-/mdast-util-gfm-footnote-2.1.0.tgz 0ms (cache hit)
3146 http cache mdast-util-from-markdown@https://registry.npmjs.org/mdast-util-from-markdown/-/mdast-util-from-markdown-2.0.3.tgz 0ms (cache hit)
3147 http cache mdast-util-gfm-autolink-literal@https://registry.npmjs.org/mdast-util-gfm-autolink-literal/-/mdast-util-gfm-autolink-literal-2.0.1.tgz 0ms (cache hit)
3148 http cache mdast-util-gfm@https://registry.npmjs.org/mdast-util-gfm/-/mdast-util-gfm-3.1.0.tgz 0ms (cache hit)
3149 http cache micromark-extension-gfm@https://registry.npmjs.org/micromark-extension-gfm/-/micromark-extension-gfm-3.0.0.tgz 0ms (cache hit)
3150 http cache remark-stringify@https://registry.npmjs.org/remark-stringify/-/remark-stringify-11.0.0.tgz 0ms (cache hit)
3151 http cache hast-util-whitespace@https://registry.npmjs.org/hast-util-whitespace/-/hast-util-whitespace-3.0.0.tgz 0ms (cache hit)
3152 http cache ccount@https://registry.npmjs.org/ccount/-/ccount-2.0.1.tgz 0ms (cache hit)
3153 http cache stringify-entities@https://registry.npmjs.org/stringify-entities/-/stringify-entities-4.0.4.tgz 0ms (cache hit)
3154 http cache micromark-util-types@https://registry.npmjs.org/micromark-util-types/-/micromark-util-types-2.0.2.tgz 0ms (cache hit)
3155 http cache micromark-util-symbol@https://registry.npmjs.org/micromark-util-symbol/-/micromark-util-symbol-2.0.1.tgz 0ms (cache hit)
3156 http cache hast-util-to-html@https://registry.npmjs.org/hast-util-to-html/-/hast-util-to-html-9.0.5.tgz 0ms (cache hit)
3157 http cache micromark-util-character@https://registry.npmjs.org/micromark-util-character/-/micromark-util-character-2.1.1.tgz 0ms (cache hit)
3158 http cache trim-lines@https://registry.npmjs.org/trim-lines/-/trim-lines-3.0.1.tgz 0ms (cache hit)
3159 http cache micromark-util-encode@https://registry.npmjs.org/micromark-util-encode/-/micromark-util-encode-2.0.1.tgz 0ms (cache hit)
3160 http cache zwitch@https://registry.npmjs.org/zwitch/-/zwitch-2.0.4.tgz 0ms (cache hit)
3161 http cache unist-util-position@https://registry.npmjs.org/unist-util-position/-/unist-util-position-5.0.0.tgz 0ms (cache hit)
3162 http cache micromark-util-sanitize-uri@https://registry.npmjs.org/micromark-util-sanitize-uri/-/micromark-util-sanitize-uri-2.0.1.tgz 0ms (cache hit)
3163 http cache @ungap/structured-clone@https://registry.npmjs.org/@ungap/structured-clone/-/structured-clone-1.3.1.tgz 0ms (cache hit)
3164 http cache html-void-elements@https://registry.npmjs.org/html-void-elements/-/html-void-elements-3.0.0.tgz 0ms (cache hit)
3165 http cache mdast-util-to-hast@https://registry.npmjs.org/mdast-util-to-hast/-/mdast-util-to-hast-13.2.1.tgz 0ms (cache hit)
3166 http cache hast-util-to-parse5@https://registry.npmjs.org/hast-util-to-parse5/-/hast-util-to-parse5-8.0.1.tgz 0ms (cache hit)
3167 http cache hast-util-raw@https://registry.npmjs.org/hast-util-raw/-/hast-util-raw-9.1.0.tgz 0ms (cache hit)
3168 http cache rehype-parse@https://registry.npmjs.org/rehype-parse/-/rehype-parse-9.0.1.tgz 0ms (cache hit)
3169 http cache sisteransi@https://registry.npmjs.org/sisteransi/-/sisteransi-1.0.5.tgz 0ms (cache hit)
3170 http cache kleur@https://registry.npmjs.org/kleur/-/kleur-3.0.3.tgz 0ms (cache hit)
3171 http cache playwright-core@https://registry.npmjs.org/playwright-core/-/playwright-core-1.59.1.tgz 0ms (cache hit)
3172 http cache entities@https://registry.npmjs.org/entities/-/entities-6.0.1.tgz 0ms (cache hit)
3173 http cache @types/mdast@https://registry.npmjs.org/@types/mdast/-/mdast-4.0.4.tgz 0ms (cache hit)
3174 http cache p-timeout@https://registry.npmjs.org/p-timeout/-/p-timeout-6.1.4.tgz 0ms (cache hit)
3175 http cache eventemitter3@https://registry.npmjs.org/eventemitter3/-/eventemitter3-5.0.4.tgz 0ms (cache hit)
3176 http cache yocto-queue@https://registry.npmjs.org/yocto-queue/-/yocto-queue-1.2.2.tgz 0ms (cache hit)
3177 http cache @babel/helper-validator-identifier@https://registry.npmjs.org/@babel/helper-validator-identifier/-/helper-validator-identifier-7.28.5.tgz 0ms (cache hit)
3178 http cache @babel/helper-string-parser@https://registry.npmjs.org/@babel/helper-string-parser/-/helper-string-parser-7.27.1.tgz 0ms (cache hit)
3179 http cache lightningcss-win32-x64-msvc@https://registry.npmjs.org/lightningcss-win32-x64-msvc/-/lightningcss-win32-x64-msvc-1.32.0.tgz 0ms (cache hit)
3180 http cache @babel/types@https://registry.npmjs.org/@babel/types/-/types-7.29.0.tgz 0ms (cache hit)
3181 http cache @babel/parser@https://registry.npmjs.org/@babel/parser/-/parser-7.29.3.tgz 0ms (cache hit)
3182 http cache argparse@https://registry.npmjs.org/argparse/-/argparse-2.0.1.tgz 0ms (cache hit)
3183 http cache detect-libc@https://registry.npmjs.org/detect-libc/-/detect-libc-2.1.2.tgz 0ms (cache hit)
3184 http cache hast-util-parse-selector@https://registry.npmjs.org/hast-util-parse-selector/-/hast-util-parse-selector-4.0.0.tgz 0ms (cache hit)
3185 http cache space-separated-tokens@https://registry.npmjs.org/space-separated-tokens/-/space-separated-tokens-2.0.2.tgz 0ms (cache hit)
3186 http cache is-inside-container@https://registry.npmjs.org/is-inside-container/-/is-inside-container-1.0.0.tgz 0ms (cache hit)
3187 http cache unist-util-find-after@https://registry.npmjs.org/unist-util-find-after/-/unist-util-find-after-5.0.0.tgz 0ms (cache hit)
3188 http cache hast-util-is-element@https://registry.npmjs.org/hast-util-is-element/-/hast-util-is-element-3.0.0.tgz 0ms (cache hit)
3189 http cache comma-separated-tokens@https://registry.npmjs.org/comma-separated-tokens/-/comma-separated-tokens-2.0.3.tgz 0ms (cache hit)
3190 http cache property-information@https://registry.npmjs.org/property-information/-/property-information-7.1.0.tgz 0ms (cache hit)
3191 http cache vfile-location@https://registry.npmjs.org/vfile-location/-/vfile-location-5.0.3.tgz 0ms (cache hit)
3192 http cache hastscript@https://registry.npmjs.org/hastscript/-/hastscript-9.0.1.tgz 0ms (cache hit)
3193 http cache web-namespaces@https://registry.npmjs.org/web-namespaces/-/web-namespaces-2.0.1.tgz 0ms (cache hit)
3194 http cache dequal@https://registry.npmjs.org/dequal/-/dequal-2.0.3.tgz 0ms (cache hit)
3195 http cache vfile-message@https://registry.npmjs.org/vfile-message/-/vfile-message-4.0.3.tgz 0ms (cache hit)
3196 http cache @types/unist@https://registry.npmjs.org/@types/unist/-/unist-3.0.3.tgz 0ms (cache hit)
3197 http cache hast-util-from-parse5@https://registry.npmjs.org/hast-util-from-parse5/-/hast-util-from-parse5-8.0.3.tgz 0ms (cache hit)
3198 http cache @types/hast@https://registry.npmjs.org/@types/hast/-/hast-3.0.4.tgz 0ms (cache hit)
3199 http cache parse5@https://registry.npmjs.org/parse5/-/parse5-7.3.0.tgz 0ms (cache hit)
3200 http cache devlop@https://registry.npmjs.org/devlop/-/devlop-1.1.0.tgz 0ms (cache hit)
3201 http cache tiny-inflate@https://registry.npmjs.org/tiny-inflate/-/tiny-inflate-1.0.3.tgz 0ms (cache hit)
3202 http cache @esbuild/win32-x64@https://registry.npmjs.org/@esbuild/win32-x64/-/win32-x64-0.27.7.tgz 0ms (cache hit)
3203 http cache tapable@https://registry.npmjs.org/tapable/-/tapable-2.3.3.tgz 0ms (cache hit)
3204 http cache graceful-fs@https://registry.npmjs.org/graceful-fs/-/graceful-fs-4.2.11.tgz 0ms (cache hit)
3205 http cache base-64@https://registry.npmjs.org/base-64/-/base-64-1.0.0.tgz 0ms (cache hit)
3206 http cache ms@https://registry.npmjs.org/ms/-/ms-2.1.3.tgz 0ms (cache hit)
3207 http cache wrap-ansi@https://registry.npmjs.org/wrap-ansi/-/wrap-ansi-9.0.2.tgz 0ms (cache hit)
3208 http cache widest-line@https://registry.npmjs.org/widest-line/-/widest-line-5.0.0.tgz 0ms (cache hit)
3209 http cache type-fest@https://registry.npmjs.org/type-fest/-/type-fest-4.41.0.tgz 0ms (cache hit)
3210 http cache cli-boxes@https://registry.npmjs.org/cli-boxes/-/cli-boxes-3.0.0.tgz 0ms (cache hit)
3211 http cache string-width@https://registry.npmjs.org/string-width/-/string-width-7.2.0.tgz 0ms (cache hit)
3212 http cache @types/estree@https://registry.npmjs.org/@types/estree/-/estree-1.0.9.tgz 0ms (cache hit)
3213 http cache chalk@https://registry.npmjs.org/chalk/-/chalk-5.6.2.tgz 0ms (cache hit)
3214 http cache camelcase@https://registry.npmjs.org/camelcase/-/camelcase-8.0.0.tgz 0ms (cache hit)
3215 http cache ansi-align@https://registry.npmjs.org/ansi-align/-/ansi-align-3.0.1.tgz 0ms (cache hit)
3216 http cache fontkitten@https://registry.npmjs.org/fontkitten/-/fontkitten-1.0.3.tgz 0ms (cache hit)
3217 http cache which-pm-runs@https://registry.npmjs.org/which-pm-runs/-/which-pm-runs-1.1.0.tgz 0ms (cache hit)
3218 http cache is-wsl@https://registry.npmjs.org/is-wsl/-/is-wsl-3.1.1.tgz 0ms (cache hit)
3219 http cache is-docker@https://registry.npmjs.org/is-docker/-/is-docker-3.0.0.tgz 0ms (cache hit)
3220 http cache unist-util-visit-parents@https://registry.npmjs.org/unist-util-visit-parents/-/unist-util-visit-parents-6.0.2.tgz 0ms (cache hit)
3221 http cache unist-util-remove-position@https://registry.npmjs.org/unist-util-remove-position/-/unist-util-remove-position-5.0.0.tgz 0ms (cache hit)
3222 http cache prismjs@https://registry.npmjs.org/prismjs/-/prismjs-1.30.0.tgz 0ms (cache hit)
3223 http cache unified@https://registry.npmjs.org/unified/-/unified-11.0.5.tgz 0ms (cache hit)
3224 http cache remark-smartypants@https://registry.npmjs.org/remark-smartypants/-/remark-smartypants-3.0.2.tgz 0ms (cache hit)
3225 http cache remark-rehype@https://registry.npmjs.org/remark-rehype/-/remark-rehype-11.1.2.tgz 0ms (cache hit)
3226 http cache remark-parse@https://registry.npmjs.org/remark-parse/-/remark-parse-11.0.0.tgz 0ms (cache hit)
3227 http cache remark-gfm@https://registry.npmjs.org/remark-gfm/-/remark-gfm-4.0.1.tgz 0ms (cache hit)
3228 http cache rehype-stringify@https://registry.npmjs.org/rehype-stringify/-/rehype-stringify-10.0.1.tgz 0ms (cache hit)
3229 http cache rehype-raw@https://registry.npmjs.org/rehype-raw/-/rehype-raw-7.0.0.tgz 0ms (cache hit)
3230 http cache mdast-util-definitions@https://registry.npmjs.org/mdast-util-definitions/-/mdast-util-definitions-6.0.0.tgz 0ms (cache hit)
3231 http cache @astrojs/prism@https://registry.npmjs.org/@astrojs/prism/-/prism-3.3.0.tgz 0ms (cache hit)
3232 http cache hast-util-to-text@https://registry.npmjs.org/hast-util-to-text/-/hast-util-to-text-4.0.2.tgz 0ms (cache hit)
3233 http cache hast-util-from-html@https://registry.npmjs.org/hast-util-from-html/-/hast-util-from-html-2.0.3.tgz 0ms (cache hit)
3234 http cache typescript@https://registry.npmjs.org/typescript/-/typescript-5.9.3.tgz 0ms (cache hit)
3235 http cache zod-to-json-schema@https://registry.npmjs.org/zod-to-json-schema/-/zod-to-json-schema-3.25.2.tgz 0ms (cache hit)
3236 http cache yocto-spinner@https://registry.npmjs.org/yocto-spinner/-/yocto-spinner-0.2.3.tgz 0ms (cache hit)
3237 http cache yargs-parser@https://registry.npmjs.org/yargs-parser/-/yargs-parser-21.1.1.tgz 0ms (cache hit)
3238 http cache xxhash-wasm@https://registry.npmjs.org/xxhash-wasm/-/xxhash-wasm-1.1.0.tgz 0ms (cache hit)
3239 http cache vitefu@https://registry.npmjs.org/vitefu/-/vitefu-1.1.3.tgz 0ms (cache hit)
3240 http cache unstorage@https://registry.npmjs.org/unstorage/-/unstorage-1.17.5.tgz 0ms (cache hit)
3241 http cache unist-util-visit@https://registry.npmjs.org/unist-util-visit/-/unist-util-visit-5.1.0.tgz 0ms (cache hit)
3242 http cache unifont@https://registry.npmjs.org/unifont/-/unifont-0.7.4.tgz 0ms (cache hit)
3243 http cache ultrahtml@https://registry.npmjs.org/ultrahtml/-/ultrahtml-1.6.0.tgz 0ms (cache hit)
3244 http cache tsconfck@https://registry.npmjs.org/tsconfck/-/tsconfck-3.1.6.tgz 0ms (cache hit)
3245 http cache tinyglobby@https://registry.npmjs.org/tinyglobby/-/tinyglobby-0.2.16.tgz 0ms (cache hit)
3246 http cache tinyexec@https://registry.npmjs.org/tinyexec/-/tinyexec-1.1.2.tgz 0ms (cache hit)
3247 http cache svgo@https://registry.npmjs.org/svgo/-/svgo-4.0.1.tgz 0ms (cache hit)
3248 http cache smol-toml@https://registry.npmjs.org/smol-toml/-/smol-toml-1.6.1.tgz 0ms (cache hit)
3249 http cache sharp@https://registry.npmjs.org/sharp/-/sharp-0.34.5.tgz 0ms (cache hit)
3250 http cache semver@https://registry.npmjs.org/semver/-/semver-7.8.0.tgz 0ms (cache hit)
3251 http cache shiki@https://registry.npmjs.org/shiki/-/shiki-3.23.0.tgz 0ms (cache hit)
3252 http cache rehype@https://registry.npmjs.org/rehype/-/rehype-13.0.2.tgz 0ms (cache hit)
3253 http cache vfile@https://registry.npmjs.org/vfile/-/vfile-6.0.3.tgz 0ms (cache hit)
3254 http cache picomatch@https://registry.npmjs.org/picomatch/-/picomatch-4.0.4.tgz 0ms (cache hit)
3255 http cache piccolore@https://registry.npmjs.org/piccolore/-/piccolore-0.1.3.tgz 0ms (cache hit)
3256 http cache package-manager-detector@https://registry.npmjs.org/package-manager-detector/-/package-manager-detector-1.6.0.tgz 0ms (cache hit)
3257 http cache p-queue@https://registry.npmjs.org/p-queue/-/p-queue-8.1.1.tgz 0ms (cache hit)
3258 http cache p-limit@https://registry.npmjs.org/p-limit/-/p-limit-6.2.0.tgz 0ms (cache hit)
3259 http cache neotraverse@https://registry.npmjs.org/neotraverse/-/neotraverse-0.6.18.tgz 0ms (cache hit)
3260 http cache mrmime@https://registry.npmjs.org/mrmime/-/mrmime-2.0.1.tgz 0ms (cache hit)
3261 http cache magicast@https://registry.npmjs.org/magicast/-/magicast-0.5.2.tgz 0ms (cache hit)
3262 http cache js-yaml@https://registry.npmjs.org/js-yaml/-/js-yaml-4.1.1.tgz 0ms (cache hit)
3263 http cache import-meta-resolve@https://registry.npmjs.org/import-meta-resolve/-/import-meta-resolve-4.2.0.tgz 0ms (cache hit)
3264 http cache http-cache-semantics@https://registry.npmjs.org/http-cache-semantics/-/http-cache-semantics-4.2.0.tgz 0ms (cache hit)
3265 http cache html-escaper@https://registry.npmjs.org/html-escaper/-/html-escaper-3.0.3.tgz 0ms (cache hit)
3266 http cache github-slugger@https://registry.npmjs.org/github-slugger/-/github-slugger-2.0.0.tgz 0ms (cache hit)
3267 http cache fontace@https://registry.npmjs.org/fontace/-/fontace-0.4.1.tgz 0ms (cache hit)
3268 http cache flattie@https://registry.npmjs.org/flattie/-/flattie-1.1.1.tgz 0ms (cache hit)
3269 http cache estree-walker@https://registry.npmjs.org/estree-walker/-/estree-walker-3.0.3.tgz 0ms (cache hit)
3270 http cache esbuild@https://registry.npmjs.org/esbuild/-/esbuild-0.27.7.tgz 0ms (cache hit)
3271 http cache es-module-lexer@https://registry.npmjs.org/es-module-lexer/-/es-module-lexer-1.7.0.tgz 0ms (cache hit)
3272 http cache dset@https://registry.npmjs.org/dset/-/dset-3.1.4.tgz 0ms (cache hit)
3273 http cache dlv@https://registry.npmjs.org/dlv/-/dlv-1.1.3.tgz 0ms (cache hit)
3274 http cache diff@https://registry.npmjs.org/diff/-/diff-8.0.4.tgz 0ms (cache hit)
3275 http cache devalue@https://registry.npmjs.org/devalue/-/devalue-5.8.0.tgz 0ms (cache hit)
3276 http cache deterministic-object-hash@https://registry.npmjs.org/deterministic-object-hash/-/deterministic-object-hash-2.0.2.tgz 0ms (cache hit)
3277 http cache debug@https://registry.npmjs.org/debug/-/debug-4.4.3.tgz 0ms (cache hit)
3278 http cache cssesc@https://registry.npmjs.org/cssesc/-/cssesc-3.0.0.tgz 0ms (cache hit)
3279 http cache cookie@https://registry.npmjs.org/cookie/-/cookie-1.1.1.tgz 0ms (cache hit)
3280 http cache common-ancestor-path@https://registry.npmjs.org/common-ancestor-path/-/common-ancestor-path-1.0.1.tgz 0ms (cache hit)
3281 http cache ci-info@https://registry.npmjs.org/ci-info/-/ci-info-4.4.0.tgz 0ms (cache hit)
3282 http cache clsx@https://registry.npmjs.org/clsx/-/clsx-2.1.1.tgz 0ms (cache hit)
3283 http cache boxen@https://registry.npmjs.org/boxen/-/boxen-8.0.1.tgz 0ms (cache hit)
3284 http cache axobject-query@https://registry.npmjs.org/axobject-query/-/axobject-query-4.1.0.tgz 0ms (cache hit)
3285 http cache @oslojs/encoding@https://registry.npmjs.org/@oslojs/encoding/-/encoding-1.1.0.tgz 0ms (cache hit)
3286 http cache aria-query@https://registry.npmjs.org/aria-query/-/aria-query-5.3.2.tgz 0ms (cache hit)
3287 http cache acorn@https://registry.npmjs.org/acorn/-/acorn-8.16.0.tgz 0ms (cache hit)
3288 http cache @rollup/pluginutils@https://registry.npmjs.org/@rollup/pluginutils/-/pluginutils-5.3.0.tgz 0ms (cache hit)
3289 http cache @capsizecss/unpack@https://registry.npmjs.org/@capsizecss/unpack/-/unpack-4.0.0.tgz 0ms (cache hit)
3290 http cache @astrojs/telemetry@https://registry.npmjs.org/@astrojs/telemetry/-/telemetry-3.3.0.tgz 0ms (cache hit)
3291 http cache @astrojs/internal-helpers@https://registry.npmjs.org/@astrojs/internal-helpers/-/internal-helpers-0.7.6.tgz 0ms (cache hit)
3292 http cache @astrojs/markdown-remark@https://registry.npmjs.org/@astrojs/markdown-remark/-/markdown-remark-6.3.11.tgz 0ms (cache hit)
3293 http cache @jridgewell/resolve-uri@https://registry.npmjs.org/@jridgewell/resolve-uri/-/resolve-uri-3.1.2.tgz 0ms (cache hit)
3294 http cache @astrojs/compiler@https://registry.npmjs.org/@astrojs/compiler/-/compiler-2.13.1.tgz 0ms (cache hit)
3295 http cache @tailwindcss/oxide-win32-x64-msvc@https://registry.npmjs.org/@tailwindcss/oxide-win32-x64-msvc/-/oxide-win32-x64-msvc-4.3.0.tgz 0ms (cache hit)
3296 http cache source-map-js@https://registry.npmjs.org/source-map-js/-/source-map-js-1.2.1.tgz 0ms (cache hit)
3297 http cache magic-string@https://registry.npmjs.org/magic-string/-/magic-string-0.30.21.tgz 0ms (cache hit)
3298 http cache lightningcss@https://registry.npmjs.org/lightningcss/-/lightningcss-1.32.0.tgz 0ms (cache hit)
3299 http cache @jridgewell/sourcemap-codec@https://registry.npmjs.org/@jridgewell/sourcemap-codec/-/sourcemap-codec-1.5.5.tgz 0ms (cache hit)
3300 http cache prompts@https://registry.npmjs.org/prompts/-/prompts-2.4.2.tgz 0ms (cache hit)
3301 http cache @jridgewell/gen-mapping@https://registry.npmjs.org/@jridgewell/gen-mapping/-/gen-mapping-0.3.13.tgz 0ms (cache hit)
3302 http cache @tailwindcss/oxide@https://registry.npmjs.org/@tailwindcss/oxide/-/oxide-4.3.0.tgz 0ms (cache hit)
3303 http cache @jridgewell/trace-mapping@https://registry.npmjs.org/@jridgewell/trace-mapping/-/trace-mapping-0.3.31.tgz 0ms (cache hit)
3304 http cache @jridgewell/remapping@https://registry.npmjs.org/@jridgewell/remapping/-/remapping-2.3.5.tgz 0ms (cache hit)
3305 http cache enhanced-resolve@https://registry.npmjs.org/enhanced-resolve/-/enhanced-resolve-5.21.2.tgz 0ms (cache hit)
3306 http cache jiti@https://registry.npmjs.org/jiti/-/jiti-2.7.0.tgz 0ms (cache hit)
3307 http cache zod@https://registry.npmjs.org/zod/-/zod-4.4.3.tgz 0ms (cache hit)
3308 http cache stream-replace-string@https://registry.npmjs.org/stream-replace-string/-/stream-replace-string-2.0.0.tgz 0ms (cache hit)
3309 http cache @tailwindcss/node@https://registry.npmjs.org/@tailwindcss/node/-/node-4.3.0.tgz 0ms (cache hit)
3310 http cache playwright@https://registry.npmjs.org/playwright/-/playwright-1.59.1.tgz 0ms (cache hit)
3311 http cache @tailwindcss/vite@https://registry.npmjs.org/@tailwindcss/vite/-/vite-4.3.0.tgz 0ms (cache hit)
3312 http cache sitemap@https://registry.npmjs.org/sitemap/-/sitemap-9.0.1.tgz 0ms (cache hit)
3313 http cache tailwindcss@https://registry.npmjs.org/tailwindcss/-/tailwindcss-4.3.0.tgz 0ms (cache hit)
3314 http cache astro@https://registry.npmjs.org/astro/-/astro-5.18.1.tgz 0ms (cache hit)
3315 http cache @astrojs/sitemap@https://registry.npmjs.org/@astrojs/sitemap/-/sitemap-3.7.2.tgz 0ms (cache hit)
3316 http cache vite@https://registry.npmjs.org/vite/-/vite-8.0.11.tgz 0ms (cache hit)
3317 http cache picomatch@https://registry.npmjs.org/picomatch/-/picomatch-2.3.2.tgz 0ms (cache hit)
3318 http cache @types/estree@https://registry.npmjs.org/@types/estree/-/estree-1.0.8.tgz 0ms (cache hit)
3319 http cache entities@https://registry.npmjs.org/entities/-/entities-4.5.0.tgz 0ms (cache hit)
3320 http cache css-tree@https://registry.npmjs.org/css-tree/-/css-tree-2.2.1.tgz 0ms (cache hit)
3321 http cache mdn-data@https://registry.npmjs.org/mdn-data/-/mdn-data-2.0.28.tgz 0ms (cache hit)
3322 http cache strip-ansi@https://registry.npmjs.org/strip-ansi/-/strip-ansi-6.0.1.tgz 0ms (cache hit)
3323 http cache estree-walker@https://registry.npmjs.org/estree-walker/-/estree-walker-2.0.2.tgz 0ms (cache hit)
3324 http cache @esbuild/win32-x64@https://registry.npmjs.org/@esbuild/win32-x64/-/win32-x64-0.25.12.tgz 0ms (cache hit)
3325 http cache zod@https://registry.npmjs.org/zod/-/zod-3.25.76.tgz 0ms (cache hit)
3326 http cache string-width@https://registry.npmjs.org/string-width/-/string-width-4.2.3.tgz 0ms (cache hit)
3327 http cache emoji-regex@https://registry.npmjs.org/emoji-regex/-/emoji-regex-8.0.0.tgz 0ms (cache hit)
3328 http cache ansi-regex@https://registry.npmjs.org/ansi-regex/-/ansi-regex-5.0.1.tgz 0ms (cache hit)
3329 http cache esbuild@https://registry.npmjs.org/esbuild/-/esbuild-0.25.12.tgz 0ms (cache hit)
3330 http cache zod-to-ts@https://registry.npmjs.org/zod-to-ts/-/zod-to-ts-1.2.0.tgz 0ms (cache hit)
3331 http cache vite@https://registry.npmjs.org/vite/-/vite-6.4.2.tgz 0ms (cache hit)
3332 http fetch POST 200 https://registry.npmjs.org/-/npm/v1/security/advisories/bulk 686ms
3333 silly audit report {
3333 silly audit report   astro: [
3333 silly audit report     {
3333 silly audit report       id: 1117141,
3333 silly audit report       url: 'https://github.com/advisories/GHSA-j687-52p2-xcff',
3333 silly audit report       title: 'Astro: XSS in define:vars via incomplete </script> tag sanitization',
3333 silly audit report       severity: 'moderate',
3333 silly audit report       vulnerable_versions: '<6.1.6',
3333 silly audit report       cwe: [Array],
3333 silly audit report       cvss: [Object]
3333 silly audit report     }
3333 silly audit report   ]
3333 silly audit report }
3334 silly packumentCache corgi:https://registry.npmjs.org/astro cache-miss
3335 http fetch GET 200 https://registry.npmjs.org/astro 366ms (cache revalidated)
3336 silly packumentCache corgi:https://registry.npmjs.org/astro set size:4371718 disposed:false
3337 info run sharp@0.34.5 install node_modules/sharp node install/check.js || npm run build
3338 info run sharp@0.34.5 install { code: 0, signal: null }
3339 info run esbuild@0.27.7 postinstall node_modules/esbuild node install.js
3340 info run esbuild@0.25.12 postinstall node_modules/astro/node_modules/vite/node_modules/esbuild node install.js
3341 info run esbuild@0.27.7 postinstall { code: 0, signal: null }
3342 info run esbuild@0.25.12 postinstall { code: 0, signal: null }
3343 silly ADD node_modules/@rollup/rollup-win32-x64-msvc
3344 silly ADD node_modules/@rollup/rollup-win32-x64-gnu
3345 silly ADD
3346 silly ADD
3347 silly ADD
3348 silly ADD
3349 silly ADD
3350 silly ADD
3351 silly ADD
3352 silly ADD
3353 silly ADD
3354 silly ADD
3355 silly ADD
3356 silly ADD
3357 silly ADD
3358 silly ADD
3359 silly ADD
3360 silly ADD
3361 silly ADD
3362 silly ADD
3363 silly ADD
3364 silly ADD
3365 silly ADD
3366 silly ADD
3367 silly ADD
3368 silly ADD node_modules/rollup
3369 silly ADD node_modules/rollup/node_modules/@types/estree
3370 silly ADD node_modules/is-fullwidth-code-point
3371 silly ADD node_modules/yoctocolors
3372 silly ADD node_modules/ansi-styles
3373 silly ADD node_modules/@tybys/wasm-util
3374 silly ADD node_modules/@emnapi/wasi-threads
3375 silly ADD node_modules/@napi-rs/wasm-runtime
3376 silly ADD node_modules/@emnapi/core
3377 silly ADD node_modules/@rolldown/pluginutils
3378 silly ADD node_modules/@rolldown/binding-win32-x64-msvc
3379 silly ADD
3380 silly ADD
3381 silly ADD
3382 silly ADD
3383 silly ADD
3384 silly ADD
3385 silly ADD
3386 silly ADD
3387 silly ADD
3388 silly ADD
3389 silly ADD
3390 silly ADD
3391 silly ADD
3392 silly ADD
3393 silly ADD node_modules/@oxc-project/types
3394 silly ADD node_modules/nanoid
3395 silly ADD node_modules/rolldown
3396 silly ADD node_modules/postcss
3397 silly ADD node_modules/uncrypto
3398 silly ADD node_modules/radix3
3399 silly ADD node_modules/node-mock-http
3400 silly ADD node_modules/iron-webcrypto
3401 silly ADD node_modules/defu
3402 silly ADD node_modules/crossws
3403 silly ADD node_modules/cookie-es
3404 silly ADD node_modules/readdirp
3405 silly ADD node_modules/normalize-path
3406 silly ADD node_modules/lru-cache
3407 silly ADD node_modules/h3
3408 silly ADD node_modules/chokidar
3409 silly ADD node_modules/anymatch
3410 silly ADD node_modules/anymatch/node_modules/picomatch
3411 silly ADD node_modules/array-iterate
3412 silly ADD node_modules/ufo
3413 silly ADD node_modules/node-fetch-native
3414 silly ADD node_modules/destr
3415 silly ADD node_modules/ohash
3416 silly ADD node_modules/ofetch
3417 silly ADD node_modules/trough
3418 silly ADD node_modules/is-plain-obj
3419 silly ADD node_modules/extend
3420 silly ADD node_modules/bail
3421 silly ADD node_modules/fdir
3422 silly ADD node_modules/dom-serializer
3423 silly ADD node_modules/dom-serializer/node_modules/entities
3424 silly ADD node_modules/domelementtype
3425 silly ADD node_modules/mdn-data
3426 silly ADD node_modules/nth-check
3427 silly ADD node_modules/domutils
3428 silly ADD node_modules/domhandler
3429 silly ADD node_modules/boolbase
3430 silly ADD node_modules/picocolors
3431 silly ADD node_modules/csso
3432 silly ADD node_modules/csso/node_modules/mdn-data
3433 silly ADD node_modules/csso/node_modules/css-tree
3434 silly ADD node_modules/css-what
3435 silly ADD node_modules/css-tree
3436 silly ADD node_modules/css-select
3437 silly ADD node_modules/commander
3438 silly ADD node_modules/ansi-regex
3439 silly ADD node_modules/character-entities-legacy
3440 silly ADD node_modules/character-entities-html4
3441 silly ADD node_modules/strip-ansi
3442 silly ADD node_modules/get-east-asian-width
3443 silly ADD node_modules/emoji-regex
3444 silly ADD node_modules/undici-types
3445 silly ADD node_modules/sax
3446 silly ADD node_modules/arg
3447 silly ADD node_modules/@types/sax
3448 silly ADD node_modules/@types/node
3449 silly ADD node_modules/regex-utilities
3450 silly ADD node_modules/regex-recursion
3451 silly ADD node_modules/regex
3452 silly ADD node_modules/oniguruma-parser
3453 silly ADD node_modules/oniguruma-to-es
3454 silly ADD node_modules/@shikijs/vscode-textmate
3455 silly ADD node_modules/@shikijs/types
3456 silly ADD node_modules/@shikijs/themes
3457 silly ADD node_modules/@shikijs/langs
3458 silly ADD node_modules/@shikijs/engine-oniguruma
3459 silly ADD node_modules/@shikijs/engine-javascript
3460 silly ADD node_modules/@shikijs/core
3461 silly ADD node_modules/tslib
3462 silly ADD node_modules/@emnapi/runtime
3463 silly ADD node_modules/@img/sharp-win32-x64
3464 silly ADD
3465 silly ADD
3466 silly ADD
3467 silly ADD
3468 silly ADD
3469 silly ADD
3470 silly ADD
3471 silly ADD
3472 silly ADD
3473 silly ADD
3474 silly ADD
3475 silly ADD
3476 silly ADD
3477 silly ADD
3478 silly ADD
3479 silly ADD
3480 silly ADD
3481 silly ADD
3482 silly ADD
3483 silly ADD
3484 silly ADD
3485 silly ADD
3486 silly ADD
3487 silly ADD node_modules/@img/colour
3488 silly ADD node_modules/unist-util-visit-children
3489 silly ADD node_modules/unist-util-modify-children
3490 silly ADD node_modules/nlcst-to-string
3491 silly ADD node_modules/parse-latin
3492 silly ADD node_modules/retext-stringify
3493 silly ADD node_modules/retext-latin
3494 silly ADD node_modules/@types/nlcst
3495 silly ADD node_modules/retext-smartypants
3496 silly ADD node_modules/retext
3497 silly ADD node_modules/micromark-extension-gfm-task-list-item
3498 silly ADD node_modules/micromark-extension-gfm-tagfilter
3499 silly ADD node_modules/micromark-extension-gfm-table
3500 silly ADD node_modules/micromark-extension-gfm-strikethrough
3501 silly ADD node_modules/micromark-extension-gfm-footnote
3502 silly ADD node_modules/micromark-extension-gfm-autolink-literal
3503 silly ADD node_modules/micromark-util-html-tag-name
3504 silly ADD node_modules/micromark-factory-whitespace
3505 silly ADD node_modules/micromark-factory-title
3506 silly ADD node_modules/micromark-factory-label
3507 silly ADD node_modules/micromark-factory-destination
3508 silly ADD node_modules/@types/ms
3509 silly ADD node_modules/micromark-util-subtokenize
3510 silly ADD node_modules/micromark-util-resolve-all
3511 silly ADD node_modules/micromark-util-combine-extensions
3512 silly ADD node_modules/micromark-util-chunked
3513 silly ADD node_modules/micromark-factory-space
3514 silly ADD node_modules/micromark-core-commonmark
3515 silly ADD node_modules/@types/debug
3516 silly ADD node_modules/micromark-util-classify-character
3517 silly ADD node_modules/mdast-util-phrasing
3518 silly ADD node_modules/longest-streak
3519 silly ADD node_modules/markdown-table
3520 silly ADD node_modules/unist-util-is
3521 silly ADD node_modules/escape-string-regexp
3522 silly ADD node_modules/mdast-util-find-and-replace
3523 silly ADD node_modules/character-entities
3524 silly ADD node_modules/unist-util-stringify-position
3525 silly ADD node_modules/micromark-util-normalize-identifier
3526 silly ADD node_modules/micromark-util-decode-string
3527 silly ADD node_modules/micromark-util-decode-numeric-character-reference
3528 silly ADD node_modules/micromark
3529 silly ADD node_modules/mdast-util-to-string
3530 silly ADD node_modules/decode-named-character-reference
3531 silly ADD node_modules/mdast-util-to-markdown
3532 silly ADD node_modules/mdast-util-gfm-task-list-item
3533 silly ADD node_modules/mdast-util-gfm-table
3534 silly ADD node_modules/mdast-util-gfm-strikethrough
3535 silly ADD node_modules/mdast-util-gfm-footnote
3536 silly ADD node_modules/mdast-util-gfm-autolink-literal
3537 silly ADD node_modules/mdast-util-from-markdown
3538 silly ADD node_modules/remark-stringify
3539 silly ADD node_modules/micromark-extension-gfm
3540 silly ADD node_modules/mdast-util-gfm
3541 silly ADD node_modules/stringify-entities
3542 silly ADD node_modules/hast-util-whitespace
3543 silly ADD node_modules/ccount
3544 silly ADD node_modules/hast-util-to-html
3545 silly ADD node_modules/micromark-util-types
3546 silly ADD node_modules/micromark-util-symbol
3547 silly ADD node_modules/micromark-util-encode
3548 silly ADD node_modules/micromark-util-character
3549 silly ADD node_modules/trim-lines
3550 silly ADD node_modules/micromark-util-sanitize-uri
3551 silly ADD node_modules/zwitch
3552 silly ADD node_modules/unist-util-position
3553 silly ADD node_modules/mdast-util-to-hast
3554 silly ADD node_modules/html-void-elements
3555 silly ADD node_modules/hast-util-to-parse5
3556 silly ADD node_modules/@ungap/structured-clone
3557 silly ADD node_modules/hast-util-raw
3558 silly ADD node_modules/rehype-parse
3559 silly ADD node_modules/sisteransi
3560 silly ADD node_modules/kleur
3561 silly ADD node_modules/playwright-core
3562 silly ADD
3563 silly ADD node_modules/entities
3564 silly ADD node_modules/p-timeout
3565 silly ADD node_modules/eventemitter3
3566 silly ADD node_modules/yocto-queue
3567 silly ADD node_modules/@types/mdast
3568 silly ADD node_modules/@babel/helper-validator-identifier
3569 silly ADD node_modules/@babel/helper-string-parser
3570 silly ADD node_modules/@babel/types
3571 silly ADD node_modules/@babel/parser
3572 silly ADD node_modules/lightningcss-win32-x64-msvc
3573 silly ADD
3574 silly ADD
3575 silly ADD
3576 silly ADD
3577 silly ADD
3578 silly ADD
3579 silly ADD
3580 silly ADD
3581 silly ADD
3582 silly ADD
3583 silly ADD node_modules/detect-libc
3584 silly ADD node_modules/argparse
3585 silly ADD node_modules/is-inside-container
3586 silly ADD node_modules/space-separated-tokens
3587 silly ADD node_modules/hast-util-parse-selector
3588 silly ADD node_modules/comma-separated-tokens
3589 silly ADD node_modules/unist-util-find-after
3590 silly ADD node_modules/hast-util-is-element
3591 silly ADD node_modules/web-namespaces
3592 silly ADD node_modules/vfile-location
3593 silly ADD node_modules/property-information
3594 silly ADD node_modules/hastscript
3595 silly ADD node_modules/dequal
3596 silly ADD node_modules/@types/unist
3597 silly ADD node_modules/vfile-message
3598 silly ADD node_modules/parse5
3599 silly ADD node_modules/hast-util-from-parse5
3600 silly ADD node_modules/devlop
3601 silly ADD node_modules/@types/hast
3602 silly ADD node_modules/tiny-inflate
3603 silly ADD node_modules/@esbuild/win32-x64
3604 silly ADD
3605 silly ADD
3606 silly ADD
3607 silly ADD
3608 silly ADD
3609 silly ADD
3610 silly ADD
3611 silly ADD
3612 silly ADD
3613 silly ADD
3614 silly ADD
3615 silly ADD
3616 silly ADD
3617 silly ADD
3618 silly ADD
3619 silly ADD
3620 silly ADD
3621 silly ADD
3622 silly ADD
3623 silly ADD
3624 silly ADD
3625 silly ADD
3626 silly ADD
3627 silly ADD
3628 silly ADD
3629 silly ADD node_modules/tapable
3630 silly ADD node_modules/graceful-fs
3631 silly ADD node_modules/base-64
3632 silly ADD node_modules/ms
3633 silly ADD node_modules/wrap-ansi
3634 silly ADD node_modules/widest-line
3635 silly ADD node_modules/type-fest
3636 silly ADD node_modules/string-width
3637 silly ADD node_modules/cli-boxes
3638 silly ADD node_modules/chalk
3639 silly ADD node_modules/camelcase
3640 silly ADD node_modules/ansi-align
3641 silly ADD node_modules/ansi-align/node_modules/ansi-regex
3642 silly ADD node_modules/ansi-align/node_modules/strip-ansi
3643 silly ADD node_modules/ansi-align/node_modules/emoji-regex
3644 silly ADD node_modules/ansi-align/node_modules/string-width
3645 silly ADD node_modules/@types/estree
3646 silly ADD node_modules/fontkitten
3647 silly ADD node_modules/which-pm-runs
3648 silly ADD node_modules/is-wsl
3649 silly ADD node_modules/is-docker
3650 silly ADD node_modules/prismjs
3651 silly ADD node_modules/unist-util-visit-parents
3652 silly ADD node_modules/unist-util-remove-position
3653 silly ADD node_modules/unified
3654 silly ADD node_modules/remark-smartypants
3655 silly ADD node_modules/remark-rehype
3656 silly ADD node_modules/remark-parse
3657 silly ADD node_modules/remark-gfm
3658 silly ADD node_modules/rehype-stringify
3659 silly ADD node_modules/rehype-raw
3660 silly ADD node_modules/mdast-util-definitions
3661 silly ADD node_modules/hast-util-to-text
3662 silly ADD node_modules/hast-util-from-html
3663 silly ADD node_modules/@astrojs/prism
3664 silly ADD node_modules/typescript
3665 silly ADD node_modules/zod-to-json-schema
3666 silly ADD node_modules/yocto-spinner
3667 silly ADD node_modules/yargs-parser
3668 silly ADD node_modules/xxhash-wasm
3669 silly ADD node_modules/vitefu
3670 silly ADD node_modules/vfile
3671 silly ADD node_modules/unstorage
3672 silly ADD node_modules/unist-util-visit
3673 silly ADD node_modules/unifont
3674 silly ADD node_modules/ultrahtml
3675 silly ADD node_modules/tsconfck
3676 silly ADD node_modules/tinyglobby
3677 silly ADD node_modules/tinyexec
3678 silly ADD node_modules/svgo
3679 silly ADD node_modules/smol-toml
3680 silly ADD node_modules/shiki
3681 silly ADD node_modules/sharp
3682 silly ADD node_modules/semver
3683 silly ADD node_modules/rehype
3684 silly ADD node_modules/prompts
3685 silly ADD node_modules/picomatch
3686 silly ADD node_modules/piccolore
3687 silly ADD node_modules/package-manager-detector
3688 silly ADD node_modules/p-queue
3689 silly ADD node_modules/p-limit
3690 silly ADD node_modules/neotraverse
3691 silly ADD node_modules/mrmime
3692 silly ADD node_modules/magicast
3693 silly ADD node_modules/js-yaml
3694 silly ADD node_modules/import-meta-resolve
3695 silly ADD node_modules/http-cache-semantics
3696 silly ADD node_modules/html-escaper
3697 silly ADD node_modules/github-slugger
3698 silly ADD node_modules/fontace
3699 silly ADD node_modules/flattie
3700 silly ADD node_modules/estree-walker
3701 silly ADD node_modules/esbuild
3702 silly ADD node_modules/es-module-lexer
3703 silly ADD node_modules/dset
3704 silly ADD node_modules/dlv
3705 silly ADD node_modules/diff
3706 silly ADD node_modules/devalue
3707 silly ADD node_modules/deterministic-object-hash
3708 silly ADD node_modules/debug
3709 silly ADD node_modules/cssesc
3710 silly ADD node_modules/cookie
3711 silly ADD node_modules/common-ancestor-path
3712 silly ADD node_modules/clsx
3713 silly ADD node_modules/ci-info
3714 silly ADD node_modules/boxen
3715 silly ADD node_modules/axobject-query
3716 silly ADD node_modules/aria-query
3717 silly ADD node_modules/acorn
3718 silly ADD node_modules/@rollup/pluginutils
3719 silly ADD node_modules/@rollup/pluginutils/node_modules/estree-walker
3720 silly ADD node_modules/@oslojs/encoding
3721 silly ADD node_modules/@capsizecss/unpack
3722 silly ADD node_modules/@astrojs/telemetry
3723 silly ADD node_modules/@astrojs/markdown-remark
3724 silly ADD node_modules/@astrojs/internal-helpers
3725 silly ADD node_modules/@astrojs/compiler
3726 silly ADD node_modules/@tailwindcss/oxide-win32-x64-msvc
3727 silly ADD
3728 silly ADD
3729 silly ADD
3730 silly ADD
3731 silly ADD
3732 silly ADD
3733 silly ADD
3734 silly ADD
3735 silly ADD
3736 silly ADD
3737 silly ADD
3738 silly ADD node_modules/@jridgewell/resolve-uri
3739 silly ADD node_modules/@jridgewell/sourcemap-codec
3740 silly ADD node_modules/@jridgewell/trace-mapping
3741 silly ADD node_modules/@jridgewell/gen-mapping
3742 silly ADD node_modules/source-map-js
3743 silly ADD node_modules/magic-string
3744 silly ADD node_modules/lightningcss
3745 silly ADD node_modules/jiti
3746 silly ADD node_modules/enhanced-resolve
3747 silly ADD node_modules/@jridgewell/remapping
3748 silly ADD node_modules/@tailwindcss/oxide
3749 silly ADD node_modules/@tailwindcss/node
3750 silly ADD node_modules/zod
3751 silly ADD node_modules/stream-replace-string
3752 silly ADD node_modules/sitemap
3753 silly ADD node_modules/tailwindcss
3754 silly ADD node_modules/playwright
3755 silly ADD node_modules/astro
3756 silly ADD node_modules/astro/node_modules/@esbuild/win32-x64
3757 silly ADD
3758 silly ADD
3759 silly ADD
3760 silly ADD
3761 silly ADD
3762 silly ADD
3763 silly ADD
3764 silly ADD
3765 silly ADD
3766 silly ADD
3767 silly ADD
3768 silly ADD
3769 silly ADD
3770 silly ADD
3771 silly ADD
3772 silly ADD
3773 silly ADD
3774 silly ADD
3775 silly ADD
3776 silly ADD
3777 silly ADD
3778 silly ADD
3779 silly ADD
3780 silly ADD
3781 silly ADD
3782 silly ADD
3783 silly ADD node_modules/astro/node_modules/zod-to-ts
3784 silly ADD node_modules/astro/node_modules/zod
3785 silly ADD node_modules/astro/node_modules/vite
3786 silly ADD node_modules/astro/node_modules/vite/node_modules/esbuild
3787 silly ADD node_modules/vite
3788 silly ADD
3789 silly ADD node_modules/@tailwindcss/vite
3790 silly ADD node_modules/@astrojs/sitemap
3791 verbose cwd C:\Users\Risix\Desktop\Projects\RamirezLandscaping\tmp-lockcheck
3792 verbose os Windows_NT 10.0.26200
3793 verbose node v24.13.0
3794 verbose npm  v10.9.2
3795 verbose exit 0
3796 info ok
